symbol,timestamp,open,high,low,close,volume,last_updated
BNBUSDT,2026-06-24T08:59:59.999000+00:00,576.93000000,578.13000000,576.53000000,577.88000000,3287.13400000,2026-08-04T23:16:05.027211+00:00
BNBUSDT,2026-06-24T09:59:59.999000+00:00,577.89000000,577.89000000,576.07000000,577.01000000,2045.99000000,2026-08-04T23:16:05.027308+00:00
BNBUSDT,2026-06-24T10:59:59.999000+00:00,577.00000000,577.05000000,575.22000000,575.52000000,3447.24000000,2026-08-04T23:16:05.027364+00:00
BNBUSDT,2026-06-24T11:59:59.999000+00:00,575.53000000,582.21000000,573.84000000,579.79000000,5068.22200000,2026-08-04T23:16:05.027416+00:00
BNBUSDT,2026-06-24T12:59:59.999000+00:00,579.79000000,580.33000000,576.54000000,576.75000000,4607.77300000,2026-08-04T23:16:05.027468+00:00
BNBUSDT,2026-06-24T13:59:59.999000+00:00,576.75000000,576.97000000,568.29000000,570.11000000,15787.25800000,2026-08-04T23:16:05.027516+00:00
BNBUSDT,2026-06-24T14:59:59.999000+00:00,570.14000000,571.76000000,567.59000000,570.45000000,9240.69300000,2026-08-04T23:16:05.027561+00:00
BNBUSDT,2026-06-24T15:59:59.999000+00:00,570.46000000,570.46000000,561.02000000,561.41000000,13788.59400000,2026-08-04T23:16:05.027604+00:00
BNBUSDT,2026-06-24T16:59:59.999000+00:00,561.40000000,563.79000000,552.00000000,554.75000000,24694.07400000,2026-08-04T23:16:05.027646+00:00
BNBUSDT,2026-06-24T17:59:59.999000+00:00,554.74000000,557.15000000,546.60000000,549.04000000,26835.27800000,2026-08-04T23:16:05.027689+00:00
BNBUSDT,2026-06-24T18:59:59.999000+00:00,549.05000000,556.00000000,548.14000000,553.59000000,8267.77900000,2026-08-04T23:16:05.027731+00:00
BNBUSDT,2026-06-24T19:59:59.999000+00:00,553.60000000,555.61000000,552.25000000,555.57000000,3791.25300000,2026-08-04T23:16:05.027772+00:00
BNBUSDT,2026-06-24T20:59:59.999000+00:00,555.57000000,564.61000000,554.67000000,563.20000000,10971.39600000,2026-08-04T23:16:05.027813+00:00
BNBUSDT,2026-06-24T21:59:59.999000+00:00,563.22000000,564.24000000,559.94000000,564.21000000,3833.83500000,2026-08-04T23:16:05.027854+00:00
BNBUSDT,2026-06-24T22:59:59.999000+00:00,564.21000000,566.26000000,562.92000000,563.35000000,4982.78600000,2026-08-04T23:16:05.027897+00:00
BNBUSDT,2026-06-24T23:59:59.999000+00:00,563.35000000,565.00000000,562.73000000,564.67000000,3062.09600000,2026-08-04T23:16:05.027938+00:00
BNBUSDT,2026-06-25T00:59:59.999000+00:00,564.66000000,565.98000000,563.09000000,564.05000000,3609.00300000,2026-08-04T23:16:05.027978+00:00
BNBUSDT,2026-06-25T01:59:59.999000+00:00,564.05000000,566.76000000,563.48000000,566.21000000,2442.14100000,2026-08-04T23:16:05.028018+00:00
BNBUSDT,2026-06-25T02:59:59.999000+00:00,566.20000000,567.11000000,565.32000000,565.82000000,3485.97900000,2026-08-04T23:16:05.028058+00:00
BNBUSDT,2026-06-25T03:59:59.999000+00:00,565.81000000,566.91000000,564.56000000,565.79000000,2178.24100000,2026-08-04T23:16:05.028099+00:00
BNBUSDT,2026-06-25T04:59:59.999000+00:00,565.78000000,568.96000000,563.79000000,568.46000000,2922.78500000,2026-08-04T23:16:05.028138+00:00
BNBUSDT,2026-06-25T05:59:59.999000+00:00,568.46000000,571.18000000,567.98000000,570.19000000,9522.89400000,2026-08-04T23:16:05.028177+00:00
BNBUSDT,2026-06-25T06:59:59.999000+00:00,570.19000000,572.72000000,570.18000000,571.30000000,4083.87800000,2026-08-04T23:16:05.028216+00:00
BNBUSDT,2026-06-25T07:59:59.999000+00:00,571.31000000,572.06000000,569.88000000,570.47000000,3701.72400000,2026-08-04T23:16:05.028255+00:00
BNBUSDT,2026-06-25T08:59:59.999000+00:00,570.47000000,570.61000000,568.99000000,569.56000000,4649.17300000,2026-08-04T23:16:05.028295+00:00
BNBUSDT,2026-06-25T09:59:59.999000+00:00,569.56000000,570.29000000,568.31000000,568.68000000,5185.72300000,2026-08-04T23:16:05.028334+00:00
BNBUSDT,2026-06-25T10:59:59.999000+00:00,568.67000000,568.87000000,562.44000000,563.70000000,5714.04600000,2026-08-04T23:16:05.028374+00:00
BNBUSDT,2026-06-25T11:59:59.999000+00:00,563.71000000,564.25000000,560.46000000,562.70000000,5992.07500000,2026-08-04T23:16:05.028413+00:00
BNBUSDT,2026-06-25T12:59:59.999000+00:00,562.71000000,566.90000000,561.07000000,563.06000000,6658.66700000,2026-08-04T23:16:05.028451+00:00
BNBUSDT,2026-06-25T13:59:59.999000+00:00,563.06000000,568.58000000,540.60000000,542.20000000,29723.13000000,2026-08-04T23:16:05.028529+00:00
BNBUSDT,2026-06-25T14:59:59.999000+00:00,542.20000000,559.47000000,542.20000000,553.16000000,30936.51500000,2026-08-04T23:16:05.028571+00:00
BNBUSDT,2026-06-25T15:59:59.999000+00:00,553.16000000,554.56000000,548.24000000,554.04000000,9318.82500000,2026-08-04T23:16:05.028612+00:00
BNBUSDT,2026-06-25T16:59:59.999000+00:00,554.04000000,557.35000000,552.46000000,554.17000000,4781.41900000,2026-08-04T23:16:05.028652+00:00
BNBUSDT,2026-06-25T17:59:59.999000+00:00,554.17000000,559.63000000,553.23000000,559.63000000,3899.46700000,2026-08-04T23:16:05.028693+00:00
BNBUSDT,2026-06-25T18:59:59.999000+00:00,559.63000000,560.24000000,554.72000000,555.52000000,4765.99400000,2026-08-04T23:16:05.028734+00:00
BNBUSDT,2026-06-25T19:59:59.999000+00:00,555.52000000,555.54000000,552.55000000,554.27000000,2473.80600000,2026-08-04T23:16:05.028776+00:00
BNBUSDT,2026-06-25T20:59:59.999000+00:00,554.28000000,557.20000000,554.27000000,555.47000000,2064.45700000,2026-08-04T23:16:05.028817+00:00
BNBUSDT,2026-06-25T21:59:59.999000+00:00,555.46000000,561.63000000,555.42000000,561.41000000,2718.75100000,2026-08-04T23:16:05.028857+00:00
BNBUSDT,2026-06-25T22:59:59.999000+00:00,561.40000000,561.40000000,559.51000000,560.37000000,2666.30600000,2026-08-04T23:16:05.028898+00:00
BNBUSDT,2026-06-25T23:59:59.999000+00:00,560.37000000,563.00000000,559.27000000,560.62000000,2772.91700000,2026-08-04T23:16:05.028939+00:00
BNBUSDT,2026-06-26T00:59:59.999000+00:00,560.63000000,564.98000000,559.60000000,560.80000000,13649.18700000,2026-08-04T23:16:05.028980+00:00
BNBUSDT,2026-06-26T01:59:59.999000+00:00,560.80000000,561.49000000,557.03000000,558.53000000,3799.22400000,2026-08-04T23:16:05.029020+00:00
BNBUSDT,2026-06-26T02:59:59.999000+00:00,558.53000000,558.63000000,550.37000000,552.43000000,12133.47400000,2026-08-04T23:16:05.029060+00:00
BNBUSDT,2026-06-26T03:59:59.999000+00:00,552.44000000,563.63000000,551.01000000,562.99000000,9672.76000000,2026-08-04T23:16:05.029101+00:00
BNBUSDT,2026-06-26T04:59:59.999000+00:00,562.99000000,563.31000000,559.52000000,560.28000000,5299.19800000,2026-08-04T23:16:05.029141+00:00
BNBUSDT,2026-06-26T05:59:59.999000+00:00,560.29000000,561.83000000,559.19000000,561.09000000,6750.55900000,2026-08-04T23:16:05.029181+00:00
BNBUSDT,2026-06-26T06:59:59.999000+00:00,561.10000000,565.32000000,559.04000000,564.14000000,6738.74100000,2026-08-04T23:16:05.029222+00:00
BNBUSDT,2026-06-26T07:59:59.999000+00:00,564.14000000,570.34000000,564.10000000,569.48000000,11913.63600000,2026-08-04T23:16:05.029262+00:00
BNBUSDT,2026-06-26T08:59:59.999000+00:00,569.49000000,569.96000000,566.70000000,568.58000000,6891.74300000,2026-08-04T23:16:05.029302+00:00
BNBUSDT,2026-06-26T09:59:59.999000+00:00,568.58000000,568.68000000,563.43000000,564.21000000,8875.51600000,2026-08-04T23:16:05.029343+00:00
BNBUSDT,2026-06-26T10:59:59.999000+00:00,564.21000000,566.49000000,563.03000000,564.17000000,9495.74000000,2026-08-04T23:16:05.029383+00:00
BNBUSDT,2026-06-26T11:59:59.999000+00:00,564.16000000,565.64000000,558.82000000,558.99000000,11503.36800000,2026-08-04T23:16:05.029423+00:00
BNBUSDT,2026-06-26T12:59:59.999000+00:00,558.99000000,561.41000000,554.36000000,556.27000000,18016.88100000,2026-08-04T23:16:05.029463+00:00
BNBUSDT,2026-06-26T13:59:59.999000+00:00,556.27000000,564.21000000,551.92000000,563.88000000,11062.19600000,2026-08-04T23:16:05.029503+00:00
BNBUSDT,2026-06-26T14:59:59.999000+00:00,563.90000000,564.90000000,559.15000000,559.80000000,12443.80500000,2026-08-04T23:16:05.029544+00:00
BNBUSDT,2026-06-26T15:59:59.999000+00:00,559.81000000,567.20000000,559.60000000,565.28000000,9102.19200000,2026-08-04T23:16:05.029584+00:00
BNBUSDT,2026-06-26T16:59:59.999000+00:00,565.28000000,568.98000000,562.77000000,566.83000000,9004.92100000,2026-08-04T23:16:05.029624+00:00
BNBUSDT,2026-06-26T17:59:59.999000+00:00,566.83000000,568.32000000,566.21000000,567.45000000,4057.05500000,2026-08-04T23:16:05.029665+00:00
BNBUSDT,2026-06-26T18:59:59.999000+00:00,567.45000000,568.57000000,564.80000000,565.30000000,3331.00100000,2026-08-04T23:16:05.029705+00:00
BNBUSDT,2026-06-26T19:59:59.999000+00:00,565.30000000,568.68000000,564.85000000,565.82000000,3773.22400000,2026-08-04T23:16:05.029777+00:00
BNBUSDT,2026-06-26T20:59:59.999000+00:00,565.85000000,568.59000000,564.63000000,565.05000000,2871.73300000,2026-08-04T23:16:05.029820+00:00
BNBUSDT,2026-06-26T21:59:59.999000+00:00,565.06000000,568.26000000,564.46000000,568.00000000,2166.12700000,2026-08-04T23:16:05.029862+00:00
BNBUSDT,2026-06-26T22:59:59.999000+00:00,568.01000000,568.50000000,565.72000000,568.23000000,2153.75900000,2026-08-04T23:16:05.029904+00:00
BNBUSDT,2026-06-26T23:59:59.999000+00:00,568.23000000,568.68000000,567.12000000,567.64000000,1497.36700000,2026-08-04T23:16:05.029947+00:00
BNBUSDT,2026-06-27T00:59:59.999000+00:00,567.65000000,568.66000000,565.80000000,567.72000000,1909.33700000,2026-08-04T23:16:05.029990+00:00
BNBUSDT,2026-06-27T01:59:59.999000+00:00,567.72000000,567.75000000,565.62000000,565.76000000,1666.71900000,2026-08-04T23:16:05.030032+00:00
BNBUSDT,2026-06-27T02:59:59.999000+00:00,565.75000000,568.44000000,565.23000000,567.88000000,4020.27400000,2026-08-04T23:16:05.030074+00:00
BNBUSDT,2026-06-27T03:59:59.999000+00:00,567.87000000,568.12000000,566.04000000,566.96000000,3071.85800000,2026-08-04T23:16:05.030116+00:00
BNBUSDT,2026-06-27T04:59:59.999000+00:00,566.96000000,567.95000000,564.34000000,564.54000000,3183.32600000,2026-08-04T23:16:05.030158+00:00
BNBUSDT,2026-06-27T05:59:59.999000+00:00,564.54000000,566.34000000,563.93000000,565.46000000,6619.12800000,2026-08-04T23:16:05.030200+00:00
BNBUSDT,2026-06-27T06:59:59.999000+00:00,565.45000000,566.70000000,564.41000000,565.43000000,2889.80300000,2026-08-04T23:16:05.030242+00:00
BNBUSDT,2026-06-27T07:59:59.999000+00:00,565.43000000,565.78000000,564.93000000,565.53000000,3093.82600000,2026-08-04T23:16:05.030283+00:00
BNBUSDT,2026-06-27T08:59:59.999000+00:00,565.53000000,565.72000000,564.30000000,565.41000000,4964.33000000,2026-08-04T23:16:05.030325+00:00
BNBUSDT,2026-06-27T09:59:59.999000+00:00,565.40000000,565.69000000,564.17000000,564.63000000,2268.18800000,2026-08-04T23:16:05.030367+00:00
BNBUSDT,2026-06-27T10:59:59.999000+00:00,564.62000000,564.77000000,563.63000000,564.64000000,3828.93100000,2026-08-04T23:16:05.030409+00:00
BNBUSDT,2026-06-27T11:59:59.999000+00:00,564.64000000,564.69000000,562.53000000,563.16000000,2146.58600000,2026-08-04T23:16:05.030451+00:00
BNBUSDT,2026-06-27T12:59:59.999000+00:00,563.16000000,564.67000000,562.47000000,564.30000000,1869.39800000,2026-08-04T23:16:05.030493+00:00
BNBUSDT,2026-06-27T13:59:59.999000+00:00,564.29000000,565.49000000,563.68000000,564.18000000,3913.19800000,2026-08-04T23:16:05.030535+00:00
BNBUSDT,2026-06-27T14:59:59.999000+00:00,564.18000000,565.29000000,563.18000000,564.50000000,3631.45600000,2026-08-04T23:16:05.030577+00:00
BNBUSDT,2026-06-27T15:59:59.999000+00:00,564.50000000,567.04000000,564.22000000,565.46000000,5628.72900000,2026-08-04T23:16:05.030619+00:00
BNBUSDT,2026-06-27T16:59:59.999000+00:00,565.47000000,566.60000000,565.00000000,566.51000000,2922.63900000,2026-08-04T23:16:05.030665+00:00
BNBUSDT,2026-06-27T17:59:59.999000+00:00,566.50000000,566.76000000,563.29000000,563.30000000,3819.05900000,2026-08-04T23:16:05.030904+00:00
BNBUSDT,2026-06-27T18:59:59.999000+00:00,563.30000000,563.51000000,561.80000000,562.24000000,2163.07400000,2026-08-04T23:16:05.030986+00:00
BNBUSDT,2026-06-27T19:59:59.999000+00:00,562.24000000,562.90000000,557.95000000,559.12000000,3238.30100000,2026-08-04T23:16:05.031046+00:00
BNBUSDT,2026-06-27T20:59:59.999000+00:00,559.11000000,559.99000000,559.03000000,559.73000000,2017.97100000,2026-08-04T23:16:05.031100+00:00
BNBUSDT,2026-06-27T21:59:59.999000+00:00,559.75000000,563.28000000,556.25000000,557.41000000,5795.87000000,2026-08-04T23:16:05.031153+00:00
BNBUSDT,2026-06-27T22:59:59.999000+00:00,557.40000000,559.07000000,554.53000000,559.00000000,5627.36100000,2026-08-04T23:16:05.031202+00:00
BNBUSDT,2026-06-27T23:59:59.999000+00:00,558.99000000,559.12000000,556.98000000,557.20000000,1122.54800000,2026-08-04T23:16:05.031249+00:00
BNBUSDT,2026-06-28T00:59:59.999000+00:00,557.19000000,558.48000000,556.85000000,557.87000000,1728.57000000,2026-08-04T23:16:05.031329+00:00
BNBUSDT,2026-06-28T01:59:59.999000+00:00,557.88000000,558.31000000,556.46000000,558.03000000,1371.05800000,2026-08-04T23:16:05.031376+00:00
BNBUSDT,2026-06-28T02:59:59.999000+00:00,558.03000000,558.80000000,556.78000000,557.57000000,1711.57000000,2026-08-04T23:16:05.031425+00:00
BNBUSDT,2026-06-28T03:59:59.999000+00:00,557.56000000,558.85000000,557.56000000,558.74000000,1056.06400000,2026-08-04T23:16:05.031471+00:00
BNBUSDT,2026-06-28T04:59:59.999000+00:00,558.74000000,558.74000000,556.78000000,556.92000000,1374.68100000,2026-08-04T23:16:05.031516+00:00
BNBUSDT,2026-06-28T05:59:59.999000+00:00,556.92000000,557.30000000,554.66000000,556.05000000,2517.44000000,2026-08-04T23:16:05.031561+00:00
BNBUSDT,2026-06-28T06:59:59.999000+00:00,556.06000000,556.37000000,554.03000000,554.94000000,2802.62400000,2026-08-04T23:16:05.031605+00:00
BNBUSDT,2026-06-28T07:59:59.999000+00:00,554.94000000,556.80000000,554.93000000,556.45000000,2072.33300000,2026-08-04T23:16:05.031652+00:00
BNBUSDT,2026-06-28T08:59:59.999000+00:00,556.46000000,558.89000000,555.30000000,557.37000000,2768.92400000,2026-08-04T23:16:05.031696+00:00
BNBUSDT,2026-06-28T09:59:59.999000+00:00,557.40000000,558.03000000,555.16000000,555.25000000,3901.51000000,2026-08-04T23:16:05.031739+00:00
BNBUSDT,2026-06-28T10:59:59.999000+00:00,555.26000000,556.24000000,554.35000000,555.16000000,2385.57900000,2026-08-04T23:16:05.031783+00:00
BNBUSDT,2026-06-28T11:59:59.999000+00:00,555.17000000,557.41000000,555.02000000,557.29000000,5715.84300000,2026-08-04T23:16:05.031826+00:00
BNBUSDT,2026-06-28T12:59:59.999000+00:00,557.29000000,558.00000000,555.50000000,556.63000000,2741.00000000,2026-08-04T23:16:05.031869+00:00
BNBUSDT,2026-06-28T13:59:59.999000+00:00,556.63000000,556.71000000,554.14000000,555.28000000,2921.33200000,2026-08-04T23:16:05.031913+00:00
BNBUSDT,2026-06-28T14:59:59.999000+00:00,555.28000000,557.09000000,554.94000000,554.95000000,2670.95600000,2026-08-04T23:16:05.031956+00:00
BNBUSDT,2026-06-28T15:59:59.999000+00:00,554.95000000,556.09000000,553.80000000,554.55000000,2687.26400000,2026-08-04T23:16:05.031999+00:00
BNBUSDT,2026-06-28T16:59:59.999000+00:00,554.56000000,554.84000000,551.48000000,552.42000000,3221.49500000,2026-08-04T23:16:05.032042+00:00
BNBUSDT,2026-06-28T17:59:59.999000+00:00,552.42000000,553.43000000,550.00000000,551.98000000,3946.31600000,2026-08-04T23:16:05.032085+00:00
BNBUSDT,2026-06-28T18:59:59.999000+00:00,551.98000000,553.94000000,551.32000000,553.86000000,2314.49300000,2026-08-04T23:16:05.032128+00:00
BNBUSDT,2026-06-28T19:59:59.999000+00:00,553.86000000,553.86000000,547.23000000,548.45000000,7821.89700000,2026-08-04T23:16:05.032171+00:00
BNBUSDT,2026-06-28T20:59:59.999000+00:00,548.44000000,555.28000000,548.33000000,550.10000000,9253.37100000,2026-08-04T23:16:05.032213+00:00
BNBUSDT,2026-06-28T21:59:59.999000+00:00,550.10000000,551.67000000,548.44000000,548.94000000,1368.30800000,2026-08-04T23:16:05.032256+00:00
BNBUSDT,2026-06-28T22:59:59.999000+00:00,548.94000000,553.13000000,545.62000000,547.29000000,5020.20600000,2026-08-04T23:16:05.032299+00:00
BNBUSDT,2026-06-28T23:59:59.999000+00:00,547.28000000,553.26000000,546.90000000,551.07000000,3495.02300000,2026-08-04T23:16:05.032342+00:00
BNBUSDT,2026-06-29T00:59:59.999000+00:00,551.07000000,553.09000000,546.67000000,552.84000000,3164.29200000,2026-08-04T23:16:05.032385+00:00
BNBUSDT,2026-06-29T01:59:59.999000+00:00,552.83000000,553.07000000,549.64000000,552.27000000,2362.64800000,2026-08-04T23:16:05.032428+00:00
BNBUSDT,2026-06-29T02:59:59.999000+00:00,552.28000000,554.80000000,547.42000000,553.78000000,3297.47000000,2026-08-04T23:16:05.032471+00:00
BNBUSDT,2026-06-29T03:59:59.999000+00:00,553.78000000,556.69000000,553.55000000,555.19000000,4093.21800000,2026-08-04T23:16:05.032513+00:00
BNBUSDT,2026-06-29T04:59:59.999000+00:00,555.20000000,555.26000000,550.91000000,551.33000000,2640.21200000,2026-08-04T23:16:05.032556+00:00
BNBUSDT,2026-06-29T05:59:59.999000+00:00,551.33000000,553.33000000,548.37000000,553.33000000,3819.27900000,2026-08-04T23:16:05.032625+00:00
BNBUSDT,2026-06-29T06:59:59.999000+00:00,553.33000000,555.53000000,553.01000000,554.00000000,4337.85700000,2026-08-04T23:16:05.032665+00:00
BNBUSDT,2026-06-29T07:59:59.999000+00:00,554.00000000,554.66000000,552.73000000,553.60000000,3558.86300000,2026-08-04T23:16:05.032704+00:00
BNBUSDT,2026-06-29T08:59:59.999000+00:00,553.60000000,554.48000000,551.52000000,552.94000000,4013.76200000,2026-08-04T23:16:05.032744+00:00
BNBUSDT,2026-06-29T09:59:59.999000+00:00,552.95000000,554.62000000,552.32000000,553.60000000,5032.16300000,2026-08-04T23:16:05.032784+00:00
BNBUSDT,2026-06-29T10:59:59.999000+00:00,553.59000000,555.78000000,553.51000000,553.80000000,3512.01300000,2026-08-04T23:16:05.032823+00:00
BNBUSDT,2026-06-29T11:59:59.999000+00:00,553.81000000,554.69000000,550.51000000,551.87000000,3898.73400000,2026-08-04T23:16:05.032861+00:00
BNBUSDT,2026-06-29T12:59:59.999000+00:00,551.86000000,558.42000000,549.68000000,553.30000000,7307.81300000,2026-08-04T23:16:05.032900+00:00
BNBUSDT,2026-06-29T13:59:59.999000+00:00,553.30000000,555.94000000,549.00000000,550.70000000,7584.57400000,2026-08-04T23:16:05.032938+00:00
BNBUSDT,2026-06-29T14:59:59.999000+00:00,550.71000000,552.04000000,546.17000000,550.98000000,7730.21100000,2026-08-04T23:16:05.032977+00:00
BNBUSDT,2026-06-29T15:59:59.999000+00:00,551.00000000,552.62000000,547.50000000,551.97000000,4146.02300000,2026-08-04T23:16:05.033016+00:00
BNBUSDT,2026-06-29T16:59:59.999000+00:00,551.97000000,559.04000000,550.34000000,556.15000000,14936.30700000,2026-08-04T23:16:05.033054+00:00
BNBUSDT,2026-06-29T17:59:59.999000+00:00,556.15000000,562.96000000,556.05000000,561.12000000,7657.34800000,2026-08-04T23:16:05.033093+00:00
BNBUSDT,2026-06-29T18:59:59.999000+00:00,561.13000000,562.40000000,560.34000000,561.14000000,2710.69200000,2026-08-04T23:16:05.033132+00:00
BNBUSDT,2026-06-29T19:59:59.999000+00:00,561.14000000,563.16000000,559.94000000,561.78000000,3657.28700000,2026-08-04T23:16:05.033171+00:00
BNBUSDT,2026-06-29T20:59:59.999000+00:00,561.78000000,562.21000000,559.98000000,560.08000000,1845.76500000,2026-08-04T23:16:05.033210+00:00
BNBUSDT,2026-06-29T21:59:59.999000+00:00,560.08000000,561.84000000,559.42000000,561.20000000,2031.71000000,2026-08-04T23:16:05.033248+00:00
BNBUSDT,2026-06-29T22:59:59.999000+00:00,561.20000000,561.88000000,560.01000000,560.12000000,1398.13000000,2026-08-04T23:16:05.033287+00:00
BNBUSDT,2026-06-29T23:59:59.999000+00:00,560.12000000,560.55000000,559.28000000,559.52000000,1057.75300000,2026-08-04T23:16:05.033325+00:00
BNBUSDT,2026-06-30T00:59:59.999000+00:00,559.51000000,560.40000000,555.27000000,555.71000000,2840.08300000,2026-08-04T23:16:05.033363+00:00
BNBUSDT,2026-06-30T01:59:59.999000+00:00,555.72000000,557.16000000,555.00000000,555.80000000,2265.45000000,2026-08-04T23:16:05.033401+00:00
BNBUSDT,2026-06-30T02:59:59.999000+00:00,555.80000000,557.38000000,554.53000000,556.59000000,2167.56800000,2026-08-04T23:16:05.033439+00:00
BNBUSDT,2026-06-30T03:59:59.999000+00:00,556.59000000,556.91000000,553.76000000,553.77000000,6410.79200000,2026-08-04T23:16:05.033478+00:00
BNBUSDT,2026-06-30T04:59:59.999000+00:00,553.76000000,554.73000000,551.62000000,553.17000000,3679.17300000,2026-08-04T23:16:05.033516+00:00
BNBUSDT,2026-06-30T05:59:59.999000+00:00,553.17000000,554.14000000,552.00000000,554.12000000,4697.82300000,2026-08-04T23:16:05.033555+00:00
BNBUSDT,2026-06-30T06:59:59.999000+00:00,554.13000000,554.19000000,552.48000000,553.30000000,2113.61200000,2026-08-04T23:16:05.033593+00:00
BNBUSDT,2026-06-30T07:59:59.999000+00:00,553.31000000,553.59000000,551.83000000,552.42000000,2549.11600000,2026-08-04T23:16:05.033632+00:00
BNBUSDT,2026-06-30T08:59:59.999000+00:00,552.42000000,553.06000000,549.53000000,550.16000000,5435.18300000,2026-08-04T23:16:05.033670+00:00
BNBUSDT,2026-06-30T09:59:59.999000+00:00,550.16000000,551.37000000,549.14000000,549.83000000,9552.21800000,2026-08-04T23:16:05.033708+00:00
BNBUSDT,2026-06-30T10:59:59.999000+00:00,549.83000000,550.60000000,549.16000000,549.45000000,4257.42400000,2026-08-04T23:16:05.033773+00:00
BNBUSDT,2026-06-30T11:59:59.999000+00:00,549.44000000,549.60000000,547.00000000,547.70000000,4055.73200000,2026-08-04T23:16:05.033809+00:00
BNBUSDT,2026-06-30T12:59:59.999000+00:00,547.71000000,547.77000000,543.79000000,543.80000000,10641.24900000,2026-08-04T23:16:05.033845+00:00
BNBUSDT,2026-06-30T13:59:59.999000+00:00,543.80000000,548.80000000,543.68000000,548.56000000,7193.05200000,2026-08-04T23:16:05.033881+00:00
BNBUSDT,2026-06-30T14:59:59.999000+00:00,548.56000000,551.56000000,544.94000000,545.57000000,8452.86700000,2026-08-04T23:16:05.033917+00:00
BNBUSDT,2026-06-30T15:59:59.999000+00:00,545.57000000,547.49000000,543.68000000,544.96000000,5562.83100000,2026-08-04T23:16:05.033981+00:00
BNBUSDT,2026-06-30T16:59:59.999000+00:00,544.96000000,547.94000000,544.86000000,546.76000000,4532.84400000,2026-08-04T23:16:05.034069+00:00
BNBUSDT,2026-06-30T17:59:59.999000+00:00,546.76000000,548.66000000,545.87000000,546.82000000,3421.89100000,2026-08-04T23:16:05.034132+00:00
BNBUSDT,2026-06-30T18:59:59.999000+00:00,546.83000000,548.55000000,545.52000000,546.94000000,2938.03300000,2026-08-04T23:16:05.034185+00:00
BNBUSDT,2026-06-30T19:59:59.999000+00:00,546.94000000,547.92000000,545.88000000,547.40000000,1845.96000000,2026-08-04T23:16:05.034233+00:00
BNBUSDT,2026-06-30T20:59:59.999000+00:00,547.38000000,547.70000000,545.22000000,545.52000000,3762.48500000,2026-08-04T23:16:05.034278+00:00
BNBUSDT,2026-06-30T21:59:59.999000+00:00,545.52000000,545.82000000,544.13000000,545.02000000,2952.69600000,2026-08-04T23:16:05.034323+00:00
BNBUSDT,2026-06-30T22:59:59.999000+00:00,545.03000000,545.97000000,544.41000000,544.87000000,3294.81600000,2026-08-04T23:16:05.034367+00:00
BNBUSDT,2026-06-30T23:59:59.999000+00:00,544.87000000,546.80000000,544.85000000,546.52000000,1692.62200000,2026-08-04T23:16:05.034412+00:00
BNBUSDT,2026-07-01T00:59:59.999000+00:00,546.52000000,548.56000000,545.25000000,547.86000000,5761.52100000,2026-08-04T23:16:05.034455+00:00
BNBUSDT,2026-07-01T01:59:59.999000+00:00,547.87000000,549.76000000,540.00000000,547.85000000,10504.27000000,2026-08-04T23:16:05.034497+00:00
BNBUSDT,2026-07-01T02:59:59.999000+00:00,547.85000000,550.50000000,547.12000000,549.78000000,5945.62300000,2026-08-04T23:16:05.034539+00:00
BNBUSDT,2026-07-01T03:59:59.999000+00:00,549.78000000,552.83000000,548.73000000,551.52000000,4062.82700000,2026-08-04T23:16:05.034598+00:00
BNBUSDT,2026-07-01T04:59:59.999000+00:00,551.52000000,552.65000000,550.67000000,551.09000000,4767.39900000,2026-08-04T23:16:05.034645+00:00
BNBUSDT,2026-07-01T05:59:59.999000+00:00,551.09000000,551.64000000,549.81000000,551.01000000,2970.73600000,2026-08-04T23:16:05.034684+00:00
BNBUSDT,2026-07-01T06:59:59.999000+00:00,551.01000000,551.12000000,545.08000000,545.91000000,5155.97000000,2026-08-04T23:16:05.034721+00:00
BNBUSDT,2026-07-01T07:59:59.999000+00:00,545.92000000,547.74000000,545.22000000,546.89000000,3091.27600000,2026-08-04T23:16:05.034758+00:00
BNBUSDT,2026-07-01T08:59:59.999000+00:00,546.88000000,547.31000000,544.06000000,547.25000000,5693.32800000,2026-08-04T23:16:05.034794+00:00
BNBUSDT,2026-07-01T09:59:59.999000+00:00,547.25000000,547.69000000,544.79000000,545.26000000,5607.39300000,2026-08-04T23:16:05.034831+00:00
BNBUSDT,2026-07-01T10:59:59.999000+00:00,545.26000000,545.73000000,542.00000000,542.21000000,6623.97900000,2026-08-04T23:16:05.034867+00:00
BNBUSDT,2026-07-01T11:59:59.999000+00:00,542.21000000,544.44000000,537.25000000,542.64000000,16438.38800000,2026-08-04T23:16:05.034903+00:00
BNBUSDT,2026-07-01T12:59:59.999000+00:00,542.64000000,543.72000000,541.32000000,542.66000000,4932.40400000,2026-08-04T23:16:05.034940+00:00
BNBUSDT,2026-07-01T13:59:59.999000+00:00,542.65000000,550.74000000,542.65000000,549.13000000,17753.92200000,2026-08-04T23:16:05.034976+00:00
BNBUSDT,2026-07-01T14:59:59.999000+00:00,549.13000000,552.53000000,547.37000000,549.48000000,9010.57400000,2026-08-04T23:16:05.035012+00:00
BNBUSDT,2026-07-01T15:59:59.999000+00:00,549.49000000,555.68000000,549.42000000,554.36000000,12303.44100000,2026-08-04T23:16:05.035047+00:00
BNBUSDT,2026-07-01T16:59:59.999000+00:00,554.36000000,554.96000000,550.79000000,551.66000000,8308.60600000,2026-08-04T23:16:05.035110+00:00
BNBUSDT,2026-07-01T17:59:59.999000+00:00,551.66000000,554.47000000,550.15000000,554.25000000,4932.03600000,2026-08-04T23:16:05.035146+00:00
BNBUSDT,2026-07-01T18:59:59.999000+00:00,554.25000000,554.35000000,552.23000000,552.92000000,4003.51100000,2026-08-04T23:16:05.035182+00:00
BNBUSDT,2026-07-01T19:59:59.999000+00:00,552.92000000,554.02000000,550.43000000,551.25000000,8065.95000000,2026-08-04T23:16:05.035217+00:00
BNBUSDT,2026-07-01T20:59:59.999000+00:00,551.26000000,552.48000000,550.03000000,552.47000000,2024.84200000,2026-08-04T23:16:05.035256+00:00
BNBUSDT,2026-07-01T21:59:59.999000+00:00,552.48000000,557.12000000,552.47000000,556.26000000,5175.65200000,2026-08-04T23:16:05.035292+00:00
BNBUSDT,2026-07-01T22:59:59.999000+00:00,556.25000000,559.55000000,553.20000000,553.70000000,6928.25800000,2026-08-04T23:16:05.035328+00:00
BNBUSDT,2026-07-01T23:59:59.999000+00:00,553.70000000,553.74000000,550.14000000,550.44000000,2011.26600000,2026-08-04T23:16:05.035364+00:00
BNBUSDT,2026-07-02T00:59:59.999000+00:00,550.45000000,550.56000000,546.21000000,547.78000000,3147.81400000,2026-08-04T23:16:05.035400+00:00
BNBUSDT,2026-07-02T01:59:59.999000+00:00,547.79000000,551.84000000,547.74000000,550.44000000,2917.62900000,2026-08-04T23:16:05.035435+00:00
BNBUSDT,2026-07-02T02:59:59.999000+00:00,550.44000000,551.89000000,549.00000000,551.05000000,3494.70300000,2026-08-04T23:16:05.035470+00:00
BNBUSDT,2026-07-02T03:59:59.999000+00:00,551.05000000,561.19000000,550.16000000,556.94000000,13729.15500000,2026-08-04T23:16:05.035508+00:00
BNBUSDT,2026-07-02T04:59:59.999000+00:00,556.93000000,556.93000000,552.80000000,554.33000000,5159.39700000,2026-08-04T23:16:05.035544+00:00
BNBUSDT,2026-07-02T05:59:59.999000+00:00,554.33000000,554.33000000,551.94000000,552.09000000,6769.32800000,2026-08-04T23:16:05.035579+00:00
BNBUSDT,2026-07-02T06:59:59.999000+00:00,552.09000000,552.27000000,549.00000000,549.03000000,5028.41100000,2026-08-04T23:16:05.035615+00:00
BNBUSDT,2026-07-02T07:59:59.999000+00:00,549.03000000,549.99000000,548.74000000,549.40000000,3803.36200000,2026-08-04T23:16:05.035651+00:00
BNBUSDT,2026-07-02T08:59:59.999000+00:00,549.40000000,551.13000000,549.25000000,550.87000000,3646.76500000,2026-08-04T23:16:05.035686+00:00
BNBUSDT,2026-07-02T09:59:59.999000+00:00,550.87000000,555.99000000,550.16000000,554.56000000,7117.47700000,2026-08-04T23:16:05.035722+00:00
BNBUSDT,2026-07-02T10:59:59.999000+00:00,554.56000000,556.83000000,553.87000000,555.95000000,10259.27000000,2026-08-04T23:16:05.035776+00:00
BNBUSDT,2026-07-02T11:59:59.999000+00:00,555.95000000,561.73000000,555.64000000,559.93000000,14037.64000000,2026-08-04T23:16:05.035811+00:00
BNBUSDT,2026-07-02T12:59:59.999000+00:00,559.94000000,563.30000000,559.14000000,563.05000000,9819.10300000,2026-08-04T23:16:05.035847+00:00
BNBUSDT,2026-07-02T13:59:59.999000+00:00,563.05000000,567.17000000,561.49000000,565.15000000,25043.08300000,2026-08-04T23:16:05.035882+00:00
BNBUSDT,2026-07-02T14:59:59.999000+00:00,565.15000000,566.41000000,560.02000000,561.99000000,10739.77200000,2026-08-04T23:16:05.035917+00:00
BNBUSDT,2026-07-02T15:59:59.999000+00:00,562.00000000,563.55000000,560.33000000,562.54000000,3629.86000000,2026-08-04T23:16:05.035952+00:00
BNBUSDT,2026-07-02T16:59:59.999000+00:00,562.54000000,564.16000000,559.44000000,561.89000000,4014.23800000,2026-08-04T23:16:05.035988+00:00
BNBUSDT,2026-07-02T17:59:59.999000+00:00,561.89000000,563.59000000,559.87000000,560.68000000,5678.45700000,2026-08-04T23:16:05.036024+00:00
BNBUSDT,2026-07-02T18:59:59.999000+00:00,560.69000000,561.82000000,559.88000000,560.16000000,1835.06300000,2026-08-04T23:16:05.036059+00:00
BNBUSDT,2026-07-02T19:59:59.999000+00:00,560.16000000,560.35000000,558.00000000,558.14000000,3222.09000000,2026-08-04T23:16:05.036094+00:00
BNBUSDT,2026-07-02T20:59:59.999000+00:00,558.14000000,558.88000000,557.39000000,558.42000000,1741.96300000,2026-08-04T23:16:05.036130+00:00
BNBUSDT,2026-07-02T21:59:59.999000+00:00,558.42000000,558.49000000,557.22000000,557.52000000,2292.60700000,2026-08-04T23:16:05.036187+00:00
BNBUSDT,2026-07-02T22:59:59.999000+00:00,557.52000000,558.33000000,556.16000000,557.37000000,3213.82400000,2026-08-04T23:16:05.036223+00:00
BNBUSDT,2026-07-02T23:59:59.999000+00:00,557.36000000,559.60000000,556.66000000,558.96000000,1975.80300000,2026-08-04T23:16:05.036258+00:00
BNBUSDT,2026-07-03T00:59:59.999000+00:00,558.95000000,559.26000000,556.99000000,557.69000000,3362.50400000,2026-08-04T23:16:05.036293+00:00
BNBUSDT,2026-07-03T01:59:59.999000+00:00,557.69000000,562.12000000,557.22000000,561.58000000,4077.47800000,2026-08-04T23:16:05.036329+00:00
BNBUSDT,2026-07-03T02:59:59.999000+00:00,561.58000000,562.01000000,559.14000000,561.52000000,2465.88400000,2026-08-04T23:16:05.036364+00:00
BNBUSDT,2026-07-03T03:59:59.999000+00:00,561.52000000,561.82000000,559.54000000,561.03000000,2313.14000000,2026-08-04T23:16:05.036400+00:00
BNBUSDT,2026-07-03T04:59:59.999000+00:00,561.03000000,561.71000000,560.04000000,560.74000000,2402.77300000,2026-08-04T23:16:05.036436+00:00
BNBUSDT,2026-07-03T05:59:59.999000+00:00,560.74000000,563.31000000,560.40000000,562.56000000,2587.48200000,2026-08-04T23:16:05.036471+00:00
BNBUSDT,2026-07-03T06:59:59.999000+00:00,562.56000000,563.97000000,561.34000000,561.54000000,3503.18800000,2026-08-04T23:16:05.036507+00:00
BNBUSDT,2026-07-03T07:59:59.999000+00:00,561.54000000,562.47000000,561.14000000,561.69000000,3879.41600000,2026-08-04T23:16:05.036542+00:00
BNBUSDT,2026-07-03T08:59:59.999000+00:00,561.68000000,564.00000000,561.34000000,562.29000000,4887.89700000,2026-08-04T23:16:05.036577+00:00
BNBUSDT,2026-07-03T09:59:59.999000+00:00,562.29000000,564.39000000,561.71000000,562.86000000,5726.67500000,2026-08-04T23:16:05.036612+00:00
BNBUSDT,2026-07-03T10:59:59.999000+00:00,562.87000000,566.50000000,562.66000000,565.91000000,6880.74800000,2026-08-04T23:16:05.036647+00:00
BNBUSDT,2026-07-03T11:59:59.999000+00:00,565.91000000,567.58000000,565.14000000,566.77000000,8853.93100000,2026-08-04T23:16:05.036683+00:00
BNBUSDT,2026-07-03T12:59:59.999000+00:00,566.78000000,567.84000000,564.38000000,564.97000000,5403.95700000,2026-08-04T23:16:05.036718+00:00
BNBUSDT,2026-07-03T13:59:59.999000+00:00,564.98000000,567.78000000,564.74000000,566.92000000,6165.14800000,2026-08-04T23:16:05.036754+00:00
BNBUSDT,2026-07-03T14:59:59.999000+00:00,566.91000000,566.91000000,563.23000000,565.89000000,6734.72700000,2026-08-04T23:16:05.036789+00:00
BNBUSDT,2026-07-03T15:59:59.999000+00:00,565.90000000,568.45000000,564.82000000,565.65000000,6584.53400000,2026-08-04T23:16:05.036827+00:00
BNBUSDT,2026-07-03T16:59:59.999000+00:00,565.66000000,567.24000000,564.60000000,566.74000000,2315.17600000,2026-08-04T23:16:05.036863+00:00
BNBUSDT,2026-07-03T17:59:59.999000+00:00,566.74000000,568.26000000,566.37000000,567.86000000,4276.49900000,2026-08-04T23:16:05.036898+00:00
BNBUSDT,2026-07-03T18:59:59.999000+00:00,567.87000000,568.77000000,567.67000000,568.42000000,3398.32000000,2026-08-04T23:16:05.036933+00:00
BNBUSDT,2026-07-03T19:59:59.999000+00:00,568.43000000,571.50000000,567.70000000,569.69000000,4537.07100000,2026-08-04T23:16:05.036968+00:00
BNBUSDT,2026-07-03T20:59:59.999000+00:00,569.69000000,574.73000000,569.51000000,573.17000000,5540.14300000,2026-08-04T23:16:05.037003+00:00
BNBUSDT,2026-07-03T21:59:59.999000+00:00,573.17000000,574.94000000,571.85000000,573.94000000,3040.86700000,2026-08-04T23:16:05.037038+00:00
BNBUSDT,2026-07-03T22:59:59.999000+00:00,573.94000000,574.37000000,572.34000000,573.14000000,2041.94200000,2026-08-04T23:16:05.037074+00:00
BNBUSDT,2026-07-03T23:59:59.999000+00:00,573.14000000,575.21000000,572.61000000,573.81000000,3679.49100000,2026-08-04T23:16:05.037109+00:00
BNBUSDT,2026-07-04T00:59:59.999000+00:00,573.81000000,575.71000000,573.46000000,574.08000000,3271.84300000,2026-08-04T23:16:05.037145+00:00
BNBUSDT,2026-07-04T01:59:59.999000+00:00,574.08000000,574.08000000,570.93000000,571.84000000,3613.27800000,2026-08-04T23:16:05.037181+00:00
BNBUSDT,2026-07-04T02:59:59.999000+00:00,571.84000000,572.56000000,571.16000000,571.91000000,3063.14800000,2026-08-04T23:16:05.037245+00:00
BNBUSDT,2026-07-04T03:59:59.999000+00:00,571.90000000,573.00000000,571.45000000,572.23000000,2743.02700000,2026-08-04T23:16:05.037281+00:00
BNBUSDT,2026-07-04T04:59:59.999000+00:00,572.23000000,573.36000000,571.46000000,573.18000000,2707.63700000,2026-08-04T23:16:05.037316+00:00
BNBUSDT,2026-07-04T05:59:59.999000+00:00,573.17000000,573.17000000,569.90000000,571.35000000,5447.09400000,2026-08-04T23:16:05.037351+00:00
BNBUSDT,2026-07-04T06:59:59.999000+00:00,571.36000000,572.38000000,568.74000000,569.96000000,5339.75800000,2026-08-04T23:16:05.037386+00:00
BNBUSDT,2026-07-04T07:59:59.999000+00:00,569.96000000,570.10000000,568.70000000,569.70000000,5855.27500000,2026-08-04T23:16:05.037421+00:00
BNBUSDT,2026-07-04T08:59:59.999000+00:00,569.71000000,576.24000000,569.21000000,575.21000000,9135.47300000,2026-08-04T23:16:05.037457+00:00
BNBUSDT,2026-07-04T09:59:59.999000+00:00,575.21000000,575.37000000,572.20000000,572.61000000,3658.42800000,2026-08-04T23:16:05.037492+00:00
BNBUSDT,2026-07-04T10:59:59.999000+00:00,572.62000000,573.00000000,571.36000000,572.01000000,5345.15600000,2026-08-04T23:16:05.037527+00:00
BNBUSDT,2026-07-04T11:59:59.999000+00:00,572.00000000,572.76000000,571.24000000,571.91000000,1842.20000000,2026-08-04T23:16:05.037562+00:00
BNBUSDT,2026-07-04T12:59:59.999000+00:00,571.91000000,573.66000000,571.90000000,573.28000000,1666.42900000,2026-08-04T23:16:05.037597+00:00
BNBUSDT,2026-07-04T13:59:59.999000+00:00,573.28000000,574.50000000,572.21000000,573.30000000,2262.09300000,2026-08-04T23:16:05.037632+00:00
BNBUSDT,2026-07-04T14:59:59.999000+00:00,573.29000000,576.00000000,573.19000000,574.63000000,3879.36400000,2026-08-04T23:16:05.037668+00:00
BNBUSDT,2026-07-04T15:59:59.999000+00:00,574.64000000,578.23000000,574.00000000,576.74000000,10571.11700000,2026-08-04T23:16:05.037709+00:00
BNBUSDT,2026-07-04T16:59:59.999000+00:00,576.74000000,576.82000000,574.84000000,575.78000000,6165.22400000,2026-08-04T23:16:05.037747+00:00
BNBUSDT,2026-07-04T17:59:59.999000+00:00,575.78000000,578.79000000,574.46000000,578.48000000,4266.45900000,2026-08-04T23:16:05.037782+00:00
BNBUSDT,2026-07-04T18:59:59.999000+00:00,578.48000000,578.82000000,576.46000000,576.87000000,1903.58100000,2026-08-04T23:16:05.037818+00:00
BNBUSDT,2026-07-04T19:59:59.999000+00:00,576.88000000,577.22000000,575.51000000,575.52000000,1719.75400000,2026-08-04T23:16:05.037853+00:00
BNBUSDT,2026-07-04T20:59:59.999000+00:00,575.52000000,575.95000000,573.16000000,573.21000000,3048.38900000,2026-08-04T23:16:05.037888+00:00
BNBUSDT,2026-07-04T21:59:59.999000+00:00,573.21000000,575.47000000,572.57000000,574.68000000,2820.62000000,2026-08-04T23:16:05.037923+00:00
BNBUSDT,2026-07-04T22:59:59.999000+00:00,574.68000000,578.27000000,574.49000000,576.67000000,3193.49400000,2026-08-04T23:16:05.037958+00:00
BNBUSDT,2026-07-04T23:59:59.999000+00:00,576.68000000,576.80000000,573.70000000,575.37000000,3195.29300000,2026-08-04T23:16:05.037993+00:00
BNBUSDT,2026-07-05T00:59:59.999000+00:00,575.38000000,575.43000000,572.15000000,573.26000000,2964.55600000,2026-08-04T23:16:05.038028+00:00
BNBUSDT,2026-07-05T01:59:59.999000+00:00,573.25000000,573.90000000,569.89000000,572.00000000,4179.77500000,2026-08-04T23:16:05.038063+00:00
BNBUSDT,2026-07-05T02:59:59.999000+00:00,571.99000000,572.28000000,568.19000000,569.38000000,4375.01600000,2026-08-04T23:16:05.038099+00:00
BNBUSDT,2026-07-05T03:59:59.999000+00:00,569.37000000,571.09000000,569.37000000,570.44000000,2272.27000000,2026-08-04T23:16:05.038134+00:00
BNBUSDT,2026-07-05T04:59:59.999000+00:00,570.44000000,572.14000000,569.88000000,571.48000000,2831.60600000,2026-08-04T23:16:05.038170+00:00
BNBUSDT,2026-07-05T05:59:59.999000+00:00,571.47000000,572.14000000,570.36000000,571.61000000,6229.72000000,2026-08-04T23:16:05.038205+00:00
BNBUSDT,2026-07-05T06:59:59.999000+00:00,571.62000000,572.40000000,570.58000000,571.61000000,3007.98100000,2026-08-04T23:16:05.038241+00:00
BNBUSDT,2026-07-05T07:59:59.999000+00:00,571.61000000,575.83000000,571.44000000,575.64000000,3489.99500000,2026-08-04T23:16:05.038301+00:00
BNBUSDT,2026-07-05T08:59:59.999000+00:00,575.65000000,579.00000000,574.84000000,578.32000000,6996.71500000,2026-08-04T23:16:05.038342+00:00
BNBUSDT,2026-07-05T09:59:59.999000+00:00,578.32000000,578.36000000,572.48000000,574.61000000,8037.23900000,2026-08-04T23:16:05.038378+00:00
BNBUSDT,2026-07-05T10:59:59.999000+00:00,574.60000000,576.39000000,573.80000000,576.13000000,5310.19900000,2026-08-04T23:16:05.038413+00:00
BNBUSDT,2026-07-05T11:59:59.999000+00:00,576.13000000,578.28000000,574.49000000,577.05000000,5766.80000000,2026-08-04T23:16:05.038448+00:00
BNBUSDT,2026-07-05T12:59:59.999000+00:00,577.06000000,586.54000000,576.19000000,583.72000000,10621.30400000,2026-08-04T23:16:05.038486+00:00
BNBUSDT,2026-07-05T13:59:59.999000+00:00,583.72000000,587.73000000,582.25000000,586.88000000,13009.75800000,2026-08-04T23:16:05.038521+00:00
BNBUSDT,2026-07-05T14:59:59.999000+00:00,586.87000000,589.82000000,586.29000000,587.29000000,9867.42000000,2026-08-04T23:16:05.038556+00:00
BNBUSDT,2026-07-05T15:59:59.999000+00:00,587.29000000,589.85000000,586.59000000,587.34000000,6167.39700000,2026-08-04T23:16:05.038591+00:00
BNBUSDT,2026-07-05T16:59:59.999000+00:00,587.34000000,588.95000000,584.87000000,585.76000000,5660.86700000,2026-08-04T23:16:05.038627+00:00
BNBUSDT,2026-07-05T17:59:59.999000+00:00,585.76000000,587.21000000,584.48000000,585.35000000,2588.31100000,2026-08-04T23:16:05.038662+00:00
BNBUSDT,2026-07-05T18:59:59.999000+00:00,585.34000000,591.80000000,583.49000000,590.59000000,7889.25800000,2026-08-04T23:16:05.038697+00:00
BNBUSDT,2026-07-05T19:59:59.999000+00:00,590.59000000,591.11000000,588.84000000,589.45000000,4439.49900000,2026-08-04T23:16:05.038732+00:00
BNBUSDT,2026-07-05T20:59:59.999000+00:00,589.44000000,590.60000000,587.62000000,588.07000000,2679.99200000,2026-08-04T23:16:05.038767+00:00
BNBUSDT,2026-07-05T21:59:59.999000+00:00,588.07000000,591.27000000,585.84000000,589.65000000,3903.62700000,2026-08-04T23:16:05.038802+00:00
BNBUSDT,2026-07-05T22:59:59.999000+00:00,589.65000000,593.47000000,588.90000000,591.55000000,6074.12100000,2026-08-04T23:16:05.038837+00:00
BNBUSDT,2026-07-05T23:59:59.999000+00:00,591.55000000,593.10000000,589.03000000,589.87000000,4473.40800000,2026-08-04T23:16:05.038872+00:00
BNBUSDT,2026-07-06T00:59:59.999000+00:00,589.88000000,591.87000000,587.01000000,591.77000000,4249.57000000,2026-08-04T23:16:05.038907+00:00
BNBUSDT,2026-07-06T01:59:59.999000+00:00,591.77000000,593.10000000,587.89000000,588.53000000,5955.81800000,2026-08-04T23:16:05.038942+00:00
BNBUSDT,2026-07-06T02:59:59.999000+00:00,588.53000000,589.32000000,585.47000000,586.41000000,4584.88800000,2026-08-04T23:16:05.038977+00:00
BNBUSDT,2026-07-06T03:59:59.999000+00:00,586.40000000,586.64000000,582.67000000,585.41000000,6864.78600000,2026-08-04T23:16:05.039013+00:00
BNBUSDT,2026-07-06T04:59:59.999000+00:00,585.41000000,585.68000000,583.43000000,584.07000000,2673.32900000,2026-08-04T23:16:05.039048+00:00
BNBUSDT,2026-07-06T05:59:59.999000+00:00,584.08000000,584.66000000,581.13000000,583.17000000,6444.83300000,2026-08-04T23:16:05.039083+00:00
BNBUSDT,2026-07-06T06:59:59.999000+00:00,583.17000000,583.39000000,581.62000000,582.39000000,3482.68200000,2026-08-04T23:16:05.039118+00:00
BNBUSDT,2026-07-06T07:59:59.999000+00:00,582.38000000,582.88000000,581.03000000,582.08000000,4264.39800000,2026-08-04T23:16:05.039153+00:00
BNBUSDT,2026-07-06T08:59:59.999000+00:00,582.07000000,582.90000000,579.90000000,580.63000000,6123.92600000,2026-08-04T23:16:05.039189+00:00
BNBUSDT,2026-07-06T09:59:59.999000+00:00,580.63000000,580.63000000,576.10000000,577.43000000,6703.41700000,2026-08-04T23:16:05.039224+00:00
BNBUSDT,2026-07-06T10:59:59.999000+00:00,577.44000000,581.00000000,577.30000000,580.18000000,2848.86200000,2026-08-04T23:16:05.039260+00:00
BNBUSDT,2026-07-06T11:59:59.999000+00:00,580.19000000,581.13000000,577.81000000,577.81000000,3421.05100000,2026-08-04T23:16:05.039295+00:00
BNBUSDT,2026-07-06T12:59:59.999000+00:00,577.81000000,577.86000000,571.85000000,571.95000000,13817.58300000,2026-08-04T23:16:05.039352+00:00
BNBUSDT,2026-07-06T13:59:59.999000+00:00,571.96000000,575.18000000,570.12000000,573.04000000,8725.60200000,2026-08-04T23:16:05.039389+00:00
BNBUSDT,2026-07-06T14:59:59.999000+00:00,573.05000000,578.93000000,572.95000000,577.10000000,11497.68100000,2026-08-04T23:16:05.039425+00:00
BNBUSDT,2026-07-06T15:59:59.999000+00:00,577.10000000,585.00000000,576.95000000,584.74000000,11087.27000000,2026-08-04T23:16:05.039460+00:00
BNBUSDT,2026-07-06T16:59:59.999000+00:00,584.75000000,586.71000000,583.32000000,585.31000000,10371.24100000,2026-08-04T23:16:05.039495+00:00
BNBUSDT,2026-07-06T17:59:59.999000+00:00,585.31000000,586.13000000,582.85000000,583.06000000,7435.42100000,2026-08-04T23:16:05.039530+00:00
BNBUSDT,2026-07-06T18:59:59.999000+00:00,583.07000000,585.19000000,582.85000000,584.40000000,1894.98200000,2026-08-04T23:16:05.039565+00:00
BNBUSDT,2026-07-06T19:59:59.999000+00:00,584.39000000,585.98000000,584.01000000,585.15000000,2507.85000000,2026-08-04T23:16:05.039600+00:00
BNBUSDT,2026-07-06T20:59:59.999000+00:00,585.15000000,586.29000000,583.55000000,585.72000000,2588.60400000,2026-08-04T23:16:05.039636+00:00
BNBUSDT,2026-07-06T21:59:59.999000+00:00,585.72000000,592.10000000,585.72000000,589.51000000,7134.47100000,2026-08-04T23:16:05.039728+00:00
BNBUSDT,2026-07-06T22:59:59.999000+00:00,589.52000000,589.71000000,587.47000000,588.11000000,3537.32800000,2026-08-04T23:16:05.039786+00:00
BNBUSDT,2026-07-06T23:59:59.999000+00:00,588.11000000,588.91000000,585.54000000,586.01000000,2589.90200000,2026-08-04T23:16:05.039835+00:00
BNBUSDT,2026-07-07T00:59:59.999000+00:00,586.02000000,587.92000000,585.57000000,586.91000000,3254.59400000,2026-08-04T23:16:05.039879+00:00
BNBUSDT,2026-07-07T01:59:59.999000+00:00,586.91000000,586.91000000,582.48000000,582.93000000,3667.71100000,2026-08-04T23:16:05.039921+00:00
BNBUSDT,2026-07-07T02:59:59.999000+00:00,582.94000000,583.50000000,580.24000000,580.98000000,3117.29000000,2026-08-04T23:16:05.039961+00:00
BNBUSDT,2026-07-07T03:59:59.999000+00:00,580.98000000,581.92000000,578.22000000,579.18000000,3572.44600000,2026-08-04T23:16:05.040017+00:00
BNBUSDT,2026-07-07T04:59:59.999000+00:00,579.18000000,579.41000000,577.61000000,578.84000000,2497.57100000,2026-08-04T23:16:05.040057+00:00
BNBUSDT,2026-07-07T05:59:59.999000+00:00,578.85000000,579.84000000,576.39000000,579.04000000,3173.88200000,2026-08-04T23:16:05.040093+00:00
BNBUSDT,2026-07-07T06:59:59.999000+00:00,579.04000000,580.79000000,578.06000000,579.98000000,4676.85700000,2026-08-04T23:16:05.040130+00:00
BNBUSDT,2026-07-07T07:59:59.999000+00:00,579.98000000,580.40000000,578.28000000,578.33000000,3979.50300000,2026-08-04T23:16:05.040225+00:00
BNBUSDT,2026-07-07T08:59:59.999000+00:00,578.32000000,578.56000000,576.52000000,577.22000000,3627.70200000,2026-08-04T23:16:05.040263+00:00
BNBUSDT,2026-07-07T09:59:59.999000+00:00,577.22000000,578.58000000,576.82000000,577.93000000,3215.67100000,2026-08-04T23:16:05.040299+00:00
BNBUSDT,2026-07-07T10:59:59.999000+00:00,577.94000000,580.00000000,577.82000000,578.47000000,3240.51500000,2026-08-04T23:16:05.040334+00:00
BNBUSDT,2026-07-07T11:59:59.999000+00:00,578.46000000,580.40000000,577.27000000,580.23000000,3702.43100000,2026-08-04T23:16:05.040371+00:00
BNBUSDT,2026-07-07T12:59:59.999000+00:00,580.23000000,582.40000000,579.98000000,581.09000000,4598.24000000,2026-08-04T23:16:05.040407+00:00
BNBUSDT,2026-07-07T13:59:59.999000+00:00,581.08000000,581.28000000,576.85000000,577.48000000,4490.29900000,2026-08-04T23:16:05.040444+00:00
BNBUSDT,2026-07-07T14:59:59.999000+00:00,577.50000000,581.52000000,575.28000000,581.01000000,6211.70700000,2026-08-04T23:16:05.040480+00:00
BNBUSDT,2026-07-07T15:59:59.999000+00:00,581.01000000,585.61000000,579.50000000,584.74000000,6826.74600000,2026-08-04T23:16:05.040516+00:00
BNBUSDT,2026-07-07T16:59:59.999000+00:00,584.73000000,587.16000000,583.41000000,585.28000000,4804.60200000,2026-08-04T23:16:05.040552+00:00
BNBUSDT,2026-07-07T17:59:59.999000+00:00,585.28000000,586.49000000,584.20000000,585.97000000,4903.82700000,2026-08-04T23:16:05.040588+00:00
BNBUSDT,2026-07-07T18:59:59.999000+00:00,585.98000000,585.98000000,582.28000000,582.38000000,3597.61300000,2026-08-04T23:16:05.040652+00:00
BNBUSDT,2026-07-07T19:59:59.999000+00:00,582.38000000,584.29000000,580.01000000,583.29000000,4385.15500000,2026-08-04T23:16:05.040688+00:00
BNBUSDT,2026-07-07T20:59:59.999000+00:00,583.29000000,583.80000000,580.18000000,580.71000000,2862.77800000,2026-08-04T23:16:05.040726+00:00
BNBUSDT,2026-07-07T21:59:59.999000+00:00,580.72000000,581.54000000,577.82000000,578.04000000,4540.94700000,2026-08-04T23:16:05.040761+00:00
BNBUSDT,2026-07-07T22:59:59.999000+00:00,578.05000000,579.63000000,576.69000000,578.59000000,2222.80200000,2026-08-04T23:16:05.040797+00:00
BNBUSDT,2026-07-07T23:59:59.999000+00:00,578.58000000,579.25000000,576.40000000,576.82000000,1897.60000000,2026-08-04T23:16:05.040833+00:00
BNBUSDT,2026-07-08T00:59:59.999000+00:00,576.83000000,578.94000000,576.16000000,578.62000000,3099.06700000,2026-08-04T23:16:05.040869+00:00
BNBUSDT,2026-07-08T01:59:59.999000+00:00,578.63000000,579.00000000,571.39000000,572.06000000,7098.01000000,2026-08-04T23:16:05.040906+00:00
BNBUSDT,2026-07-08T02:59:59.999000+00:00,572.07000000,572.07000000,567.45000000,571.14000000,8698.68600000,2026-08-04T23:16:05.040942+00:00
BNBUSDT,2026-07-08T03:59:59.999000+00:00,571.15000000,572.47000000,568.55000000,569.05000000,3654.81800000,2026-08-04T23:16:05.040978+00:00
BNBUSDT,2026-07-08T04:59:59.999000+00:00,569.06000000,569.87000000,568.19000000,569.54000000,3034.57500000,2026-08-04T23:16:05.041013+00:00
BNBUSDT,2026-07-08T05:59:59.999000+00:00,569.55000000,570.31000000,567.52000000,568.20000000,2408.67900000,2026-08-04T23:16:05.041065+00:00
BNBUSDT,2026-07-08T06:59:59.999000+00:00,568.21000000,568.37000000,565.98000000,566.56000000,5992.60100000,2026-08-04T23:16:05.041106+00:00
BNBUSDT,2026-07-08T07:59:59.999000+00:00,566.56000000,568.10000000,565.23000000,567.94000000,4031.61900000,2026-08-04T23:16:05.041141+00:00
BNBUSDT,2026-07-08T08:59:59.999000+00:00,567.94000000,568.76000000,560.73000000,561.55000000,9116.35800000,2026-08-04T23:16:05.041177+00:00
BNBUSDT,2026-07-08T09:59:59.999000+00:00,561.56000000,563.38000000,560.40000000,561.50000000,4525.84500000,2026-08-04T23:16:05.041213+00:00
BNBUSDT,2026-07-08T10:59:59.999000+00:00,561.51000000,563.36000000,560.61000000,562.83000000,4648.18500000,2026-08-04T23:16:05.041248+00:00
BNBUSDT,2026-07-08T11:59:59.999000+00:00,562.83000000,568.78000000,562.28000000,566.13000000,5834.56000000,2026-08-04T23:16:05.041284+00:00
BNBUSDT,2026-07-08T12:59:59.999000+00:00,566.14000000,566.72000000,563.76000000,563.93000000,2974.30900000,2026-08-04T23:16:05.041320+00:00
BNBUSDT,2026-07-08T13:59:59.999000+00:00,563.94000000,566.05000000,562.73000000,565.36000000,4455.72100000,2026-08-04T23:16:05.041356+00:00
BNBUSDT,2026-07-08T14:59:59.999000+00:00,565.37000000,567.38000000,563.31000000,564.48000000,6452.04700000,2026-08-04T23:16:05.041391+00:00
BNBUSDT,2026-07-08T15:59:59.999000+00:00,564.48000000,564.62000000,560.94000000,562.36000000,3692.87400000,2026-08-04T23:16:05.041522+00:00
BNBUSDT,2026-07-08T16:59:59.999000+00:00,562.36000000,566.80000000,561.64000000,566.59000000,4743.14600000,2026-08-04T23:16:05.041623+00:00
BNBUSDT,2026-07-08T17:59:59.999000+00:00,566.59000000,567.87000000,564.46000000,564.71000000,4013.94900000,2026-08-04T23:16:05.041659+00:00
BNBUSDT,2026-07-08T18:59:59.999000+00:00,564.71000000,566.92000000,564.30000000,566.29000000,2170.60900000,2026-08-04T23:16:05.041697+00:00
BNBUSDT,2026-07-08T19:59:59.999000+00:00,566.30000000,567.50000000,565.63000000,566.94000000,1400.53900000,2026-08-04T23:16:05.041734+00:00
BNBUSDT,2026-07-08T20:59:59.999000+00:00,566.95000000,567.72000000,565.83000000,566.25000000,2202.71300000,2026-08-04T23:16:05.041769+00:00
BNBUSDT,2026-07-08T21:59:59.999000+00:00,566.26000000,567.02000000,564.77000000,566.86000000,1680.14900000,2026-08-04T23:16:05.041805+00:00
BNBUSDT,2026-07-08T22:59:59.999000+00:00,566.87000000,568.35000000,566.51000000,568.03000000,1938.05800000,2026-08-04T23:16:05.041841+00:00
BNBUSDT,2026-07-08T23:59:59.999000+00:00,568.03000000,568.98000000,567.15000000,568.66000000,1549.87100000,2026-08-04T23:16:05.041904+00:00
BNBUSDT,2026-07-09T00:59:59.999000+00:00,568.66000000,569.36000000,567.65000000,568.67000000,2331.02800000,2026-08-04T23:16:05.041944+00:00
BNBUSDT,2026-07-09T01:59:59.999000+00:00,568.68000000,572.81000000,566.97000000,567.25000000,4242.21600000,2026-08-04T23:16:05.041980+00:00
BNBUSDT,2026-07-09T02:59:59.999000+00:00,567.25000000,569.44000000,566.05000000,566.11000000,2475.91800000,2026-08-04T23:16:05.042016+00:00
BNBUSDT,2026-07-09T03:59:59.999000+00:00,566.11000000,568.50000000,565.48000000,568.26000000,2157.85600000,2026-08-04T23:16:05.042100+00:00
BNBUSDT,2026-07-09T04:59:59.999000+00:00,568.26000000,570.51000000,567.66000000,570.50000000,2790.50700000,2026-08-04T23:16:05.042172+00:00
BNBUSDT,2026-07-09T05:59:59.999000+00:00,570.51000000,573.73000000,569.42000000,573.67000000,4704.28800000,2026-08-04T23:16:05.042227+00:00
BNBUSDT,2026-07-09T06:59:59.999000+00:00,573.67000000,575.21000000,572.43000000,574.75000000,4821.14800000,2026-08-04T23:16:05.042267+00:00
BNBUSDT,2026-07-09T07:59:59.999000+00:00,574.75000000,577.15000000,572.27000000,572.74000000,7477.49400000,2026-08-04T23:16:05.042303+00:00
BNBUSDT,2026-07-09T08:59:59.999000+00:00,572.74000000,573.52000000,571.93000000,572.20000000,7618.41400000,2026-08-04T23:16:05.042342+00:00
BNBUSDT,2026-07-09T09:59:59.999000+00:00,572.20000000,573.50000000,570.67000000,573.06000000,9199.19200000,2026-08-04T23:16:05.042378+00:00
BNBUSDT,2026-07-09T10:59:59.999000+00:00,573.07000000,573.27000000,569.45000000,569.94000000,4022.89500000,2026-08-04T23:16:05.042414+00:00
BNBUSDT,2026-07-09T11:59:59.999000+00:00,569.94000000,570.59000000,568.93000000,569.77000000,3200.15000000,2026-08-04T23:16:05.042451+00:00
BNBUSDT,2026-07-09T12:59:59.999000+00:00,569.77000000,570.73000000,568.12000000,569.04000000,4957.60200000,2026-08-04T23:16:05.042487+00:00
BNBUSDT,2026-07-09T13:59:59.999000+00:00,569.05000000,572.29000000,568.07000000,570.99000000,4193.80200000,2026-08-04T23:16:05.042523+00:00
BNBUSDT,2026-07-09T14:59:59.999000+00:00,570.99000000,572.11000000,568.81000000,572.07000000,3598.84700000,2026-08-04T23:16:05.042560+00:00
BNBUSDT,2026-07-09T15:59:59.999000+00:00,572.07000000,573.00000000,570.62000000,571.03000000,2300.14800000,2026-08-04T23:16:05.042597+00:00
BNBUSDT,2026-07-09T16:59:59.999000+00:00,571.02000000,571.59000000,569.30000000,569.90000000,3028.82700000,2026-08-04T23:16:05.042634+00:00
BNBUSDT,2026-07-09T17:59:59.999000+00:00,569.91000000,572.58000000,569.46000000,571.57000000,2112.27900000,2026-08-04T23:16:05.042670+00:00
BNBUSDT,2026-07-09T18:59:59.999000+00:00,571.58000000,573.67000000,571.04000000,571.86000000,2560.50900000,2026-08-04T23:16:05.042707+00:00
BNBUSDT,2026-07-09T19:59:59.999000+00:00,571.87000000,571.95000000,570.09000000,570.26000000,1837.87600000,2026-08-04T23:16:05.042743+00:00
BNBUSDT,2026-07-09T20:59:59.999000+00:00,570.26000000,570.75000000,569.47000000,570.08000000,1268.79900000,2026-08-04T23:16:05.042779+00:00
BNBUSDT,2026-07-09T21:59:59.999000+00:00,570.08000000,571.21000000,570.01000000,570.36000000,1244.87100000,2026-08-04T23:16:05.042815+00:00
BNBUSDT,2026-07-09T22:59:59.999000+00:00,570.36000000,571.06000000,569.76000000,570.43000000,1723.12200000,2026-08-04T23:16:05.042851+00:00
BNBUSDT,2026-07-09T23:59:59.999000+00:00,570.43000000,570.54000000,568.62000000,568.72000000,1753.82100000,2026-08-04T23:16:05.042887+00:00
BNBUSDT,2026-07-10T00:59:59.999000+00:00,568.73000000,570.80000000,568.02000000,570.80000000,2038.10200000,2026-08-04T23:16:05.042923+00:00
BNBUSDT,2026-07-10T01:59:59.999000+00:00,570.80000000,576.69000000,569.66000000,574.95000000,6068.86000000,2026-08-04T23:16:05.042959+00:00
BNBUSDT,2026-07-10T02:59:59.999000+00:00,574.95000000,575.70000000,574.00000000,575.41000000,5549.36300000,2026-08-04T23:16:05.042995+00:00
BNBUSDT,2026-07-10T03:59:59.999000+00:00,575.42000000,575.88000000,574.44000000,575.52000000,4047.58100000,2026-08-04T23:16:05.043034+00:00
BNBUSDT,2026-07-10T04:59:59.999000+00:00,575.52000000,577.34000000,575.01000000,576.19000000,2718.33500000,2026-08-04T23:16:05.043097+00:00
BNBUSDT,2026-07-10T05:59:59.999000+00:00,576.20000000,578.14000000,575.39000000,577.42000000,2842.35500000,2026-08-04T23:16:05.043133+00:00
BNBUSDT,2026-07-10T06:59:59.999000+00:00,577.42000000,577.66000000,575.91000000,576.57000000,6605.70000000,2026-08-04T23:16:05.043169+00:00
BNBUSDT,2026-07-10T07:59:59.999000+00:00,576.58000000,577.18000000,573.86000000,574.00000000,8386.58400000,2026-08-04T23:16:05.043206+00:00
BNBUSDT,2026-07-10T08:59:59.999000+00:00,574.00000000,577.16000000,573.93000000,576.05000000,5184.89600000,2026-08-04T23:16:05.043241+00:00
BNBUSDT,2026-07-10T09:59:59.999000+00:00,576.06000000,577.16000000,574.79000000,576.62000000,3585.47200000,2026-08-04T23:16:05.043280+00:00
BNBUSDT,2026-07-10T10:59:59.999000+00:00,576.63000000,577.66000000,575.45000000,576.33000000,4607.29800000,2026-08-04T23:16:05.043316+00:00
BNBUSDT,2026-07-10T11:59:59.999000+00:00,576.34000000,577.32000000,574.75000000,575.59000000,4452.25200000,2026-08-04T23:16:05.043352+00:00
BNBUSDT,2026-07-10T12:59:59.999000+00:00,575.60000000,577.00000000,573.56000000,573.63000000,4777.02400000,2026-08-04T23:16:05.043388+00:00
BNBUSDT,2026-07-10T13:59:59.999000+00:00,573.63000000,576.69000000,573.00000000,575.59000000,3298.74300000,2026-08-04T23:16:05.043424+00:00
BNBUSDT,2026-07-10T14:59:59.999000+00:00,575.59000000,575.70000000,569.63000000,572.22000000,4641.86400000,2026-08-04T23:16:05.043460+00:00
BNBUSDT,2026-07-10T15:59:59.999000+00:00,572.22000000,574.54000000,572.12000000,573.86000000,3500.02500000,2026-08-04T23:16:05.043496+00:00
BNBUSDT,2026-07-10T16:59:59.999000+00:00,573.86000000,577.50000000,573.86000000,577.17000000,3323.31600000,2026-08-04T23:16:05.043532+00:00
BNBUSDT,2026-07-10T17:59:59.999000+00:00,577.17000000,578.31000000,575.92000000,575.93000000,2214.57700000,2026-08-04T23:16:05.043569+00:00
BNBUSDT,2026-07-10T18:59:59.999000+00:00,575.93000000,577.58000000,574.75000000,575.28000000,1794.95500000,2026-08-04T23:16:05.043605+00:00
BNBUSDT,2026-07-10T19:59:59.999000+00:00,575.29000000,576.78000000,573.87000000,575.99000000,2764.17500000,2026-08-04T23:16:05.043641+00:00
BNBUSDT,2026-07-10T20:59:59.999000+00:00,575.99000000,576.37000000,574.73000000,575.23000000,1518.34400000,2026-08-04T23:16:05.043679+00:00
BNBUSDT,2026-07-10T21:59:59.999000+00:00,575.23000000,577.01000000,574.69000000,575.85000000,1497.28600000,2026-08-04T23:16:05.043715+00:00
BNBUSDT,2026-07-10T22:59:59.999000+00:00,575.86000000,576.57000000,575.65000000,576.04000000,1009.73800000,2026-08-04T23:16:05.043750+00:00
BNBUSDT,2026-07-10T23:59:59.999000+00:00,576.05000000,576.42000000,575.16000000,575.43000000,1079.52900000,2026-08-04T23:16:05.043786+00:00
BNBUSDT,2026-07-11T00:59:59.999000+00:00,575.44000000,575.76000000,574.42000000,574.73000000,1429.64700000,2026-08-04T23:16:05.043823+00:00
BNBUSDT,2026-07-11T01:59:59.999000+00:00,574.73000000,576.07000000,573.27000000,573.32000000,1582.11400000,2026-08-04T23:16:05.043859+00:00
BNBUSDT,2026-07-11T02:59:59.999000+00:00,573.32000000,575.10000000,573.06000000,575.00000000,1289.26500000,2026-08-04T23:16:05.043894+00:00
BNBUSDT,2026-07-11T03:59:59.999000+00:00,575.01000000,576.00000000,574.15000000,574.91000000,10090.68100000,2026-08-04T23:16:05.043930+00:00
BNBUSDT,2026-07-11T04:59:59.999000+00:00,574.92000000,576.00000000,574.31000000,575.27000000,3456.66400000,2026-08-04T23:16:05.043966+00:00
BNBUSDT,2026-07-11T05:59:59.999000+00:00,575.27000000,576.33000000,574.90000000,575.23000000,3218.49800000,2026-08-04T23:16:05.044002+00:00
BNBUSDT,2026-07-11T06:59:59.999000+00:00,575.24000000,576.33000000,574.88000000,576.20000000,1938.67000000,2026-08-04T23:16:05.044038+00:00
BNBUSDT,2026-07-11T07:59:59.999000+00:00,576.21000000,577.72000000,575.99000000,576.92000000,2805.19000000,2026-08-04T23:16:05.044073+00:00
BNBUSDT,2026-07-11T08:59:59.999000+00:00,576.92000000,579.28000000,576.61000000,579.26000000,2715.18700000,2026-08-04T23:16:05.044109+00:00
BNBUSDT,2026-07-11T09:59:59.999000+00:00,579.26000000,579.84000000,577.36000000,577.72000000,2448.24900000,2026-08-04T23:16:05.044170+00:00
BNBUSDT,2026-07-11T10:59:59.999000+00:00,577.72000000,578.91000000,577.04000000,578.91000000,2546.98500000,2026-08-04T23:16:05.044207+00:00
BNBUSDT,2026-07-11T11:59:59.999000+00:00,578.90000000,579.39000000,577.76000000,579.39000000,2596.26900000,2026-08-04T23:16:05.044243+00:00
BNBUSDT,2026-07-11T12:59:59.999000+00:00,579.39000000,580.36000000,578.76000000,579.49000000,2542.18100000,2026-08-04T23:16:05.044279+00:00
BNBUSDT,2026-07-11T13:59:59.999000+00:00,579.48000000,582.18000000,579.29000000,581.21000000,3452.98000000,2026-08-04T23:16:05.044315+00:00
BNBUSDT,2026-07-11T14:59:59.999000+00:00,581.21000000,583.01000000,580.91000000,581.70000000,6564.32800000,2026-08-04T23:16:05.044351+00:00
BNBUSDT,2026-07-11T15:59:59.999000+00:00,581.71000000,582.17000000,577.81000000,579.86000000,4505.55400000,2026-08-04T23:16:05.044387+00:00
BNBUSDT,2026-07-11T16:59:59.999000+00:00,579.87000000,580.45000000,579.23000000,579.89000000,1743.10300000,2026-08-04T23:16:05.044422+00:00
BNBUSDT,2026-07-11T17:59:59.999000+00:00,579.88000000,581.18000000,579.62000000,580.66000000,1559.98900000,2026-08-04T23:16:05.044458+00:00
BNBUSDT,2026-07-11T18:59:59.999000+00:00,580.65000000,581.31000000,580.41000000,580.92000000,1155.95100000,2026-08-04T23:16:05.044494+00:00
BNBUSDT,2026-07-11T19:59:59.999000+00:00,580.93000000,581.52000000,580.29000000,580.56000000,1174.77400000,2026-08-04T23:16:05.044531+00:00
BNBUSDT,2026-07-11T20:59:59.999000+00:00,580.57000000,581.51000000,580.57000000,580.99000000,701.38200000,2026-08-04T23:16:05.044569+00:00
BNBUSDT,2026-07-11T21:59:59.999000+00:00,581.00000000,581.52000000,580.86000000,581.18000000,1118.17500000,2026-08-04T23:16:05.044605+00:00
BNBUSDT,2026-07-11T22:59:59.999000+00:00,581.18000000,582.08000000,579.73000000,580.23000000,1626.79800000,2026-08-04T23:16:05.044641+00:00
BNBUSDT,2026-07-11T23:59:59.999000+00:00,580.23000000,580.71000000,574.65000000,574.65000000,3453.70500000,2026-08-04T23:16:05.044677+00:00
BNBUSDT,2026-07-12T00:59:59.999000+00:00,574.65000000,575.28000000,570.30000000,571.29000000,4723.75900000,2026-08-04T23:16:05.044713+00:00
BNBUSDT,2026-07-12T01:59:59.999000+00:00,571.30000000,574.28000000,570.78000000,574.04000000,3131.66100000,2026-08-04T23:16:05.044749+00:00
BNBUSDT,2026-07-12T02:59:59.999000+00:00,574.05000000,574.51000000,572.93000000,574.28000000,1907.39800000,2026-08-04T23:16:05.044785+00:00
BNBUSDT,2026-07-12T03:59:59.999000+00:00,574.28000000,575.89000000,574.00000000,575.39000000,1614.12200000,2026-08-04T23:16:05.044820+00:00
BNBUSDT,2026-07-12T04:59:59.999000+00:00,575.40000000,575.89000000,573.89000000,574.40000000,2342.03700000,2026-08-04T23:16:05.044856+00:00
BNBUSDT,2026-07-12T05:59:59.999000+00:00,574.41000000,574.48000000,572.68000000,573.09000000,2458.51500000,2026-08-04T23:16:05.044892+00:00
BNBUSDT,2026-07-12T06:59:59.999000+00:00,573.09000000,573.09000000,570.13000000,571.89000000,4632.92300000,2026-08-04T23:16:05.044929+00:00
BNBUSDT,2026-07-12T07:59:59.999000+00:00,571.89000000,572.72000000,571.67000000,572.37000000,2559.96100000,2026-08-04T23:16:05.044964+00:00
BNBUSDT,2026-07-12T08:59:59.999000+00:00,572.37000000,573.99000000,572.26000000,573.69000000,5808.47100000,2026-08-04T23:16:05.045001+00:00
BNBUSDT,2026-07-12T09:59:59.999000+00:00,573.68000000,575.05000000,572.33000000,574.41000000,3697.21900000,2026-08-04T23:16:05.045037+00:00
BNBUSDT,2026-07-12T10:59:59.999000+00:00,574.41000000,574.80000000,573.73000000,574.42000000,1725.81800000,2026-08-04T23:16:05.045073+00:00
BNBUSDT,2026-07-12T11:59:59.999000+00:00,574.43000000,580.53000000,573.71000000,580.17000000,5956.98900000,2026-08-04T23:16:05.045108+00:00
BNBUSDT,2026-07-12T12:59:59.999000+00:00,580.18000000,584.63000000,580.11000000,582.30000000,10661.57000000,2026-08-04T23:16:05.045144+00:00
BNBUSDT,2026-07-12T13:59:59.999000+00:00,582.30000000,582.45000000,580.48000000,581.02000000,3931.09000000,2026-08-04T23:16:05.045180+00:00
BNBUSDT,2026-07-12T14:59:59.999000+00:00,581.02000000,582.82000000,579.36000000,581.55000000,3334.30800000,2026-08-04T23:16:05.045216+00:00
BNBUSDT,2026-07-12T15:59:59.999000+00:00,581.54000000,581.54000000,580.12000000,581.10000000,3489.15800000,2026-08-04T23:16:05.045273+00:00
BNBUSDT,2026-07-12T16:59:59.999000+00:00,581.09000000,582.07000000,580.81000000,581.12000000,2790.46000000,2026-08-04T23:16:05.045315+00:00
BNBUSDT,2026-07-12T17:59:59.999000+00:00,581.12000000,581.22000000,578.88000000,579.30000000,3972.01500000,2026-08-04T23:16:05.045353+00:00
BNBUSDT,2026-07-12T18:59:59.999000+00:00,579.30000000,579.75000000,579.05000000,579.45000000,1330.63800000,2026-08-04T23:16:05.045391+00:00
BNBUSDT,2026-07-12T19:59:59.999000+00:00,579.45000000,579.88000000,578.88000000,579.86000000,1471.06600000,2026-08-04T23:16:05.045429+00:00
BNBUSDT,2026-07-12T20:59:59.999000+00:00,579.87000000,579.96000000,578.28000000,578.84000000,2034.18300000,2026-08-04T23:16:05.045467+00:00
BNBUSDT,2026-07-12T21:59:59.999000+00:00,578.85000000,579.43000000,575.69000000,575.75000000,1964.73900000,2026-08-04T23:16:05.045505+00:00
BNBUSDT,2026-07-12T22:59:59.999000+00:00,575.75000000,575.75000000,572.89000000,574.16000000,4872.07300000,2026-08-04T23:16:05.045542+00:00
BNBUSDT,2026-07-12T23:59:59.999000+00:00,574.16000000,574.99000000,573.15000000,573.91000000,1305.87900000,2026-08-04T23:16:05.045579+00:00
BNBUSDT,2026-07-13T00:59:59.999000+00:00,573.91000000,579.89000000,573.08000000,577.93000000,4729.91100000,2026-08-04T23:16:05.045616+00:00
BNBUSDT,2026-07-13T01:59:59.999000+00:00,577.93000000,579.08000000,572.19000000,572.30000000,3585.61500000,2026-08-04T23:16:05.045653+00:00
BNBUSDT,2026-07-13T02:59:59.999000+00:00,572.31000000,573.77000000,570.87000000,572.04000000,5065.51300000,2026-08-04T23:16:05.045690+00:00
BNBUSDT,2026-07-13T03:59:59.999000+00:00,572.05000000,572.05000000,566.67000000,569.04000000,7761.95100000,2026-08-04T23:16:05.045726+00:00
BNBUSDT,2026-07-13T04:59:59.999000+00:00,569.05000000,569.63000000,567.28000000,567.31000000,2553.15900000,2026-08-04T23:16:05.045763+00:00
BNBUSDT,2026-07-13T05:59:59.999000+00:00,567.32000000,569.53000000,566.28000000,568.59000000,3718.24200000,2026-08-04T23:16:05.045799+00:00
BNBUSDT,2026-07-13T06:59:59.999000+00:00,568.60000000,569.34000000,567.69000000,568.57000000,1503.61600000,2026-08-04T23:16:05.045835+00:00
BNBUSDT,2026-07-13T07:59:59.999000+00:00,568.57000000,570.58000000,567.88000000,570.11000000,3094.07200000,2026-08-04T23:16:05.045872+00:00
BNBUSDT,2026-07-13T08:59:59.999000+00:00,570.11000000,571.10000000,569.43000000,570.37000000,3498.00800000,2026-08-04T23:16:05.045909+00:00
BNBUSDT,2026-07-13T09:59:59.999000+00:00,570.37000000,570.40000000,569.29000000,569.62000000,3286.70600000,2026-08-04T23:16:05.045946+00:00
BNBUSDT,2026-07-13T10:59:59.999000+00:00,569.62000000,570.39000000,568.45000000,569.65000000,2646.89200000,2026-08-04T23:16:05.045982+00:00
BNBUSDT,2026-07-13T11:59:59.999000+00:00,569.65000000,570.92000000,569.31000000,569.66000000,2955.44700000,2026-08-04T23:16:05.046019+00:00
BNBUSDT,2026-07-13T12:59:59.999000+00:00,569.67000000,569.77000000,567.56000000,568.41000000,2631.44200000,2026-08-04T23:16:05.046055+00:00
BNBUSDT,2026-07-13T13:59:59.999000+00:00,568.41000000,569.57000000,566.41000000,568.05000000,3483.73300000,2026-08-04T23:16:05.046092+00:00
BNBUSDT,2026-07-13T14:59:59.999000+00:00,568.06000000,570.73000000,565.61000000,570.70000000,5148.81300000,2026-08-04T23:16:05.046129+00:00
BNBUSDT,2026-07-13T15:59:59.999000+00:00,570.71000000,571.78000000,568.31000000,568.72000000,2479.32300000,2026-08-04T23:16:05.046166+00:00
BNBUSDT,2026-07-13T16:59:59.999000+00:00,568.72000000,568.88000000,565.67000000,566.07000000,2806.81200000,2026-08-04T23:16:05.046202+00:00
BNBUSDT,2026-07-13T17:59:59.999000+00:00,566.07000000,566.70000000,562.40000000,562.62000000,3718.62900000,2026-08-04T23:16:05.046238+00:00
BNBUSDT,2026-07-13T18:59:59.999000+00:00,562.62000000,565.33000000,562.37000000,564.44000000,3059.84200000,2026-08-04T23:16:05.046275+00:00
BNBUSDT,2026-07-13T19:59:59.999000+00:00,564.44000000,566.35000000,564.04000000,566.29000000,2431.99200000,2026-08-04T23:16:05.046311+00:00
BNBUSDT,2026-07-13T20:59:59.999000+00:00,566.29000000,566.70000000,564.45000000,565.34000000,1830.03000000,2026-08-04T23:16:05.046369+00:00
BNBUSDT,2026-07-13T21:59:59.999000+00:00,565.35000000,565.59000000,563.31000000,564.86000000,2072.81500000,2026-08-04T23:16:05.046404+00:00
BNBUSDT,2026-07-13T22:59:59.999000+00:00,564.86000000,566.64000000,564.69000000,565.31000000,1036.45800000,2026-08-04T23:16:05.046439+00:00
BNBUSDT,2026-07-13T23:59:59.999000+00:00,565.31000000,567.50000000,565.09000000,567.49000000,1626.10200000,2026-08-04T23:16:05.046474+00:00
BNBUSDT,2026-07-14T00:59:59.999000+00:00,567.50000000,569.90000000,566.74000000,569.28000000,2561.08300000,2026-08-04T23:16:05.046508+00:00
BNBUSDT,2026-07-14T01:59:59.999000+00:00,569.27000000,570.57000000,568.61000000,569.95000000,2594.72000000,2026-08-04T23:16:05.046543+00:00
BNBUSDT,2026-07-14T02:59:59.999000+00:00,569.95000000,570.42000000,567.57000000,570.00000000,3181.58800000,2026-08-04T23:16:05.046577+00:00
BNBUSDT,2026-07-14T03:59:59.999000+00:00,570.00000000,570.54000000,568.02000000,569.98000000,3562.60100000,2026-08-04T23:16:05.046612+00:00
BNBUSDT,2026-07-14T04:59:59.999000+00:00,569.99000000,571.50000000,569.81000000,571.16000000,4747.84900000,2026-08-04T23:16:05.046646+00:00
BNBUSDT,2026-07-14T05:59:59.999000+00:00,571.17000000,571.68000000,570.00000000,570.45000000,3889.63700000,2026-08-04T23:16:05.046680+00:00
BNBUSDT,2026-07-14T06:59:59.999000+00:00,570.44000000,570.45000000,568.93000000,569.28000000,2513.92400000,2026-08-04T23:16:05.046715+00:00
BNBUSDT,2026-07-14T07:59:59.999000+00:00,569.29000000,570.46000000,568.93000000,570.15000000,2227.67700000,2026-08-04T23:16:05.046750+00:00
BNBUSDT,2026-07-14T08:59:59.999000+00:00,570.16000000,571.74000000,569.14000000,570.68000000,2904.44100000,2026-08-04T23:16:05.046785+00:00
BNBUSDT,2026-07-14T09:59:59.999000+00:00,570.68000000,571.24000000,569.48000000,569.99000000,2814.80700000,2026-08-04T23:16:05.046819+00:00
BNBUSDT,2026-07-14T10:59:59.999000+00:00,569.99000000,571.18000000,569.32000000,570.95000000,3489.78200000,2026-08-04T23:16:05.046854+00:00
BNBUSDT,2026-07-14T11:59:59.999000+00:00,570.96000000,571.46000000,570.45000000,570.96000000,3113.98900000,2026-08-04T23:16:05.046888+00:00
BNBUSDT,2026-07-14T12:59:59.999000+00:00,570.96000000,577.94000000,570.21000000,577.41000000,13080.21200000,2026-08-04T23:16:05.046923+00:00
BNBUSDT,2026-07-14T13:59:59.999000+00:00,577.42000000,582.00000000,576.24000000,578.97000000,18673.09600000,2026-08-04T23:16:05.046957+00:00
BNBUSDT,2026-07-14T14:59:59.999000+00:00,578.97000000,582.29000000,577.57000000,581.48000000,12856.06100000,2026-08-04T23:16:05.046992+00:00
BNBUSDT,2026-07-14T15:59:59.999000+00:00,581.48000000,584.64000000,581.09000000,582.87000000,9581.24700000,2026-08-04T23:16:05.047026+00:00
BNBUSDT,2026-07-14T16:59:59.999000+00:00,582.87000000,583.41000000,581.54000000,581.63000000,5159.05600000,2026-08-04T23:16:05.047061+00:00
BNBUSDT,2026-07-14T17:59:59.999000+00:00,581.63000000,581.67000000,579.10000000,580.84000000,9200.64000000,2026-08-04T23:16:05.047096+00:00
BNBUSDT,2026-07-14T18:59:59.999000+00:00,580.85000000,581.12000000,579.70000000,579.89000000,2747.31400000,2026-08-04T23:16:05.047131+00:00
BNBUSDT,2026-07-14T19:59:59.999000+00:00,579.88000000,581.56000000,579.88000000,580.64000000,2705.63400000,2026-08-04T23:16:05.047166+00:00
BNBUSDT,2026-07-14T20:59:59.999000+00:00,580.65000000,580.97000000,579.50000000,579.90000000,1894.47400000,2026-08-04T23:16:05.047200+00:00
BNBUSDT,2026-07-14T21:59:59.999000+00:00,579.91000000,581.25000000,579.56000000,580.68000000,1490.11700000,2026-08-04T23:16:05.047235+00:00
BNBUSDT,2026-07-14T22:59:59.999000+00:00,580.68000000,582.91000000,579.27000000,581.67000000,4001.90100000,2026-08-04T23:16:05.047269+00:00
BNBUSDT,2026-07-14T23:59:59.999000+00:00,581.75000000,582.90000000,581.11000000,581.87000000,4243.33600000,2026-08-04T23:16:05.047347+00:00
BNBUSDT,2026-07-15T00:59:59.999000+00:00,581.88000000,583.17000000,581.44000000,582.22000000,4543.82600000,2026-08-04T23:16:05.047409+00:00
BNBUSDT,2026-07-15T01:59:59.999000+00:00,582.23000000,582.23000000,579.95000000,580.09000000,3751.02200000,2026-08-04T23:16:05.047513+00:00
BNBUSDT,2026-07-15T02:59:59.999000+00:00,580.08000000,581.11000000,579.20000000,579.94000000,3220.09800000,2026-08-04T23:16:05.047573+00:00
BNBUSDT,2026-07-15T03:59:59.999000+00:00,579.95000000,581.29000000,579.67000000,580.71000000,3290.73500000,2026-08-04T23:16:05.047621+00:00
BNBUSDT,2026-07-15T04:59:59.999000+00:00,580.72000000,581.24000000,577.29000000,579.66000000,3858.44400000,2026-08-04T23:16:05.047666+00:00
BNBUSDT,2026-07-15T05:59:59.999000+00:00,579.67000000,580.77000000,578.71000000,580.60000000,3261.53800000,2026-08-04T23:16:05.047711+00:00
BNBUSDT,2026-07-15T06:59:59.999000+00:00,580.60000000,582.28000000,579.78000000,579.78000000,3779.46100000,2026-08-04T23:16:05.047756+00:00
BNBUSDT,2026-07-15T07:59:59.999000+00:00,579.79000000,580.19000000,576.49000000,576.49000000,9743.30000000,2026-08-04T23:16:05.047879+00:00
BNBUSDT,2026-07-15T08:59:59.999000+00:00,576.50000000,577.70000000,575.80000000,577.13000000,5287.45300000,2026-08-04T23:16:05.047950+00:00
BNBUSDT,2026-07-15T09:59:59.999000+00:00,577.12000000,577.98000000,576.56000000,577.14000000,4011.44300000,2026-08-04T23:16:05.047992+00:00
BNBUSDT,2026-07-15T10:59:59.999000+00:00,577.14000000,578.86000000,576.99000000,578.82000000,5247.95300000,2026-08-04T23:16:05.048032+00:00
BNBUSDT,2026-07-15T11:59:59.999000+00:00,578.82000000,579.10000000,577.83000000,579.01000000,3709.24100000,2026-08-04T23:16:05.048070+00:00
BNBUSDT,2026-07-15T12:59:59.999000+00:00,579.02000000,584.52000000,577.22000000,582.59000000,9320.89300000,2026-08-04T23:16:05.048108+00:00
BNBUSDT,2026-07-15T13:59:59.999000+00:00,582.60000000,585.30000000,580.99000000,582.47000000,12170.85400000,2026-08-04T23:16:05.048146+00:00
BNBUSDT,2026-07-15T14:59:59.999000+00:00,582.48000000,583.72000000,580.21000000,581.62000000,6402.89600000,2026-08-04T23:16:05.048184+00:00
BNBUSDT,2026-07-15T15:59:59.999000+00:00,581.62000000,582.33000000,580.40000000,581.73000000,6796.06200000,2026-08-04T23:16:05.048222+00:00
BNBUSDT,2026-07-15T16:59:59.999000+00:00,581.74000000,581.79000000,576.63000000,578.64000000,7227.60800000,2026-08-04T23:16:05.048260+00:00
BNBUSDT,2026-07-15T17:59:59.999000+00:00,578.65000000,580.83000000,578.35000000,580.09000000,3701.86000000,2026-08-04T23:16:05.048299+00:00
BNBUSDT,2026-07-15T18:59:59.999000+00:00,580.10000000,581.91000000,579.51000000,579.74000000,2267.16900000,2026-08-04T23:16:05.048337+00:00
BNBUSDT,2026-07-15T19:59:59.999000+00:00,579.75000000,580.37000000,578.55000000,579.48000000,1732.74400000,2026-08-04T23:16:05.048375+00:00
BNBUSDT,2026-07-15T20:59:59.999000+00:00,579.50000000,581.32000000,579.30000000,580.78000000,1734.46400000,2026-08-04T23:16:05.048415+00:00
BNBUSDT,2026-07-15T21:59:59.999000+00:00,580.78000000,581.49000000,580.48000000,581.09000000,2571.61600000,2026-08-04T23:16:05.048453+00:00
BNBUSDT,2026-07-15T22:59:59.999000+00:00,581.10000000,581.97000000,580.53000000,581.06000000,2800.78400000,2026-08-04T23:16:05.048491+00:00
BNBUSDT,2026-07-15T23:59:59.999000+00:00,581.07000000,581.66000000,579.90000000,580.55000000,2464.39300000,2026-08-04T23:16:05.048528+00:00
BNBUSDT,2026-07-16T00:59:59.999000+00:00,580.56000000,582.40000000,578.00000000,579.51000000,5371.39300000,2026-08-04T23:16:05.048566+00:00
BNBUSDT,2026-07-16T01:59:59.999000+00:00,579.51000000,580.49000000,577.85000000,579.91000000,4703.79900000,2026-08-04T23:16:05.048603+00:00
BNBUSDT,2026-07-16T02:59:59.999000+00:00,579.91000000,580.68000000,579.45000000,580.36000000,1819.51900000,2026-08-04T23:16:05.048640+00:00
BNBUSDT,2026-07-16T03:59:59.999000+00:00,580.36000000,581.52000000,580.15000000,581.46000000,2839.04900000,2026-08-04T23:16:05.048676+00:00
BNBUSDT,2026-07-16T04:59:59.999000+00:00,581.47000000,582.25000000,580.53000000,580.76000000,2044.48200000,2026-08-04T23:16:05.048713+00:00
BNBUSDT,2026-07-16T05:59:59.999000+00:00,580.76000000,585.87000000,580.76000000,583.60000000,6071.44900000,2026-08-04T23:16:05.048754+00:00
BNBUSDT,2026-07-16T06:59:59.999000+00:00,583.61000000,584.64000000,581.63000000,582.97000000,2783.55100000,2026-08-04T23:16:05.048814+00:00
BNBUSDT,2026-07-16T07:59:59.999000+00:00,582.98000000,583.12000000,578.88000000,579.86000000,3294.06700000,2026-08-04T23:16:05.048851+00:00
BNBUSDT,2026-07-16T08:59:59.999000+00:00,579.86000000,580.07000000,574.57000000,577.01000000,6999.32200000,2026-08-04T23:16:05.048887+00:00
BNBUSDT,2026-07-16T09:59:59.999000+00:00,577.01000000,578.09000000,576.70000000,577.58000000,2926.16400000,2026-08-04T23:16:05.048924+00:00
BNBUSDT,2026-07-16T10:59:59.999000+00:00,577.58000000,578.25000000,577.20000000,577.61000000,2139.31700000,2026-08-04T23:16:05.048964+00:00
BNBUSDT,2026-07-16T11:59:59.999000+00:00,577.61000000,578.48000000,576.31000000,578.09000000,2438.10000000,2026-08-04T23:16:05.049000+00:00
BNBUSDT,2026-07-16T12:59:59.999000+00:00,578.09000000,578.09000000,575.66000000,576.68000000,2939.10900000,2026-08-04T23:16:05.049037+00:00
BNBUSDT,2026-07-16T13:59:59.999000+00:00,576.67000000,579.57000000,576.15000000,578.31000000,2921.51400000,2026-08-04T23:16:05.049073+00:00
BNBUSDT,2026-07-16T14:59:59.999000+00:00,578.31000000,581.21000000,578.00000000,579.80000000,3962.75600000,2026-08-04T23:16:05.049110+00:00
BNBUSDT,2026-07-16T15:59:59.999000+00:00,579.80000000,580.97000000,577.15000000,579.48000000,5413.22000000,2026-08-04T23:16:05.049150+00:00
BNBUSDT,2026-07-16T16:59:59.999000+00:00,579.49000000,579.56000000,576.81000000,576.98000000,6944.99200000,2026-08-04T23:16:05.049186+00:00
BNBUSDT,2026-07-16T17:59:59.999000+00:00,576.99000000,576.99000000,574.28000000,575.22000000,5908.67500000,2026-08-04T23:16:05.049222+00:00
BNBUSDT,2026-07-16T18:59:59.999000+00:00,575.23000000,576.65000000,575.00000000,576.07000000,2735.85300000,2026-08-04T23:16:05.049258+00:00
BNBUSDT,2026-07-16T19:59:59.999000+00:00,576.07000000,576.38000000,575.16000000,575.80000000,2547.41000000,2026-08-04T23:16:05.049295+00:00
BNBUSDT,2026-07-16T20:59:59.999000+00:00,575.81000000,576.00000000,574.74000000,574.85000000,2260.38800000,2026-08-04T23:16:05.049332+00:00
BNBUSDT,2026-07-16T21:59:59.999000+00:00,574.85000000,576.86000000,574.68000000,576.23000000,1589.09500000,2026-08-04T23:16:05.049368+00:00
BNBUSDT,2026-07-16T22:59:59.999000+00:00,576.23000000,577.00000000,573.58000000,573.69000000,2322.84800000,2026-08-04T23:16:05.049405+00:00
BNBUSDT,2026-07-16T23:59:59.999000+00:00,573.70000000,573.91000000,571.69000000,572.45000000,3373.17100000,2026-08-04T23:16:05.049441+00:00
BNBUSDT,2026-07-17T00:59:59.999000+00:00,572.45000000,573.88000000,570.65000000,573.88000000,5360.26800000,2026-08-04T23:16:05.049478+00:00
BNBUSDT,2026-07-17T01:59:59.999000+00:00,573.88000000,574.84000000,571.21000000,571.62000000,3840.66500000,2026-08-04T23:16:05.049514+00:00
BNBUSDT,2026-07-17T02:59:59.999000+00:00,571.61000000,572.43000000,570.32000000,570.94000000,3726.98100000,2026-08-04T23:16:05.049551+00:00
BNBUSDT,2026-07-17T03:59:59.999000+00:00,570.94000000,573.47000000,570.69000000,572.36000000,4012.31200000,2026-08-04T23:16:05.049587+00:00
BNBUSDT,2026-07-17T04:59:59.999000+00:00,572.37000000,572.74000000,570.42000000,571.93000000,3042.19900000,2026-08-04T23:16:05.049623+00:00
BNBUSDT,2026-07-17T05:59:59.999000+00:00,571.94000000,571.94000000,567.27000000,567.80000000,8126.65100000,2026-08-04T23:16:05.049660+00:00
BNBUSDT,2026-07-17T06:59:59.999000+00:00,567.80000000,570.00000000,567.32000000,570.00000000,3952.69300000,2026-08-04T23:16:05.049696+00:00
BNBUSDT,2026-07-17T07:59:59.999000+00:00,570.00000000,570.15000000,566.00000000,566.00000000,5099.31700000,2026-08-04T23:16:05.049732+00:00
BNBUSDT,2026-07-17T08:59:59.999000+00:00,566.01000000,566.01000000,562.86000000,564.64000000,8083.40100000,2026-08-04T23:16:05.049769+00:00
BNBUSDT,2026-07-17T09:59:59.999000+00:00,564.64000000,565.61000000,564.17000000,564.36000000,10477.20600000,2026-08-04T23:16:05.049806+00:00
BNBUSDT,2026-07-17T10:59:59.999000+00:00,564.36000000,565.59000000,563.81000000,564.19000000,14166.86500000,2026-08-04T23:16:05.049842+00:00
BNBUSDT,2026-07-17T11:59:59.999000+00:00,564.18000000,564.82000000,563.00000000,564.78000000,16345.03900000,2026-08-04T23:16:05.049879+00:00
BNBUSDT,2026-07-17T12:59:59.999000+00:00,564.78000000,565.13000000,561.27000000,561.37000000,11933.67100000,2026-08-04T23:16:05.049940+00:00
BNBUSDT,2026-07-17T13:59:59.999000+00:00,561.38000000,561.38000000,555.59000000,560.54000000,13436.46600000,2026-08-04T23:16:05.049977+00:00
BNBUSDT,2026-07-17T14:59:59.999000+00:00,560.54000000,563.06000000,560.28000000,561.86000000,4624.29000000,2026-08-04T23:16:05.050013+00:00
BNBUSDT,2026-07-17T15:59:59.999000+00:00,561.87000000,562.97000000,559.29000000,562.97000000,5495.52100000,2026-08-04T23:16:05.050050+00:00
BNBUSDT,2026-07-17T16:59:59.999000+00:00,562.97000000,565.02000000,562.19000000,564.19000000,5805.25100000,2026-08-04T23:16:05.050086+00:00
BNBUSDT,2026-07-17T17:59:59.999000+00:00,564.20000000,567.77000000,564.19000000,566.19000000,6074.92400000,2026-08-04T23:16:05.050122+00:00
BNBUSDT,2026-07-17T18:59:59.999000+00:00,566.20000000,568.00000000,565.82000000,567.31000000,2479.93000000,2026-08-04T23:16:05.050159+00:00
BNBUSDT,2026-07-17T19:59:59.999000+00:00,567.31000000,568.05000000,565.66000000,568.05000000,1861.42300000,2026-08-04T23:16:05.050198+00:00
BNBUSDT,2026-07-17T20:59:59.999000+00:00,568.05000000,568.30000000,567.03000000,567.85000000,1464.56900000,2026-08-04T23:16:05.050234+00:00
BNBUSDT,2026-07-17T21:59:59.999000+00:00,567.85000000,569.16000000,567.84000000,568.62000000,1146.80300000,2026-08-04T23:16:05.050271+00:00
BNBUSDT,2026-07-17T22:59:59.999000+00:00,568.62000000,568.78000000,567.13000000,567.51000000,1103.38800000,2026-08-04T23:16:05.050307+00:00
BNBUSDT,2026-07-17T23:59:59.999000+00:00,567.51000000,568.61000000,566.62000000,568.09000000,1005.35800000,2026-08-04T23:16:05.050343+00:00
BNBUSDT,2026-07-18T00:59:59.999000+00:00,568.09000000,569.21000000,567.51000000,567.87000000,1664.39200000,2026-08-04T23:16:05.050380+00:00
BNBUSDT,2026-07-18T01:59:59.999000+00:00,567.87000000,567.87000000,566.66000000,566.82000000,1693.02700000,2026-08-04T23:16:05.050416+00:00
BNBUSDT,2026-07-18T02:59:59.999000+00:00,566.82000000,568.40000000,566.25000000,567.79000000,3605.48500000,2026-08-04T23:16:05.050453+00:00
BNBUSDT,2026-07-18T03:59:59.999000+00:00,567.79000000,568.85000000,567.74000000,568.39000000,4641.19200000,2026-08-04T23:16:05.050492+00:00
BNBUSDT,2026-07-18T04:59:59.999000+00:00,568.39000000,568.43000000,566.92000000,567.19000000,2619.80400000,2026-08-04T23:16:05.050531+00:00
BNBUSDT,2026-07-18T05:59:59.999000+00:00,567.20000000,567.67000000,566.92000000,567.67000000,5055.17900000,2026-08-04T23:16:05.050567+00:00
BNBUSDT,2026-07-18T06:59:59.999000+00:00,567.67000000,568.50000000,566.39000000,567.16000000,2262.78500000,2026-08-04T23:16:05.050604+00:00
BNBUSDT,2026-07-18T07:59:59.999000+00:00,567.16000000,567.99000000,567.15000000,567.97000000,2205.54700000,2026-08-04T23:16:05.050641+00:00
BNBUSDT,2026-07-18T08:59:59.999000+00:00,567.97000000,568.94000000,567.80000000,567.85000000,4045.76200000,2026-08-04T23:16:05.050677+00:00
BNBUSDT,2026-07-18T09:59:59.999000+00:00,567.85000000,568.84000000,567.69000000,568.48000000,4702.13100000,2026-08-04T23:16:05.050713+00:00
BNBUSDT,2026-07-18T10:59:59.999000+00:00,568.48000000,569.83000000,568.32000000,569.56000000,2225.05200000,2026-08-04T23:16:05.050750+00:00
BNBUSDT,2026-07-18T11:59:59.999000+00:00,569.56000000,570.51000000,569.54000000,569.76000000,3259.99800000,2026-08-04T23:16:05.050786+00:00
BNBUSDT,2026-07-18T12:59:59.999000+00:00,569.76000000,571.87000000,568.99000000,571.29000000,3402.72700000,2026-08-04T23:16:05.050822+00:00
BNBUSDT,2026-07-18T13:59:59.999000+00:00,571.29000000,571.29000000,569.00000000,569.45000000,2089.30600000,2026-08-04T23:16:05.050858+00:00
BNBUSDT,2026-07-18T14:59:59.999000+00:00,569.44000000,571.06000000,569.00000000,570.85000000,2895.26100000,2026-08-04T23:16:05.050894+00:00
BNBUSDT,2026-07-18T15:59:59.999000+00:00,570.85000000,570.92000000,569.72000000,570.86000000,2006.34100000,2026-08-04T23:16:05.050931+00:00
BNBUSDT,2026-07-18T16:59:59.999000+00:00,570.86000000,571.47000000,570.06000000,571.18000000,1861.26300000,2026-08-04T23:16:05.050967+00:00
BNBUSDT,2026-07-18T17:59:59.999000+00:00,571.19000000,572.75000000,570.55000000,571.38000000,2940.50600000,2026-08-04T23:16:05.051029+00:00
BNBUSDT,2026-07-18T18:59:59.999000+00:00,571.39000000,572.74000000,570.35000000,570.61000000,2714.36400000,2026-08-04T23:16:05.051064+00:00
BNBUSDT,2026-07-18T19:59:59.999000+00:00,570.62000000,571.46000000,570.41000000,570.64000000,973.13300000,2026-08-04T23:16:05.051099+00:00
BNBUSDT,2026-07-18T20:59:59.999000+00:00,570.65000000,572.22000000,570.50000000,571.44000000,985.43500000,2026-08-04T23:16:05.051133+00:00
BNBUSDT,2026-07-18T21:59:59.999000+00:00,571.45000000,572.50000000,570.09000000,570.82000000,1935.41200000,2026-08-04T23:16:05.051168+00:00
BNBUSDT,2026-07-18T22:59:59.999000+00:00,570.83000000,571.46000000,569.80000000,570.30000000,1551.94900000,2026-08-04T23:16:05.051202+00:00
BNBUSDT,2026-07-18T23:59:59.999000+00:00,570.31000000,571.22000000,569.66000000,570.65000000,1203.49200000,2026-08-04T23:16:05.051237+00:00
BNBUSDT,2026-07-19T00:59:59.999000+00:00,570.66000000,571.60000000,570.65000000,571.10000000,1476.14000000,2026-08-04T23:16:05.051272+00:00
BNBUSDT,2026-07-19T01:59:59.999000+00:00,571.10000000,571.11000000,570.24000000,570.59000000,1600.17200000,2026-08-04T23:16:05.051308+00:00
BNBUSDT,2026-07-19T02:59:59.999000+00:00,570.59000000,572.61000000,570.56000000,571.07000000,2652.42000000,2026-08-04T23:16:05.051344+00:00
BNBUSDT,2026-07-19T03:59:59.999000+00:00,571.07000000,571.20000000,568.70000000,569.15000000,2541.73700000,2026-08-04T23:16:05.051379+00:00
BNBUSDT,2026-07-19T04:59:59.999000+00:00,569.15000000,569.37000000,567.31000000,568.85000000,3385.03800000,2026-08-04T23:16:05.051415+00:00
BNBUSDT,2026-07-19T05:59:59.999000+00:00,568.84000000,569.41000000,568.59000000,568.84000000,2664.62900000,2026-08-04T23:16:05.051451+00:00
BNBUSDT,2026-07-19T06:59:59.999000+00:00,568.84000000,569.24000000,568.58000000,569.24000000,1200.69600000,2026-08-04T23:16:05.051487+00:00
BNBUSDT,2026-07-19T07:59:59.999000+00:00,569.24000000,569.68000000,568.64000000,569.04000000,1401.83000000,2026-08-04T23:16:05.051523+00:00
BNBUSDT,2026-07-19T08:59:59.999000+00:00,569.05000000,569.51000000,568.49000000,568.64000000,6978.98400000,2026-08-04T23:16:05.051580+00:00
BNBUSDT,2026-07-19T09:59:59.999000+00:00,568.65000000,568.75000000,567.13000000,568.03000000,3052.26300000,2026-08-04T23:16:05.051626+00:00
BNBUSDT,2026-07-19T10:59:59.999000+00:00,568.02000000,569.03000000,567.51000000,568.25000000,1750.91200000,2026-08-04T23:16:05.051669+00:00
BNBUSDT,2026-07-19T11:59:59.999000+00:00,568.26000000,570.00000000,567.78000000,568.01000000,3109.55600000,2026-08-04T23:16:05.051711+00:00
BNBUSDT,2026-07-19T12:59:59.999000+00:00,568.01000000,568.02000000,567.00000000,568.02000000,2308.49900000,2026-08-04T23:16:05.051752+00:00
BNBUSDT,2026-07-19T13:59:59.999000+00:00,568.03000000,568.34000000,567.15000000,568.34000000,1392.45900000,2026-08-04T23:16:05.051791+00:00
BNBUSDT,2026-07-19T14:59:59.999000+00:00,568.34000000,570.04000000,567.70000000,569.76000000,1885.13400000,2026-08-04T23:16:05.051831+00:00
BNBUSDT,2026-07-19T15:59:59.999000+00:00,569.76000000,570.96000000,569.41000000,570.16000000,1829.42000000,2026-08-04T23:16:05.051870+00:00
BNBUSDT,2026-07-19T16:59:59.999000+00:00,570.16000000,570.47000000,568.21000000,568.40000000,1926.50800000,2026-08-04T23:16:05.051911+00:00
BNBUSDT,2026-07-19T17:59:59.999000+00:00,568.40000000,569.77000000,567.03000000,568.36000000,2687.08300000,2026-08-04T23:16:05.051950+00:00
BNBUSDT,2026-07-19T18:59:59.999000+00:00,568.36000000,568.41000000,566.33000000,567.46000000,3090.03800000,2026-08-04T23:16:05.051989+00:00
BNBUSDT,2026-07-19T19:59:59.999000+00:00,567.47000000,568.16000000,566.85000000,568.15000000,685.56500000,2026-08-04T23:16:05.052025+00:00
BNBUSDT,2026-07-19T20:59:59.999000+00:00,568.16000000,569.79000000,568.16000000,569.78000000,703.38300000,2026-08-04T23:16:05.052061+00:00
BNBUSDT,2026-07-19T21:59:59.999000+00:00,569.79000000,569.92000000,568.00000000,568.65000000,963.47300000,2026-08-04T23:16:05.052098+00:00
BNBUSDT,2026-07-19T22:59:59.999000+00:00,568.65000000,571.75000000,568.33000000,570.72000000,3870.05100000,2026-08-04T23:16:05.052162+00:00
BNBUSDT,2026-07-19T23:59:59.999000+00:00,570.73000000,571.75000000,569.95000000,571.06000000,1941.21300000,2026-08-04T23:16:05.052201+00:00
BNBUSDT,2026-07-20T00:59:59.999000+00:00,571.06000000,573.94000000,568.40000000,569.34000000,6414.59600000,2026-08-04T23:16:05.052240+00:00
BNBUSDT,2026-07-20T01:59:59.999000+00:00,569.35000000,572.75000000,568.23000000,569.01000000,3207.32100000,2026-08-04T23:16:05.052279+00:00
BNBUSDT,2026-07-20T02:59:59.999000+00:00,569.01000000,571.64000000,568.70000000,570.39000000,2604.94300000,2026-08-04T23:16:05.052317+00:00
BNBUSDT,2026-07-20T03:59:59.999000+00:00,570.39000000,571.00000000,569.12000000,570.13000000,2959.41700000,2026-08-04T23:16:05.052355+00:00
BNBUSDT,2026-07-20T04:59:59.999000+00:00,570.13000000,570.23000000,567.41000000,567.42000000,3171.08300000,2026-08-04T23:16:05.052394+00:00
BNBUSDT,2026-07-20T05:59:59.999000+00:00,567.42000000,567.63000000,564.00000000,565.30000000,5685.56100000,2026-08-04T23:16:05.052432+00:00
BNBUSDT,2026-07-20T06:59:59.999000+00:00,565.31000000,565.79000000,562.97000000,564.48000000,4184.21400000,2026-08-04T23:16:05.052470+00:00
BNBUSDT,2026-07-20T07:59:59.999000+00:00,564.49000000,566.86000000,563.90000000,566.69000000,3034.53900000,2026-08-04T23:16:05.052508+00:00
BNBUSDT,2026-07-20T08:59:59.999000+00:00,566.70000000,567.04000000,564.35000000,565.29000000,3685.49300000,2026-08-04T23:16:05.052546+00:00
BNBUSDT,2026-07-20T09:59:59.999000+00:00,565.30000000,567.04000000,564.85000000,565.86000000,3043.56000000,2026-08-04T23:16:05.052584+00:00
BNBUSDT,2026-07-20T10:59:59.999000+00:00,565.86000000,567.68000000,565.68000000,566.62000000,3555.24400000,2026-08-04T23:16:05.052622+00:00
BNBUSDT,2026-07-20T11:59:59.999000+00:00,566.62000000,571.43000000,566.41000000,571.01000000,8191.77600000,2026-08-04T23:16:05.052659+00:00
BNBUSDT,2026-07-20T12:59:59.999000+00:00,571.02000000,571.03000000,569.02000000,569.31000000,5311.22900000,2026-08-04T23:16:05.052697+00:00
BNBUSDT,2026-07-20T13:59:59.999000+00:00,569.31000000,569.93000000,566.16000000,566.76000000,5633.91600000,2026-08-04T23:16:05.052735+00:00
BNBUSDT,2026-07-20T14:59:59.999000+00:00,566.77000000,568.52000000,565.00000000,567.61000000,4747.63500000,2026-08-04T23:16:05.052773+00:00
BNBUSDT,2026-07-20T15:59:59.999000+00:00,567.61000000,574.60000000,567.61000000,573.91000000,7838.52800000,2026-08-04T23:16:05.052812+00:00
BNBUSDT,2026-07-20T16:59:59.999000+00:00,573.92000000,574.90000000,572.39000000,573.29000000,9025.28700000,2026-08-04T23:16:05.052850+00:00
BNBUSDT,2026-07-20T17:59:59.999000+00:00,573.30000000,574.82000000,572.21000000,574.01000000,3568.15500000,2026-08-04T23:16:05.052887+00:00
BNBUSDT,2026-07-20T18:59:59.999000+00:00,574.01000000,575.91000000,572.05000000,572.32000000,5937.83600000,2026-08-04T23:16:05.052923+00:00
BNBUSDT,2026-07-20T19:59:59.999000+00:00,572.32000000,572.60000000,571.05000000,571.30000000,3914.36800000,2026-08-04T23:16:05.052958+00:00
BNBUSDT,2026-07-20T20:59:59.999000+00:00,571.30000000,572.96000000,570.86000000,572.43000000,1660.68600000,2026-08-04T23:16:05.052994+00:00
BNBUSDT,2026-07-20T21:59:59.999000+00:00,572.43000000,572.73000000,571.20000000,571.28000000,2019.58200000,2026-08-04T23:16:05.053033+00:00
BNBUSDT,2026-07-20T22:59:59.999000+00:00,571.29000000,571.29000000,569.91000000,570.00000000,1374.02200000,2026-08-04T23:16:05.053072+00:00
BNBUSDT,2026-07-20T23:59:59.999000+00:00,570.00000000,571.60000000,569.86000000,571.27000000,1977.81600000,2026-08-04T23:16:05.053111+00:00
BNBUSDT,2026-07-21T00:59:59.999000+00:00,571.28000000,573.78000000,570.75000000,573.51000000,2280.87000000,2026-08-04T23:16:05.053151+00:00
BNBUSDT,2026-07-21T01:59:59.999000+00:00,573.51000000,574.12000000,572.02000000,572.16000000,2129.42000000,2026-08-04T23:16:05.053190+00:00
BNBUSDT,2026-07-21T02:59:59.999000+00:00,572.17000000,574.28000000,571.31000000,573.37000000,2285.55900000,2026-08-04T23:16:05.053229+00:00
BNBUSDT,2026-07-21T03:59:59.999000+00:00,573.38000000,575.37000000,573.38000000,575.25000000,3615.82300000,2026-08-04T23:16:05.053293+00:00
BNBUSDT,2026-07-21T04:59:59.999000+00:00,575.25000000,576.08000000,573.76000000,573.91000000,5521.47000000,2026-08-04T23:16:05.053334+00:00
BNBUSDT,2026-07-21T05:59:59.999000+00:00,573.91000000,575.80000000,573.90000000,574.94000000,3964.80400000,2026-08-04T23:16:05.053375+00:00
BNBUSDT,2026-07-21T06:59:59.999000+00:00,574.94000000,576.96000000,574.83000000,576.39000000,4852.30400000,2026-08-04T23:16:05.053412+00:00
BNBUSDT,2026-07-21T07:59:59.999000+00:00,576.40000000,576.90000000,575.15000000,576.85000000,6400.97700000,2026-08-04T23:16:05.053449+00:00
BNBUSDT,2026-07-21T08:59:59.999000+00:00,576.86000000,578.61000000,576.32000000,577.68000000,8886.17200000,2026-08-04T23:16:05.053486+00:00
BNBUSDT,2026-07-21T09:59:59.999000+00:00,577.68000000,579.77000000,577.06000000,579.42000000,4240.91000000,2026-08-04T23:16:05.053561+00:00
BNBUSDT,2026-07-21T10:59:59.999000+00:00,579.42000000,579.79000000,577.32000000,577.76000000,5916.34100000,2026-08-04T23:16:05.053608+00:00
BNBUSDT,2026-07-21T11:59:59.999000+00:00,577.76000000,577.96000000,576.18000000,576.66000000,5460.37500000,2026-08-04T23:16:05.053652+00:00
BNBUSDT,2026-07-21T12:59:59.999000+00:00,576.67000000,578.00000000,576.18000000,577.74000000,4359.54200000,2026-08-04T23:16:05.053696+00:00
BNBUSDT,2026-07-21T13:59:59.999000+00:00,577.74000000,577.93000000,576.22000000,577.71000000,6429.40000000,2026-08-04T23:16:05.053738+00:00
BNBUSDT,2026-07-21T14:59:59.999000+00:00,577.72000000,577.80000000,574.48000000,575.79000000,11586.09000000,2026-08-04T23:16:05.053779+00:00
BNBUSDT,2026-07-21T15:59:59.999000+00:00,575.79000000,575.82000000,574.53000000,575.17000000,3573.00700000,2026-08-04T23:16:05.053820+00:00
BNBUSDT,2026-07-21T16:59:59.999000+00:00,575.17000000,575.60000000,574.00000000,574.70000000,3322.36300000,2026-08-04T23:16:05.053860+00:00
BNBUSDT,2026-07-21T17:59:59.999000+00:00,574.69000000,574.79000000,572.15000000,573.03000000,5680.80900000,2026-08-04T23:16:05.053900+00:00
BNBUSDT,2026-07-21T18:59:59.999000+00:00,573.04000000,573.78000000,572.33000000,573.27000000,3367.59300000,2026-08-04T23:16:05.053940+00:00
BNBUSDT,2026-07-21T19:59:59.999000+00:00,573.28000000,573.39000000,572.61000000,572.75000000,2283.51400000,2026-08-04T23:16:05.053980+00:00
BNBUSDT,2026-07-21T20:59:59.999000+00:00,572.74000000,573.64000000,572.50000000,573.12000000,1043.01600000,2026-08-04T23:16:05.054020+00:00
BNBUSDT,2026-07-21T21:59:59.999000+00:00,573.12000000,573.99000000,572.60000000,573.38000000,1956.30800000,2026-08-04T23:16:05.054059+00:00
BNBUSDT,2026-07-21T22:59:59.999000+00:00,573.38000000,573.61000000,572.25000000,572.81000000,1455.39400000,2026-08-04T23:16:05.054098+00:00
BNBUSDT,2026-07-21T23:59:59.999000+00:00,572.82000000,574.16000000,571.81000000,573.95000000,2368.40300000,2026-08-04T23:16:05.054137+00:00
BNBUSDT,2026-07-22T00:59:59.999000+00:00,573.96000000,575.63000000,573.52000000,574.79000000,6154.78600000,2026-08-04T23:16:05.054176+00:00
BNBUSDT,2026-07-22T01:59:59.999000+00:00,574.79000000,574.97000000,573.05000000,573.37000000,2539.14100000,2026-08-04T23:16:05.054215+00:00
BNBUSDT,2026-07-22T02:59:59.999000+00:00,573.37000000,574.16000000,572.54000000,572.69000000,1942.18500000,2026-08-04T23:16:05.054253+00:00
BNBUSDT,2026-07-22T03:59:59.999000+00:00,572.70000000,572.89000000,570.90000000,571.08000000,3052.63700000,2026-08-04T23:16:05.054291+00:00
BNBUSDT,2026-07-22T04:59:59.999000+00:00,571.07000000,572.58000000,570.49000000,572.15000000,2582.32700000,2026-08-04T23:16:05.054328+00:00
BNBUSDT,2026-07-22T05:59:59.999000+00:00,572.16000000,572.16000000,568.59000000,569.21000000,3372.68800000,2026-08-04T23:16:05.054366+00:00
BNBUSDT,2026-07-22T06:59:59.999000+00:00,569.22000000,569.65000000,566.89000000,568.02000000,3910.95200000,2026-08-04T23:16:05.054403+00:00
BNBUSDT,2026-07-22T07:59:59.999000+00:00,568.02000000,568.56000000,567.38000000,568.27000000,3390.43500000,2026-08-04T23:16:05.054441+00:00
BNBUSDT,2026-07-22T08:59:59.999000+00:00,568.27000000,570.40000000,568.18000000,570.13000000,3255.67400000,2026-08-04T23:16:05.054479+00:00
BNBUSDT,2026-07-22T09:59:59.999000+00:00,570.13000000,571.26000000,569.19000000,571.08000000,3219.72500000,2026-08-04T23:16:05.054549+00:00
BNBUSDT,2026-07-22T10:59:59.999000+00:00,571.09000000,571.77000000,570.85000000,570.94000000,3023.05300000,2026-08-04T23:16:05.054586+00:00
BNBUSDT,2026-07-22T11:59:59.999000+00:00,570.95000000,571.77000000,570.40000000,570.97000000,3156.97400000,2026-08-04T23:16:05.054624+00:00
BNBUSDT,2026-07-22T12:59:59.999000+00:00,570.97000000,570.98000000,569.37000000,570.12000000,2372.12700000,2026-08-04T23:16:05.054661+00:00
BNBUSDT,2026-07-22T13:59:59.999000+00:00,570.12000000,572.66000000,569.91000000,572.31000000,3538.82100000,2026-08-04T23:16:05.054698+00:00
BNBUSDT,2026-07-22T14:59:59.999000+00:00,572.31000000,575.25000000,570.41000000,571.01000000,6072.33900000,2026-08-04T23:16:05.054735+00:00
BNBUSDT,2026-07-22T15:59:59.999000+00:00,571.01000000,573.28000000,571.01000000,572.50000000,7332.30000000,2026-08-04T23:16:05.054772+00:00
BNBUSDT,2026-07-22T16:59:59.999000+00:00,572.50000000,575.18000000,570.93000000,574.83000000,6207.87600000,2026-08-04T23:16:05.054810+00:00
BNBUSDT,2026-07-22T17:59:59.999000+00:00,574.84000000,575.50000000,571.40000000,571.82000000,6973.95800000,2026-08-04T23:16:05.054848+00:00
BNBUSDT,2026-07-22T18:59:59.999000+00:00,571.83000000,572.37000000,569.60000000,570.18000000,4877.61800000,2026-08-04T23:16:05.054886+00:00
BNBUSDT,2026-07-22T19:59:59.999000+00:00,570.19000000,570.31000000,568.98000000,570.16000000,1501.26200000,2026-08-04T23:16:05.054923+00:00
BNBUSDT,2026-07-22T20:59:59.999000+00:00,570.16000000,570.97000000,569.61000000,570.55000000,2376.50600000,2026-08-04T23:16:05.054960+00:00
BNBUSDT,2026-07-22T21:59:59.999000+00:00,570.56000000,572.18000000,570.45000000,571.34000000,1657.92100000,2026-08-04T23:16:05.054998+00:00
BNBUSDT,2026-07-22T22:59:59.999000+00:00,571.35000000,571.51000000,570.29000000,571.38000000,1263.82600000,2026-08-04T23:16:05.055036+00:00
BNBUSDT,2026-07-22T23:59:59.999000+00:00,571.38000000,571.39000000,569.38000000,571.08000000,1108.86500000,2026-08-04T23:16:05.055074+00:00
BNBUSDT,2026-07-23T00:59:59.999000+00:00,571.09000000,572.24000000,570.86000000,571.35000000,2000.13600000,2026-08-04T23:16:05.055111+00:00
BNBUSDT,2026-07-23T01:59:59.999000+00:00,571.36000000,571.80000000,570.01000000,570.81000000,2791.26900000,2026-08-04T23:16:05.055150+00:00
BNBUSDT,2026-07-23T02:59:59.999000+00:00,570.82000000,571.04000000,570.00000000,570.80000000,1426.32100000,2026-08-04T23:16:05.055191+00:00
BNBUSDT,2026-07-23T03:59:59.999000+00:00,570.81000000,571.15000000,569.62000000,570.38000000,2333.74100000,2026-08-04T23:16:05.055229+00:00
BNBUSDT,2026-07-23T04:59:59.999000+00:00,570.38000000,570.52000000,569.55000000,569.77000000,2356.94500000,2026-08-04T23:16:05.055266+00:00
BNBUSDT,2026-07-23T05:59:59.999000+00:00,569.78000000,570.64000000,569.00000000,569.90000000,1897.79000000,2026-08-04T23:16:05.055302+00:00
BNBUSDT,2026-07-23T06:59:59.999000+00:00,569.90000000,570.58000000,569.34000000,570.33000000,2272.09900000,2026-08-04T23:16:05.055339+00:00
BNBUSDT,2026-07-23T07:59:59.999000+00:00,570.33000000,570.33000000,568.23000000,569.82000000,2453.09200000,2026-08-04T23:16:05.055376+00:00
BNBUSDT,2026-07-23T08:59:59.999000+00:00,569.83000000,571.51000000,569.68000000,570.49000000,2971.82500000,2026-08-04T23:16:05.055414+00:00
BNBUSDT,2026-07-23T09:59:59.999000+00:00,570.50000000,570.98000000,568.91000000,569.30000000,4938.58900000,2026-08-04T23:16:05.055451+00:00
BNBUSDT,2026-07-23T10:59:59.999000+00:00,569.31000000,570.28000000,569.13000000,569.96000000,2783.67100000,2026-08-04T23:16:05.055489+00:00
BNBUSDT,2026-07-23T11:59:59.999000+00:00,569.97000000,571.00000000,569.54000000,569.99000000,3565.09900000,2026-08-04T23:16:05.055526+00:00
BNBUSDT,2026-07-23T12:59:59.999000+00:00,570.00000000,570.28000000,566.80000000,569.01000000,6455.05500000,2026-08-04T23:16:05.055564+00:00
BNBUSDT,2026-07-23T13:59:59.999000+00:00,569.01000000,569.46000000,566.25000000,566.25000000,5272.05100000,2026-08-04T23:16:05.055601+00:00
BNBUSDT,2026-07-23T14:59:59.999000+00:00,566.26000000,568.30000000,565.93000000,566.95000000,6616.44600000,2026-08-04T23:16:05.055663+00:00
BNBUSDT,2026-07-23T15:59:59.999000+00:00,566.96000000,567.87000000,563.71000000,567.66000000,5964.29400000,2026-08-04T23:16:05.055698+00:00
BNBUSDT,2026-07-23T16:59:59.999000+00:00,567.66000000,567.79000000,566.21000000,566.69000000,2741.50300000,2026-08-04T23:16:05.055734+00:00
BNBUSDT,2026-07-23T17:59:59.999000+00:00,566.69000000,567.72000000,565.01000000,565.56000000,2370.22800000,2026-08-04T23:16:05.055769+00:00
BNBUSDT,2026-07-23T18:59:59.999000+00:00,565.57000000,567.69000000,565.57000000,567.26000000,1356.77500000,2026-08-04T23:16:05.055806+00:00
BNBUSDT,2026-07-23T19:59:59.999000+00:00,567.27000000,567.55000000,565.43000000,566.64000000,1213.07900000,2026-08-04T23:16:05.055841+00:00
BNBUSDT,2026-07-23T20:59:59.999000+00:00,566.64000000,568.80000000,566.60000000,567.79000000,1327.03700000,2026-08-04T23:16:05.055876+00:00
BNBUSDT,2026-07-23T21:59:59.999000+00:00,567.79000000,568.09000000,566.82000000,567.37000000,1860.41200000,2026-08-04T23:16:05.055912+00:00
BNBUSDT,2026-07-23T22:59:59.999000+00:00,567.37000000,567.96000000,566.14000000,567.96000000,2453.08200000,2026-08-04T23:16:05.055947+00:00
BNBUSDT,2026-07-23T23:59:59.999000+00:00,567.96000000,568.33000000,567.18000000,567.41000000,1185.70600000,2026-08-04T23:16:05.055983+00:00
BNBUSDT,2026-07-24T00:59:59.999000+00:00,567.41000000,567.99000000,565.92000000,567.95000000,2908.37800000,2026-08-04T23:16:05.056019+00:00
BNBUSDT,2026-07-24T01:59:59.999000+00:00,567.95000000,568.67000000,567.46000000,567.97000000,1256.37100000,2026-08-04T23:16:05.056054+00:00
BNBUSDT,2026-07-24T02:59:59.999000+00:00,567.97000000,568.43000000,566.56000000,567.35000000,1295.25500000,2026-08-04T23:16:05.056089+00:00
BNBUSDT,2026-07-24T03:59:59.999000+00:00,567.36000000,570.39000000,567.00000000,569.15000000,3457.35100000,2026-08-04T23:16:05.056123+00:00
BNBUSDT,2026-07-24T04:59:59.999000+00:00,569.15000000,569.28000000,567.15000000,567.29000000,2020.04100000,2026-08-04T23:16:05.056159+00:00
BNBUSDT,2026-07-24T05:59:59.999000+00:00,567.29000000,567.97000000,566.81000000,567.64000000,2474.33400000,2026-08-04T23:16:05.056194+00:00
BNBUSDT,2026-07-24T06:59:59.999000+00:00,567.65000000,569.31000000,567.46000000,568.58000000,1991.76800000,2026-08-04T23:16:05.056229+00:00
BNBUSDT,2026-07-24T07:59:59.999000+00:00,568.59000000,571.31000000,568.58000000,569.50000000,4882.16700000,2026-08-04T23:16:05.056265+00:00
BNBUSDT,2026-07-24T08:59:59.999000+00:00,569.51000000,569.63000000,568.05000000,568.17000000,2765.26700000,2026-08-04T23:16:05.056300+00:00
BNBUSDT,2026-07-24T09:59:59.999000+00:00,568.18000000,568.44000000,566.51000000,568.42000000,4159.88800000,2026-08-04T23:16:05.056335+00:00
BNBUSDT,2026-07-24T10:59:59.999000+00:00,568.42000000,568.66000000,566.76000000,566.97000000,1657.97800000,2026-08-04T23:16:05.056370+00:00
BNBUSDT,2026-07-24T11:59:59.999000+00:00,566.97000000,567.00000000,565.18000000,566.98000000,4306.97700000,2026-08-04T23:16:05.056405+00:00
BNBUSDT,2026-07-24T12:59:59.999000+00:00,566.98000000,566.99000000,563.00000000,563.88000000,6298.86700000,2026-08-04T23:16:05.056439+00:00
BNBUSDT,2026-07-24T13:59:59.999000+00:00,563.88000000,563.93000000,556.00000000,558.90000000,16406.92400000,2026-08-04T23:16:05.056475+00:00
BNBUSDT,2026-07-24T14:59:59.999000+00:00,558.89000000,560.66000000,556.60000000,560.65000000,9917.75400000,2026-08-04T23:16:05.056510+00:00
BNBUSDT,2026-07-24T15:59:59.999000+00:00,560.66000000,562.71000000,559.55000000,561.41000000,5293.06600000,2026-08-04T23:16:05.056545+00:00
BNBUSDT,2026-07-24T16:59:59.999000+00:00,561.41000000,562.02000000,560.00000000,560.47000000,4123.52900000,2026-08-04T23:16:05.056580+00:00
BNBUSDT,2026-07-24T17:59:59.999000+00:00,560.48000000,562.80000000,560.33000000,562.33000000,2817.48800000,2026-08-04T23:16:05.056616+00:00
BNBUSDT,2026-07-24T18:59:59.999000+00:00,562.34000000,562.80000000,561.34000000,562.29000000,2144.02200000,2026-08-04T23:16:05.056651+00:00
BNBUSDT,2026-07-24T19:59:59.999000+00:00,562.29000000,566.37000000,562.29000000,565.16000000,6106.08100000,2026-08-04T23:16:05.056711+00:00
BNBUSDT,2026-07-24T20:59:59.999000+00:00,565.17000000,565.71000000,564.81000000,565.01000000,1914.01400000,2026-08-04T23:16:05.056746+00:00
BNBUSDT,2026-07-24T21:59:59.999000+00:00,565.02000000,565.25000000,563.60000000,563.78000000,1664.13400000,2026-08-04T23:16:05.056781+00:00
BNBUSDT,2026-07-24T22:59:59.999000+00:00,563.78000000,565.25000000,563.77000000,564.83000000,1084.28000000,2026-08-04T23:16:05.056816+00:00
BNBUSDT,2026-07-24T23:59:59.999000+00:00,564.83000000,565.23000000,564.26000000,564.90000000,1542.93900000,2026-08-04T23:16:05.056851+00:00
BNBUSDT,2026-07-25T00:59:59.999000+00:00,564.91000000,565.29000000,564.35000000,564.97000000,2537.13400000,2026-08-04T23:16:05.056887+00:00
BNBUSDT,2026-07-25T01:59:59.999000+00:00,564.98000000,565.41000000,564.18000000,565.15000000,3773.08500000,2026-08-04T23:16:05.056921+00:00
BNBUSDT,2026-07-25T02:59:59.999000+00:00,565.16000000,566.13000000,564.71000000,566.13000000,1926.98200000,2026-08-04T23:16:05.056956+00:00
BNBUSDT,2026-07-25T03:59:59.999000+00:00,566.13000000,566.47000000,565.05000000,565.37000000,2960.92700000,2026-08-04T23:16:05.056991+00:00
BNBUSDT,2026-07-25T04:59:59.999000+00:00,565.37000000,565.78000000,565.05000000,565.61000000,2349.43800000,2026-08-04T23:16:05.057026+00:00
BNBUSDT,2026-07-25T05:59:59.999000+00:00,565.61000000,566.15000000,564.76000000,565.00000000,2337.79100000,2026-08-04T23:16:05.057061+00:00
BNBUSDT,2026-07-25T06:59:59.999000+00:00,565.00000000,565.14000000,564.25000000,565.02000000,1792.40400000,2026-08-04T23:16:05.057096+00:00
BNBUSDT,2026-07-25T07:59:59.999000+00:00,565.02000000,565.23000000,563.90000000,564.81000000,1484.11900000,2026-08-04T23:16:05.057130+00:00
BNBUSDT,2026-07-25T08:59:59.999000+00:00,564.81000000,565.43000000,564.34000000,564.84000000,2829.22900000,2026-08-04T23:16:05.057166+00:00
BNBUSDT,2026-07-25T09:59:59.999000+00:00,564.84000000,565.90000000,564.39000000,565.51000000,1977.17400000,2026-08-04T23:16:05.057201+00:00
BNBUSDT,2026-07-25T10:59:59.999000+00:00,565.52000000,566.09000000,565.30000000,565.69000000,2197.28300000,2026-08-04T23:16:05.057236+00:00
BNBUSDT,2026-07-25T11:59:59.999000+00:00,565.69000000,566.16000000,565.01000000,565.74000000,2330.74900000,2026-08-04T23:16:05.057270+00:00
BNBUSDT,2026-07-25T12:59:59.999000+00:00,565.75000000,566.85000000,564.98000000,566.79000000,2109.01400000,2026-08-04T23:16:05.057305+00:00
BNBUSDT,2026-07-25T13:59:59.999000+00:00,566.80000000,569.33000000,566.80000000,568.29000000,3613.42800000,2026-08-04T23:16:05.057340+00:00
BNBUSDT,2026-07-25T14:59:59.999000+00:00,568.29000000,568.29000000,566.55000000,567.08000000,2918.83400000,2026-08-04T23:16:05.057375+00:00
BNBUSDT,2026-07-25T15:59:59.999000+00:00,567.08000000,567.68000000,566.43000000,567.38000000,3848.05800000,2026-08-04T23:16:05.057410+00:00
BNBUSDT,2026-07-25T16:59:59.999000+00:00,567.39000000,568.16000000,566.51000000,567.36000000,3128.66400000,2026-08-04T23:16:05.057445+00:00
BNBUSDT,2026-07-25T17:59:59.999000+00:00,567.35000000,568.97000000,566.91000000,568.31000000,2006.59200000,2026-08-04T23:16:05.057480+00:00
BNBUSDT,2026-07-25T18:59:59.999000+00:00,568.32000000,569.10000000,568.12000000,568.95000000,1521.86300000,2026-08-04T23:16:05.057515+00:00
BNBUSDT,2026-07-25T19:59:59.999000+00:00,568.96000000,569.02000000,568.42000000,568.70000000,863.67100000,2026-08-04T23:16:05.057549+00:00
BNBUSDT,2026-07-25T20:59:59.999000+00:00,568.70000000,569.07000000,568.28000000,568.41000000,1103.54300000,2026-08-04T23:16:05.057584+00:00
BNBUSDT,2026-07-25T21:59:59.999000+00:00,568.42000000,570.00000000,568.23000000,568.86000000,1622.90200000,2026-08-04T23:16:05.057619+00:00
BNBUSDT,2026-07-25T22:59:59.999000+00:00,568.86000000,569.98000000,568.80000000,569.59000000,1120.09300000,2026-08-04T23:16:05.057655+00:00
BNBUSDT,2026-07-25T23:59:59.999000+00:00,569.60000000,569.68000000,568.87000000,568.94000000,1044.29800000,2026-08-04T23:16:05.057689+00:00
BNBUSDT,2026-07-26T00:59:59.999000+00:00,568.94000000,570.53000000,568.94000000,570.31000000,2726.46300000,2026-08-04T23:16:05.057724+00:00
BNBUSDT,2026-07-26T01:59:59.999000+00:00,570.31000000,570.41000000,569.69000000,570.17000000,2496.73600000,2026-08-04T23:16:05.057780+00:00
BNBUSDT,2026-07-26T02:59:59.999000+00:00,570.18000000,570.30000000,569.54000000,570.30000000,2945.06500000,2026-08-04T23:16:05.057817+00:00
BNBUSDT,2026-07-26T03:59:59.999000+00:00,570.30000000,570.84000000,570.09000000,570.43000000,1472.38600000,2026-08-04T23:16:05.057854+00:00
BNBUSDT,2026-07-26T04:59:59.999000+00:00,570.44000000,571.48000000,569.93000000,570.88000000,1777.82600000,2026-08-04T23:16:05.057891+00:00
BNBUSDT,2026-07-26T05:59:59.999000+00:00,570.89000000,571.97000000,570.47000000,571.19000000,2131.24000000,2026-08-04T23:16:05.057927+00:00
BNBUSDT,2026-07-26T06:59:59.999000+00:00,571.20000000,572.39000000,570.31000000,572.37000000,5804.61400000,2026-08-04T23:16:05.057964+00:00
BNBUSDT,2026-07-26T07:59:59.999000+00:00,572.38000000,572.91000000,571.30000000,571.57000000,2330.88300000,2026-08-04T23:16:05.058003+00:00
BNBUSDT,2026-07-26T08:59:59.999000+00:00,571.56000000,571.86000000,570.88000000,571.72000000,4832.45800000,2026-08-04T23:16:05.058041+00:00
BNBUSDT,2026-07-26T09:59:59.999000+00:00,571.73000000,572.45000000,571.11000000,571.44000000,1891.18100000,2026-08-04T23:16:05.058077+00:00
BNBUSDT,2026-07-26T10:59:59.999000+00:00,571.45000000,571.47000000,570.80000000,571.08000000,1481.06900000,2026-08-04T23:16:05.058114+00:00
BNBUSDT,2026-07-26T11:59:59.999000+00:00,571.08000000,571.19000000,570.44000000,570.65000000,1361.41600000,2026-08-04T23:16:05.058150+00:00
BNBUSDT,2026-07-26T12:59:59.999000+00:00,570.66000000,571.85000000,570.32000000,570.78000000,3618.33800000,2026-08-04T23:16:05.058187+00:00
BNBUSDT,2026-07-26T13:59:59.999000+00:00,570.78000000,571.88000000,570.01000000,571.46000000,2062.82200000,2026-08-04T23:16:05.058223+00:00
BNBUSDT,2026-07-26T14:59:59.999000+00:00,571.46000000,572.89000000,571.45000000,572.77000000,5035.45400000,2026-08-04T23:16:05.058260+00:00
BNBUSDT,2026-07-26T15:59:59.999000+00:00,572.78000000,573.99000000,572.44000000,573.79000000,4432.88200000,2026-08-04T23:16:05.058297+00:00
BNBUSDT,2026-07-26T16:59:59.999000+00:00,573.80000000,574.75000000,573.00000000,573.34000000,3349.28500000,2026-08-04T23:16:05.058334+00:00
BNBUSDT,2026-07-26T17:59:59.999000+00:00,573.35000000,573.74000000,572.68000000,572.91000000,2744.44300000,2026-08-04T23:16:05.058370+00:00
BNBUSDT,2026-07-26T18:59:59.999000+00:00,572.92000000,573.62000000,572.20000000,572.91000000,2554.22300000,2026-08-04T23:16:05.058407+00:00
BNBUSDT,2026-07-26T19:59:59.999000+00:00,572.90000000,573.66000000,572.66000000,573.59000000,2205.04500000,2026-08-04T23:16:05.058444+00:00
BNBUSDT,2026-07-26T20:59:59.999000+00:00,573.59000000,573.72000000,572.90000000,573.05000000,840.09900000,2026-08-04T23:16:05.058480+00:00
BNBUSDT,2026-07-26T21:59:59.999000+00:00,573.05000000,574.30000000,572.80000000,573.72000000,1429.11900000,2026-08-04T23:16:05.058517+00:00
BNBUSDT,2026-07-26T22:59:59.999000+00:00,573.73000000,576.57000000,573.73000000,575.64000000,3875.21900000,2026-08-04T23:16:05.058554+00:00
BNBUSDT,2026-07-26T23:59:59.999000+00:00,575.64000000,576.50000000,573.74000000,575.32000000,2430.74900000,2026-08-04T23:16:05.058590+00:00
BNBUSDT,2026-07-27T00:59:59.999000+00:00,575.31000000,575.67000000,572.39000000,572.61000000,2134.06000000,2026-08-04T23:16:05.058628+00:00
BNBUSDT,2026-07-27T01:59:59.999000+00:00,572.62000000,573.48000000,571.49000000,573.47000000,1882.97700000,2026-08-04T23:16:05.058664+00:00
BNBUSDT,2026-07-27T02:59:59.999000+00:00,573.48000000,574.08000000,572.72000000,572.96000000,1858.77300000,2026-08-04T23:16:05.058701+00:00
BNBUSDT,2026-07-27T03:59:59.999000+00:00,572.97000000,573.69000000,572.44000000,573.61000000,1783.96100000,2026-08-04T23:16:05.058738+00:00
BNBUSDT,2026-07-27T04:59:59.999000+00:00,573.61000000,574.69000000,573.09000000,573.60000000,1940.54100000,2026-08-04T23:16:05.058774+00:00
BNBUSDT,2026-07-27T05:59:59.999000+00:00,573.60000000,575.85000000,573.59000000,575.54000000,2102.86000000,2026-08-04T23:16:05.058811+00:00
BNBUSDT,2026-07-27T06:59:59.999000+00:00,575.54000000,577.20000000,574.69000000,575.07000000,3495.56100000,2026-08-04T23:16:05.058872+00:00
BNBUSDT,2026-07-27T07:59:59.999000+00:00,575.07000000,575.43000000,574.49000000,574.76000000,2201.44200000,2026-08-04T23:16:05.058909+00:00
BNBUSDT,2026-07-27T08:59:59.999000+00:00,574.76000000,575.15000000,573.32000000,573.46000000,5605.37700000,2026-08-04T23:16:05.058947+00:00
BNBUSDT,2026-07-27T09:59:59.999000+00:00,573.47000000,573.47000000,571.68000000,572.61000000,7081.46400000,2026-08-04T23:16:05.058984+00:00
BNBUSDT,2026-07-27T10:59:59.999000+00:00,572.62000000,574.26000000,572.09000000,573.68000000,3987.63400000,2026-08-04T23:16:05.059023+00:00
BNBUSDT,2026-07-27T11:59:59.999000+00:00,573.68000000,573.99000000,572.58000000,572.90000000,3318.71400000,2026-08-04T23:16:05.059061+00:00
BNBUSDT,2026-07-27T12:59:59.999000+00:00,572.90000000,573.73000000,570.92000000,573.59000000,3082.82000000,2026-08-04T23:16:05.059102+00:00
BNBUSDT,2026-07-27T13:59:59.999000+00:00,573.59000000,576.89000000,572.72000000,574.42000000,4498.80600000,2026-08-04T23:16:05.059139+00:00
BNBUSDT,2026-07-27T14:59:59.999000+00:00,574.42000000,575.30000000,565.80000000,567.79000000,9399.34500000,2026-08-04T23:16:05.059178+00:00
BNBUSDT,2026-07-27T15:59:59.999000+00:00,567.79000000,570.56000000,567.04000000,568.64000000,5044.26000000,2026-08-04T23:16:05.059216+00:00
BNBUSDT,2026-07-27T16:59:59.999000+00:00,568.64000000,572.50000000,568.06000000,571.82000000,2981.69400000,2026-08-04T23:16:05.059254+00:00
BNBUSDT,2026-07-27T17:59:59.999000+00:00,571.82000000,574.85000000,571.51000000,574.73000000,2893.83000000,2026-08-04T23:16:05.059292+00:00
BNBUSDT,2026-07-27T18:59:59.999000+00:00,574.73000000,575.56000000,573.39000000,575.37000000,3693.32200000,2026-08-04T23:16:05.059330+00:00
BNBUSDT,2026-07-27T19:59:59.999000+00:00,575.38000000,576.11000000,574.65000000,575.62000000,2608.93400000,2026-08-04T23:16:05.059366+00:00
BNBUSDT,2026-07-27T20:59:59.999000+00:00,575.63000000,575.77000000,573.81000000,574.51000000,1712.79100000,2026-08-04T23:16:05.059404+00:00
BNBUSDT,2026-07-27T21:59:59.999000+00:00,574.51000000,574.95000000,573.22000000,573.94000000,949.97800000,2026-08-04T23:16:05.059441+00:00
BNBUSDT,2026-07-27T22:59:59.999000+00:00,573.94000000,573.94000000,565.72000000,566.50000000,3515.36600000,2026-08-04T23:16:05.059477+00:00
BNBUSDT,2026-07-27T23:59:59.999000+00:00,566.50000000,568.11000000,565.40000000,566.28000000,2664.33000000,2026-08-04T23:16:05.059513+00:00
BNBUSDT,2026-07-28T00:59:59.999000+00:00,566.28000000,567.21000000,564.93000000,565.82000000,3021.52000000,2026-08-04T23:16:05.059550+00:00
BNBUSDT,2026-07-28T01:59:59.999000+00:00,565.82000000,566.52000000,562.03000000,565.14000000,5994.39400000,2026-08-04T23:16:05.059587+00:00
BNBUSDT,2026-07-28T02:59:59.999000+00:00,565.14000000,565.90000000,564.24000000,565.30000000,2494.75400000,2026-08-04T23:16:05.059624+00:00
BNBUSDT,2026-07-28T03:59:59.999000+00:00,565.31000000,567.00000000,565.00000000,566.57000000,1937.84200000,2026-08-04T23:16:05.059661+00:00
BNBUSDT,2026-07-28T04:59:59.999000+00:00,566.58000000,566.85000000,565.01000000,565.07000000,2200.26600000,2026-08-04T23:16:05.059701+00:00
BNBUSDT,2026-07-28T05:59:59.999000+00:00,565.07000000,566.78000000,565.00000000,565.61000000,2990.28400000,2026-08-04T23:16:05.059738+00:00
BNBUSDT,2026-07-28T06:59:59.999000+00:00,565.61000000,565.61000000,564.60000000,565.44000000,4467.42900000,2026-08-04T23:16:05.059774+00:00
BNBUSDT,2026-07-28T07:59:59.999000+00:00,565.44000000,566.00000000,564.87000000,565.83000000,2450.78800000,2026-08-04T23:16:05.059811+00:00
BNBUSDT,2026-07-28T08:59:59.999000+00:00,565.84000000,566.07000000,564.90000000,565.49000000,1586.14200000,2026-08-04T23:16:05.059848+00:00
BNBUSDT,2026-07-28T09:59:59.999000+00:00,565.49000000,567.44000000,565.13000000,565.86000000,1849.06400000,2026-08-04T23:16:05.059885+00:00
BNBUSDT,2026-07-28T10:59:59.999000+00:00,565.86000000,566.95000000,565.40000000,565.60000000,2577.98900000,2026-08-04T23:16:05.059921+00:00
BNBUSDT,2026-07-28T11:59:59.999000+00:00,565.60000000,567.22000000,565.33000000,566.86000000,3250.60200000,2026-08-04T23:16:05.059981+00:00
BNBUSDT,2026-07-28T12:59:59.999000+00:00,566.86000000,568.75000000,566.46000000,568.39000000,3430.52100000,2026-08-04T23:16:05.060016+00:00
BNBUSDT,2026-07-28T13:59:59.999000+00:00,568.39000000,569.15000000,563.19000000,565.50000000,8120.16600000,2026-08-04T23:16:05.060050+00:00
BNBUSDT,2026-07-28T14:59:59.999000+00:00,565.50000000,569.34000000,564.69000000,568.55000000,5856.17500000,2026-08-04T23:16:05.060083+00:00
BNBUSDT,2026-07-28T15:59:59.999000+00:00,568.55000000,575.66000000,567.92000000,573.30000000,13030.87600000,2026-08-04T23:16:05.060118+00:00
BNBUSDT,2026-07-28T16:59:59.999000+00:00,573.30000000,573.97000000,570.92000000,571.81000000,5022.86800000,2026-08-04T23:16:05.060152+00:00
BNBUSDT,2026-07-28T17:59:59.999000+00:00,571.81000000,571.81000000,567.05000000,568.49000000,4221.71200000,2026-08-04T23:16:05.060186+00:00
BNBUSDT,2026-07-28T18:59:59.999000+00:00,568.50000000,569.78000000,568.50000000,569.62000000,2148.49600000,2026-08-04T23:16:05.060220+00:00
BNBUSDT,2026-07-28T19:59:59.999000+00:00,569.62000000,570.99000000,569.52000000,570.93000000,1301.01300000,2026-08-04T23:16:05.060254+00:00
BNBUSDT,2026-07-28T20:59:59.999000+00:00,570.93000000,571.68000000,570.61000000,570.88000000,2097.40900000,2026-08-04T23:16:05.060288+00:00
BNBUSDT,2026-07-28T21:59:59.999000+00:00,570.88000000,572.07000000,570.88000000,571.51000000,1742.69800000,2026-08-04T23:16:05.060322+00:00
BNBUSDT,2026-07-28T22:59:59.999000+00:00,571.51000000,571.91000000,568.64000000,568.91000000,2080.79000000,2026-08-04T23:16:05.060357+00:00
BNBUSDT,2026-07-28T23:59:59.999000+00:00,568.91000000,571.34000000,568.29000000,571.29000000,1222.27400000,2026-08-04T23:16:05.060391+00:00
BNBUSDT,2026-07-29T00:59:59.999000+00:00,571.29000000,573.50000000,571.28000000,571.84000000,2688.57400000,2026-08-04T23:16:05.060425+00:00
BNBUSDT,2026-07-29T01:59:59.999000+00:00,571.84000000,572.43000000,570.37000000,570.37000000,1907.48800000,2026-08-04T23:16:05.060459+00:00
BNBUSDT,2026-07-29T02:59:59.999000+00:00,570.38000000,571.79000000,569.54000000,570.47000000,2299.13600000,2026-08-04T23:16:05.060493+00:00
BNBUSDT,2026-07-29T03:59:59.999000+00:00,570.48000000,570.52000000,567.10000000,567.38000000,5095.85900000,2026-08-04T23:16:05.060527+00:00
BNBUSDT,2026-07-29T04:59:59.999000+00:00,567.39000000,568.83000000,566.01000000,568.67000000,2752.35400000,2026-08-04T23:16:05.060561+00:00
BNBUSDT,2026-07-29T05:59:59.999000+00:00,568.67000000,570.00000000,568.23000000,569.74000000,1852.37900000,2026-08-04T23:16:05.060594+00:00
BNBUSDT,2026-07-29T06:59:59.999000+00:00,569.73000000,572.13000000,568.89000000,571.23000000,2881.11800000,2026-08-04T23:16:05.060629+00:00
BNBUSDT,2026-07-29T07:59:59.999000+00:00,571.24000000,571.90000000,570.60000000,571.90000000,1920.71000000,2026-08-04T23:16:05.060868+00:00
BNBUSDT,2026-07-29T08:59:59.999000+00:00,571.89000000,572.13000000,570.27000000,571.30000000,5096.67200000,2026-08-04T23:16:05.061031+00:00
BNBUSDT,2026-07-29T09:59:59.999000+00:00,571.31000000,573.22000000,571.23000000,572.91000000,1924.66300000,2026-08-04T23:16:05.061076+00:00
BNBUSDT,2026-07-29T10:59:59.999000+00:00,572.92000000,573.23000000,570.21000000,570.71000000,2775.88900000,2026-08-04T23:16:05.061117+00:00
BNBUSDT,2026-07-29T11:59:59.999000+00:00,570.72000000,571.52000000,570.11000000,570.69000000,1935.84200000,2026-08-04T23:16:05.061154+00:00
BNBUSDT,2026-07-29T12:59:59.999000+00:00,570.70000000,570.74000000,568.50000000,569.48000000,2076.51400000,2026-08-04T23:16:05.061193+00:00
BNBUSDT,2026-07-29T13:59:59.999000+00:00,569.48000000,570.24000000,568.30000000,570.24000000,2347.43000000,2026-08-04T23:16:05.061229+00:00
BNBUSDT,2026-07-29T14:59:59.999000+00:00,570.25000000,570.60000000,567.40000000,568.51000000,4272.55600000,2026-08-04T23:16:05.061265+00:00
BNBUSDT,2026-07-29T15:59:59.999000+00:00,568.52000000,569.50000000,567.73000000,568.57000000,3001.70500000,2026-08-04T23:16:05.061302+00:00
BNBUSDT,2026-07-29T16:59:59.999000+00:00,568.57000000,569.40000000,567.37000000,568.93000000,2368.10100000,2026-08-04T23:16:05.061366+00:00
BNBUSDT,2026-07-29T17:59:59.999000+00:00,568.94000000,570.22000000,568.39000000,570.00000000,3386.10000000,2026-08-04T23:16:05.061406+00:00
BNBUSDT,2026-07-29T18:59:59.999000+00:00,569.99000000,573.56000000,568.47000000,572.45000000,6446.07300000,2026-08-04T23:16:05.061442+00:00
BNBUSDT,2026-07-29T19:59:59.999000+00:00,572.45000000,572.96000000,567.80000000,568.54000000,6477.02100000,2026-08-04T23:16:05.061476+00:00
BNBUSDT,2026-07-29T20:59:59.999000+00:00,568.55000000,569.60000000,566.28000000,567.51000000,4285.23000000,2026-08-04T23:16:05.061511+00:00
BNBUSDT,2026-07-29T21:59:59.999000+00:00,567.51000000,569.01000000,565.27000000,569.00000000,2597.04000000,2026-08-04T23:16:05.061545+00:00
BNBUSDT,2026-07-29T22:59:59.999000+00:00,569.01000000,571.99000000,569.01000000,571.11000000,1741.57800000,2026-08-04T23:16:05.061579+00:00
BNBUSDT,2026-07-29T23:59:59.999000+00:00,571.12000000,572.56000000,570.78000000,571.99000000,1349.13200000,2026-08-04T23:16:05.061613+00:00
BNBUSDT,2026-07-30T00:59:59.999000+00:00,571.99000000,573.36000000,571.05000000,571.86000000,3077.44400000,2026-08-04T23:16:05.061648+00:00
BNBUSDT,2026-07-30T01:59:59.999000+00:00,571.87000000,576.19000000,571.78000000,575.72000000,4221.80900000,2026-08-04T23:16:05.061682+00:00
BNBUSDT,2026-07-30T02:59:59.999000+00:00,575.72000000,577.51000000,574.28000000,574.68000000,4593.21700000,2026-08-04T23:16:05.061716+00:00
BNBUSDT,2026-07-30T03:59:59.999000+00:00,574.68000000,574.95000000,573.31000000,573.42000000,2917.26200000,2026-08-04T23:16:05.061750+00:00
BNBUSDT,2026-07-30T04:59:59.999000+00:00,573.42000000,573.64000000,571.73000000,571.90000000,4954.66900000,2026-08-04T23:16:05.061784+00:00
BNBUSDT,2026-07-30T05:59:59.999000+00:00,571.90000000,573.49000000,571.56000000,573.05000000,1227.02300000,2026-08-04T23:16:05.061818+00:00
BNBUSDT,2026-07-30T06:59:59.999000+00:00,573.05000000,574.31000000,572.65000000,574.22000000,1691.69700000,2026-08-04T23:16:05.061852+00:00
BNBUSDT,2026-07-30T07:59:59.999000+00:00,574.23000000,576.10000000,574.19000000,574.72000000,3587.78800000,2026-08-04T23:16:05.061886+00:00
BNBUSDT,2026-07-30T08:59:59.999000+00:00,574.72000000,579.30000000,574.41000000,578.76000000,6780.93000000,2026-08-04T23:16:05.061920+00:00
BNBUSDT,2026-07-30T09:59:59.999000+00:00,578.77000000,579.99000000,578.23000000,579.84000000,5410.41300000,2026-08-04T23:16:05.061954+00:00
BNBUSDT,2026-07-30T10:59:59.999000+00:00,579.84000000,588.53000000,579.67000000,587.39000000,19503.33400000,2026-08-04T23:16:05.061988+00:00
BNBUSDT,2026-07-30T11:59:59.999000+00:00,587.40000000,591.25000000,586.20000000,589.00000000,16486.93400000,2026-08-04T23:16:05.062022+00:00
BNBUSDT,2026-07-30T12:59:59.999000+00:00,589.00000000,589.94000000,585.57000000,586.77000000,9165.69300000,2026-08-04T23:16:05.062055+00:00
BNBUSDT,2026-07-30T13:59:59.999000+00:00,586.77000000,589.19000000,585.52000000,587.96000000,7256.54000000,2026-08-04T23:16:05.062089+00:00
BNBUSDT,2026-07-30T14:59:59.999000+00:00,587.95000000,588.82000000,586.30000000,587.95000000,5881.51200000,2026-08-04T23:16:05.062123+00:00
BNBUSDT,2026-07-30T15:59:59.999000+00:00,587.96000000,591.00000000,587.51000000,590.99000000,7034.75600000,2026-08-04T23:16:05.062158+00:00
BNBUSDT,2026-07-30T16:59:59.999000+00:00,591.00000000,594.00000000,591.00000000,593.42000000,8026.11900000,2026-08-04T23:16:05.062192+00:00
BNBUSDT,2026-07-30T17:59:59.999000+00:00,593.42000000,596.00000000,592.27000000,593.89000000,6512.21600000,2026-08-04T23:16:05.062225+00:00
BNBUSDT,2026-07-30T18:59:59.999000+00:00,593.89000000,595.75000000,593.78000000,595.68000000,4799.64700000,2026-08-04T23:16:05.062260+00:00
BNBUSDT,2026-07-30T19:59:59.999000+00:00,595.69000000,595.99000000,593.91000000,594.62000000,3836.91100000,2026-08-04T23:16:05.062294+00:00
BNBUSDT,2026-07-30T20:59:59.999000+00:00,594.62000000,595.18000000,592.51000000,592.67000000,6506.96300000,2026-08-04T23:16:05.062328+00:00
BNBUSDT,2026-07-30T21:59:59.999000+00:00,592.68000000,592.91000000,590.81000000,591.24000000,3463.57400000,2026-08-04T23:16:05.062361+00:00
BNBUSDT,2026-07-30T22:59:59.999000+00:00,591.24000000,593.46000000,590.78000000,592.79000000,3071.85700000,2026-08-04T23:16:05.062419+00:00
BNBUSDT,2026-07-30T23:59:59.999000+00:00,592.79000000,594.48000000,591.94000000,591.99000000,3189.47100000,2026-08-04T23:16:05.062454+00:00
BNBUSDT,2026-07-31T00:59:59.999000+00:00,591.99000000,592.85000000,590.24000000,590.48000000,4371.00700000,2026-08-04T23:16:05.062488+00:00
BNBUSDT,2026-07-31T01:59:59.999000+00:00,590.48000000,594.46000000,588.90000000,589.55000000,5720.28800000,2026-08-04T23:16:05.062522+00:00
BNBUSDT,2026-07-31T02:59:59.999000+00:00,589.55000000,590.12000000,587.54000000,588.03000000,4455.03000000,2026-08-04T23:16:05.062556+00:00
BNBUSDT,2026-07-31T03:59:59.999000+00:00,588.04000000,589.98000000,585.79000000,589.46000000,5550.45800000,2026-08-04T23:16:05.062590+00:00
BNBUSDT,2026-07-31T04:59:59.999000+00:00,589.47000000,589.98000000,588.47000000,589.13000000,5117.13000000,2026-08-04T23:16:05.062623+00:00
BNBUSDT,2026-07-31T05:59:59.999000+00:00,589.14000000,591.00000000,589.13000000,590.04000000,3213.52800000,2026-08-04T23:16:05.062658+00:00
BNBUSDT,2026-07-31T06:59:59.999000+00:00,590.04000000,592.92000000,590.03000000,592.54000000,4263.26600000,2026-08-04T23:16:05.062691+00:00
BNBUSDT,2026-07-31T07:59:59.999000+00:00,592.54000000,592.74000000,589.76000000,589.76000000,9885.38400000,2026-08-04T23:16:05.062725+00:00
BNBUSDT,2026-07-31T08:59:59.999000+00:00,589.77000000,593.31000000,589.76000000,592.74000000,8550.35200000,2026-08-04T23:16:05.062759+00:00
BNBUSDT,2026-07-31T09:59:59.999000+00:00,592.75000000,592.77000000,589.89000000,590.49000000,5626.47800000,2026-08-04T23:16:05.062793+00:00
BNBUSDT,2026-07-31T10:59:59.999000+00:00,590.49000000,592.73000000,588.15000000,592.46000000,5796.67200000,2026-08-04T23:16:05.062826+00:00
BNBUSDT,2026-07-31T11:59:59.999000+00:00,592.47000000,593.92000000,591.34000000,592.02000000,3927.30400000,2026-08-04T23:16:05.062860+00:00
BNBUSDT,2026-07-31T12:59:59.999000+00:00,592.02000000,593.09000000,589.92000000,592.56000000,7039.25000000,2026-08-04T23:16:05.062893+00:00
BNBUSDT,2026-07-31T13:59:59.999000+00:00,592.57000000,595.50000000,587.89000000,588.78000000,10600.34800000,2026-08-04T23:16:05.062927+00:00
BNBUSDT,2026-07-31T14:59:59.999000+00:00,588.79000000,589.00000000,584.63000000,586.62000000,12905.32500000,2026-08-04T23:16:05.062961+00:00
BNBUSDT,2026-07-31T15:59:59.999000+00:00,586.63000000,586.67000000,583.99000000,585.45000000,5746.31200000,2026-08-04T23:16:05.062995+00:00
BNBUSDT,2026-07-31T16:59:59.999000+00:00,585.45000000,587.91000000,585.23000000,587.48000000,2948.23600000,2026-08-04T23:16:05.063029+00:00
BNBUSDT,2026-07-31T17:59:59.999000+00:00,587.48000000,590.04000000,586.87000000,589.04000000,2880.79600000,2026-08-04T23:16:05.063062+00:00
BNBUSDT,2026-07-31T18:59:59.999000+00:00,589.05000000,589.61000000,587.60000000,588.95000000,1900.99400000,2026-08-04T23:16:05.063096+00:00
BNBUSDT,2026-07-31T19:59:59.999000+00:00,588.95000000,589.40000000,587.93000000,588.17000000,1302.12500000,2026-08-04T23:16:05.063141+00:00
BNBUSDT,2026-07-31T20:59:59.999000+00:00,588.17000000,589.00000000,586.72000000,586.92000000,1846.35100000,2026-08-04T23:16:05.063175+00:00
BNBUSDT,2026-07-31T21:59:59.999000+00:00,586.92000000,588.59000000,586.41000000,587.13000000,2057.38500000,2026-08-04T23:16:05.063209+00:00
BNBUSDT,2026-07-31T22:59:59.999000+00:00,587.14000000,587.79000000,586.63000000,586.81000000,1590.07800000,2026-08-04T23:16:05.063243+00:00
BNBUSDT,2026-07-31T23:59:59.999000+00:00,586.81000000,587.72000000,586.80000000,587.01000000,1186.70600000,2026-08-04T23:16:05.063277+00:00
BNBUSDT,2026-08-01T00:59:59.999000+00:00,587.01000000,589.10000000,587.01000000,588.71000000,3669.28500000,2026-08-04T23:16:05.063311+00:00
BNBUSDT,2026-08-01T01:59:59.999000+00:00,588.72000000,590.00000000,588.30000000,589.99000000,2853.28100000,2026-08-04T23:16:05.063346+00:00
BNBUSDT,2026-08-01T02:59:59.999000+00:00,590.00000000,590.77000000,589.40000000,590.77000000,2909.30400000,2026-08-04T23:16:05.063380+00:00
BNBUSDT,2026-08-01T03:59:59.999000+00:00,590.77000000,591.44000000,588.92000000,589.36000000,3526.94000000,2026-08-04T23:16:05.063437+00:00
BNBUSDT,2026-08-01T04:59:59.999000+00:00,589.35000000,592.80000000,588.79000000,591.89000000,4066.13000000,2026-08-04T23:16:05.063473+00:00
BNBUSDT,2026-08-01T05:59:59.999000+00:00,591.89000000,592.13000000,590.29000000,590.87000000,2502.66700000,2026-08-04T23:16:05.063508+00:00
BNBUSDT,2026-08-01T06:59:59.999000+00:00,590.87000000,592.58000000,590.11000000,591.31000000,6164.96900000,2026-08-04T23:16:05.063544+00:00
BNBUSDT,2026-08-01T07:59:59.999000+00:00,591.32000000,591.83000000,590.08000000,590.09000000,2430.59300000,2026-08-04T23:16:05.063579+00:00
BNBUSDT,2026-08-01T08:59:59.999000+00:00,590.09000000,590.50000000,585.80000000,585.95000000,6603.37900000,2026-08-04T23:16:05.063615+00:00
BNBUSDT,2026-08-01T09:59:59.999000+00:00,585.95000000,586.17000000,583.87000000,584.15000000,3823.37700000,2026-08-04T23:16:05.063651+00:00
BNBUSDT,2026-08-01T10:59:59.999000+00:00,584.16000000,584.60000000,580.23000000,580.77000000,6224.22500000,2026-08-04T23:16:05.063687+00:00
BNBUSDT,2026-08-01T11:59:59.999000+00:00,580.78000000,581.08000000,579.64000000,580.33000000,5379.76800000,2026-08-04T23:16:05.063722+00:00
BNBUSDT,2026-08-01T12:59:59.999000+00:00,580.34000000,580.53000000,578.22000000,578.34000000,4514.29500000,2026-08-04T23:16:05.063758+00:00
BNBUSDT,2026-08-01T13:59:59.999000+00:00,578.34000000,579.92000000,577.90000000,579.30000000,6411.14900000,2026-08-04T23:16:05.063794+00:00
BNBUSDT,2026-08-01T14:59:59.999000+00:00,579.31000000,580.29000000,578.37000000,579.03000000,5950.71200000,2026-08-04T23:16:05.063829+00:00
BNBUSDT,2026-08-01T15:59:59.999000+00:00,579.03000000,579.03000000,576.36000000,576.47000000,6017.19400000,2026-08-04T23:16:05.063865+00:00
BNBUSDT,2026-08-01T16:59:59.999000+00:00,576.47000000,578.60000000,576.31000000,578.46000000,3279.36400000,2026-08-04T23:16:05.063901+00:00
BNBUSDT,2026-08-01T17:59:59.999000+00:00,578.46000000,578.73000000,576.35000000,577.22000000,3089.44800000,2026-08-04T23:16:05.063936+00:00
BNBUSDT,2026-08-01T18:59:59.999000+00:00,577.23000000,577.81000000,573.50000000,576.59000000,7553.88900000,2026-08-04T23:16:05.063972+00:00
BNBUSDT,2026-08-01T19:59:59.999000+00:00,576.59000000,578.42000000,575.69000000,575.74000000,3888.23000000,2026-08-04T23:16:05.064008+00:00
BNBUSDT,2026-08-01T20:59:59.999000+00:00,575.74000000,575.90000000,574.85000000,575.75000000,3596.13300000,2026-08-04T23:16:05.064043+00:00
BNBUSDT,2026-08-01T21:59:59.999000+00:00,575.75000000,576.52000000,575.00000000,575.91000000,3043.48400000,2026-08-04T23:16:05.064079+00:00
BNBUSDT,2026-08-01T22:59:59.999000+00:00,575.91000000,576.45000000,575.63000000,576.03000000,2747.59000000,2026-08-04T23:16:05.064115+00:00
BNBUSDT,2026-08-01T23:59:59.999000+00:00,576.04000000,576.15000000,575.13000000,575.13000000,5000.89600000,2026-08-04T23:16:05.064150+00:00
BNBUSDT,2026-08-02T00:59:59.999000+00:00,575.14000000,576.81000000,574.03000000,574.53000000,3789.96200000,2026-08-04T23:16:05.064186+00:00
BNBUSDT,2026-08-02T01:59:59.999000+00:00,574.53000000,577.93000000,574.53000000,577.46000000,3278.88700000,2026-08-04T23:16:05.064222+00:00
BNBUSDT,2026-08-02T02:59:59.999000+00:00,577.47000000,581.30000000,577.23000000,581.30000000,4609.29200000,2026-08-04T23:16:05.064257+00:00
BNBUSDT,2026-08-02T03:59:59.999000+00:00,581.30000000,583.10000000,581.04000000,582.31000000,4877.47800000,2026-08-04T23:16:05.064293+00:00
BNBUSDT,2026-08-02T04:59:59.999000+00:00,582.32000000,585.32000000,582.32000000,584.88000000,6454.15200000,2026-08-04T23:16:05.064328+00:00
BNBUSDT,2026-08-02T05:59:59.999000+00:00,584.89000000,585.54000000,583.75000000,584.70000000,2912.45800000,2026-08-04T23:16:05.064365+00:00
BNBUSDT,2026-08-02T06:59:59.999000+00:00,584.71000000,585.50000000,583.40000000,585.00000000,2116.50900000,2026-08-04T23:16:05.064403+00:00
BNBUSDT,2026-08-02T07:59:59.999000+00:00,585.01000000,586.15000000,584.45000000,585.49000000,9065.04500000,2026-08-04T23:16:05.064439+00:00
BNBUSDT,2026-08-02T08:59:59.999000+00:00,585.49000000,585.70000000,583.59000000,583.67000000,3040.26900000,2026-08-04T23:16:05.064506+00:00
BNBUSDT,2026-08-02T09:59:59.999000+00:00,583.67000000,584.57000000,582.51000000,583.72000000,2757.41900000,2026-08-04T23:16:05.064543+00:00
BNBUSDT,2026-08-02T10:59:59.999000+00:00,583.73000000,584.19000000,582.94000000,583.82000000,1344.07800000,2026-08-04T23:16:05.064578+00:00
BNBUSDT,2026-08-02T11:59:59.999000+00:00,583.82000000,583.90000000,581.59000000,582.11000000,2008.99300000,2026-08-04T23:16:05.064616+00:00
BNBUSDT,2026-08-02T12:59:59.999000+00:00,582.11000000,582.77000000,581.20000000,581.78000000,2740.72500000,2026-08-04T23:16:05.064662+00:00
BNBUSDT,2026-08-02T13:59:59.999000+00:00,581.77000000,583.52000000,581.46000000,582.90000000,2343.26600000,2026-08-04T23:16:05.064697+00:00
BNBUSDT,2026-08-02T14:59:59.999000+00:00,582.91000000,585.24000000,582.31000000,584.23000000,3875.68800000,2026-08-04T23:16:05.064732+00:00
BNBUSDT,2026-08-02T15:59:59.999000+00:00,584.23000000,587.50000000,584.14000000,586.24000000,4769.33800000,2026-08-04T23:16:05.064766+00:00
BNBUSDT,2026-08-02T16:59:59.999000+00:00,586.24000000,588.79000000,585.89000000,587.70000000,3200.42700000,2026-08-04T23:16:05.064801+00:00
BNBUSDT,2026-08-02T17:59:59.999000+00:00,587.70000000,588.25000000,587.26000000,587.73000000,1146.71700000,2026-08-04T23:16:05.064836+00:00
BNBUSDT,2026-08-02T18:59:59.999000+00:00,587.73000000,590.99000000,587.73000000,589.28000000,3424.79200000,2026-08-04T23:16:05.064871+00:00
BNBUSDT,2026-08-02T19:59:59.999000+00:00,589.28000000,589.71000000,588.37000000,589.40000000,1354.27300000,2026-08-04T23:16:05.064905+00:00
BNBUSDT,2026-08-02T20:59:59.999000+00:00,589.41000000,589.50000000,588.28000000,589.50000000,1778.17000000,2026-08-04T23:16:05.064940+00:00
BNBUSDT,2026-08-02T21:59:59.999000+00:00,589.50000000,590.83000000,589.00000000,589.78000000,2373.10700000,2026-08-04T23:16:05.064977+00:00
BNBUSDT,2026-08-02T22:59:59.999000+00:00,589.77000000,590.86000000,587.69000000,588.33000000,2829.46100000,2026-08-04T23:16:05.065015+00:00
BNBUSDT,2026-08-02T23:59:59.999000+00:00,588.33000000,588.71000000,587.71000000,588.46000000,1637.94700000,2026-08-04T23:16:05.065049+00:00
BNBUSDT,2026-08-03T00:59:59.999000+00:00,588.46000000,588.54000000,584.32000000,585.02000000,3163.62300000,2026-08-04T23:16:05.065084+00:00
BNBUSDT,2026-08-03T01:59:59.999000+00:00,585.02000000,585.37000000,584.00000000,584.40000000,1765.55700000,2026-08-04T23:16:05.065118+00:00
BNBUSDT,2026-08-03T02:59:59.999000+00:00,584.40000000,586.43000000,584.00000000,585.88000000,2949.65300000,2026-08-04T23:16:05.065155+00:00
BNBUSDT,2026-08-03T03:59:59.999000+00:00,585.88000000,585.88000000,582.97000000,583.10000000,3227.64800000,2026-08-04T23:16:05.065190+00:00
BNBUSDT,2026-08-03T04:59:59.999000+00:00,583.11000000,584.47000000,582.49000000,582.50000000,3618.81600000,2026-08-04T23:16:05.065224+00:00
BNBUSDT,2026-08-03T05:59:59.999000+00:00,582.50000000,583.74000000,582.20000000,582.97000000,2305.91700000,2026-08-04T23:16:05.065259+00:00
BNBUSDT,2026-08-03T06:59:59.999000+00:00,582.97000000,583.48000000,581.90000000,582.55000000,2642.05400000,2026-08-04T23:16:05.065293+00:00
BNBUSDT,2026-08-03T07:59:59.999000+00:00,582.55000000,584.23000000,581.75000000,583.73000000,7172.90700000,2026-08-04T23:16:05.065327+00:00
BNBUSDT,2026-08-03T08:59:59.999000+00:00,583.74000000,584.41000000,581.03000000,584.25000000,4625.30300000,2026-08-04T23:16:05.065362+00:00
BNBUSDT,2026-08-03T09:59:59.999000+00:00,584.26000000,586.64000000,583.82000000,586.57000000,5231.28400000,2026-08-04T23:16:05.065397+00:00
BNBUSDT,2026-08-03T10:59:59.999000+00:00,586.58000000,587.68000000,586.04000000,587.10000000,3088.74300000,2026-08-04T23:16:05.065432+00:00
BNBUSDT,2026-08-03T11:59:59.999000+00:00,587.10000000,587.80000000,585.66000000,585.76000000,2544.08800000,2026-08-04T23:16:05.065466+00:00
BNBUSDT,2026-08-03T12:59:59.999000+00:00,585.76000000,587.63000000,585.20000000,586.85000000,3069.13200000,2026-08-04T23:16:05.065500+00:00
BNBUSDT,2026-08-03T13:59:59.999000+00:00,586.85000000,588.44000000,584.45000000,588.21000000,6887.84300000,2026-08-04T23:16:05.065564+00:00
BNBUSDT,2026-08-03T14:59:59.999000+00:00,588.21000000,590.18000000,586.58000000,589.77000000,7716.01100000,2026-08-04T23:16:05.065599+00:00
BNBUSDT,2026-08-03T15:59:59.999000+00:00,589.78000000,593.69000000,589.41000000,592.54000000,7513.28700000,2026-08-04T23:16:05.065634+00:00
BNBUSDT,2026-08-03T16:59:59.999000+00:00,592.54000000,594.32000000,591.80000000,592.46000000,4707.46300000,2026-08-04T23:16:05.065668+00:00
BNBUSDT,2026-08-03T17:59:59.999000+00:00,592.46000000,593.80000000,591.25000000,592.20000000,4657.72300000,2026-08-04T23:16:05.065703+00:00
BNBUSDT,2026-08-03T18:59:59.999000+00:00,592.21000000,592.65000000,591.19000000,591.56000000,1367.70900000,2026-08-04T23:16:05.065737+00:00
BNBUSDT,2026-08-03T19:59:59.999000+00:00,591.57000000,592.72000000,591.40000000,591.45000000,1650.45200000,2026-08-04T23:16:05.065772+00:00
BNBUSDT,2026-08-03T20:59:59.999000+00:00,591.45000000,592.55000000,590.96000000,591.11000000,1354.34100000,2026-08-04T23:16:05.065806+00:00
BNBUSDT,2026-08-03T21:59:59.999000+00:00,591.11000000,591.11000000,589.66000000,589.97000000,2597.67100000,2026-08-04T23:16:05.065841+00:00
BNBUSDT,2026-08-03T22:59:59.999000+00:00,589.97000000,590.68000000,589.14000000,589.69000000,1601.74300000,2026-08-04T23:16:05.065875+00:00
BNBUSDT,2026-08-03T23:59:59.999000+00:00,589.69000000,590.02000000,589.05000000,589.35000000,1378.88800000,2026-08-04T23:16:05.065910+00:00
BNBUSDT,2026-08-04T00:59:59.999000+00:00,589.35000000,590.27000000,588.80000000,589.00000000,2231.90000000,2026-08-04T23:16:05.065944+00:00
BNBUSDT,2026-08-04T01:59:59.999000+00:00,589.00000000,592.29000000,588.93000000,592.23000000,4927.65300000,2026-08-04T23:16:05.065979+00:00
BNBUSDT,2026-08-04T02:59:59.999000+00:00,592.24000000,592.58000000,590.48000000,591.01000000,2065.14300000,2026-08-04T23:16:05.066013+00:00
BNBUSDT,2026-08-04T03:59:59.999000+00:00,591.01000000,591.59000000,590.11000000,590.86000000,2224.77800000,2026-08-04T23:16:05.066048+00:00
BNBUSDT,2026-08-04T04:59:59.999000+00:00,590.87000000,593.09000000,590.57000000,592.00000000,1890.84400000,2026-08-04T23:16:05.066085+00:00
BNBUSDT,2026-08-04T05:59:59.999000+00:00,592.01000000,592.14000000,589.68000000,589.73000000,1401.13600000,2026-08-04T23:16:05.066119+00:00
BNBUSDT,2026-08-04T06:59:59.999000+00:00,589.74000000,591.65000000,589.40000000,590.71000000,3218.24100000,2026-08-04T23:16:05.066154+00:00
BNBUSDT,2026-08-04T07:59:59.999000+00:00,590.71000000,591.21000000,589.63000000,590.61000000,2676.80700000,2026-08-04T23:16:05.066188+00:00
BNBUSDT,2026-08-04T08:59:59.999000+00:00,590.62000000,590.93000000,588.94000000,589.92000000,4348.02300000,2026-08-04T23:16:05.066222+00:00
BNBUSDT,2026-08-04T09:59:59.999000+00:00,589.93000000,590.09000000,588.13000000,589.11000000,2350.00000000,2026-08-04T23:16:05.066257+00:00
BNBUSDT,2026-08-04T10:59:59.999000+00:00,589.12000000,590.68000000,588.00000000,589.95000000,2076.96900000,2026-08-04T23:16:05.066291+00:00
BNBUSDT,2026-08-04T11:59:59.999000+00:00,589.96000000,592.13000000,589.51000000,591.77000000,2521.28500000,2026-08-04T23:16:05.066326+00:00
BNBUSDT,2026-08-04T12:59:59.999000+00:00,591.78000000,592.07000000,590.16000000,591.78000000,3293.58600000,2026-08-04T23:16:05.066360+00:00
BNBUSDT,2026-08-04T13:59:59.999000+00:00,591.78000000,592.01000000,588.70000000,589.18000000,5788.67900000,2026-08-04T23:16:05.066394+00:00
BNBUSDT,2026-08-04T14:59:59.999000+00:00,589.18000000,594.70000000,588.74000000,594.03000000,7511.87600000,2026-08-04T23:16:05.066429+00:00
BNBUSDT,2026-08-04T15:59:59.999000+00:00,594.03000000,594.70000000,591.34000000,593.28000000,4753.91300000,2026-08-04T23:16:05.066463+00:00
BNBUSDT,2026-08-04T16:59:59.999000+00:00,593.28000000,594.60000000,592.11000000,593.20000000,5275.92600000,2026-08-04T23:16:05.066498+00:00
BNBUSDT,2026-08-04T17:59:59.999000+00:00,593.21000000,594.04000000,592.20000000,592.68000000,2545.33400000,2026-08-04T23:16:05.066533+00:00
BNBUSDT,2026-08-04T18:59:59.999000+00:00,592.69000000,594.96000000,592.61000000,594.01000000,2781.41400000,2026-08-04T23:16:05.066567+00:00
BNBUSDT,2026-08-04T19:59:59.999000+00:00,594.02000000,594.32000000,593.16000000,593.78000000,2391.65900000,2026-08-04T23:16:05.066624+00:00
BNBUSDT,2026-08-04T20:59:59.999000+00:00,593.77000000,594.68000000,592.56000000,593.65000000,1957.55600000,2026-08-04T23:16:05.066660+00:00
BNBUSDT,2026-08-04T21:59:59.999000+00:00,593.66000000,594.10000000,593.11000000,593.97000000,836.30200000,2026-08-04T23:16:05.066697+00:00
BNBUSDT,2026-08-04T22:59:59.999000+00:00,593.97000000,594.19000000,593.24000000,593.83000000,925.32900000,2026-08-04T23:16:05.066733+00:00
BNBUSDT,2026-08-04T23:59:59.999000+00:00,593.83000000,594.65000000,593.42000000,594.56000000,317.31600000,2026-08-04T23:16:05.066769+00:00
BTCUSDT,2026-06-24T08:59:59.999000+00:00,62658.00000000,62807.46000000,62605.28000000,62800.00000000,475.30761000,2026-08-04T23:16:05.068587+00:00
BTCUSDT,2026-06-24T09:59:59.999000+00:00,62800.00000000,62800.01000000,62637.08000000,62681.70000000,493.71643000,2026-08-04T23:16:05.068642+00:00
BTCUSDT,2026-06-24T10:59:59.999000+00:00,62681.70000000,62681.70000000,62412.05000000,62445.99000000,530.71886000,2026-08-04T23:16:05.068686+00:00
BTCUSDT,2026-06-24T11:59:59.999000+00:00,62445.99000000,63239.06000000,62318.88000000,62921.19000000,815.18681000,2026-08-04T23:16:05.068726+00:00
BTCUSDT,2026-06-24T12:59:59.999000+00:00,62921.19000000,62973.20000000,62585.20000000,62618.31000000,517.25346000,2026-08-04T23:16:05.068765+00:00
BTCUSDT,2026-06-24T13:59:59.999000+00:00,62618.31000000,62628.75000000,61255.74000000,61338.01000000,2775.24015000,2026-08-04T23:16:05.068803+00:00
BTCUSDT,2026-06-24T14:59:59.999000+00:00,61338.00000000,61456.00000000,60888.00000000,61113.10000000,2839.40106000,2026-08-04T23:16:05.068840+00:00
BTCUSDT,2026-06-24T15:59:59.999000+00:00,61113.10000000,61150.13000000,60249.82000000,60250.00000000,3237.99155000,2026-08-04T23:16:05.068878+00:00
BTCUSDT,2026-06-24T16:59:59.999000+00:00,60250.00000000,60678.10000000,59622.00000000,59850.00000000,4274.39737000,2026-08-04T23:16:05.068918+00:00
BTCUSDT,2026-06-24T17:59:59.999000+00:00,59850.00000000,60057.18000000,59102.70000000,59404.00000000,3790.18060000,2026-08-04T23:16:05.068956+00:00
BTCUSDT,2026-06-24T18:59:59.999000+00:00,59404.00000000,59930.00000000,59310.85000000,59599.99000000,1583.51728000,2026-08-04T23:16:05.068993+00:00
BTCUSDT,2026-06-24T19:59:59.999000+00:00,59600.00000000,60000.00000000,59530.00000000,59958.30000000,1195.52715000,2026-08-04T23:16:05.069030+00:00
BTCUSDT,2026-06-24T20:59:59.999000+00:00,59958.30000000,61208.48000000,59854.00000000,60956.00000000,1821.39287000,2026-08-04T23:16:05.069069+00:00
BTCUSDT,2026-06-24T21:59:59.999000+00:00,60956.00000000,61144.63000000,60665.75000000,61110.00000000,801.00882000,2026-08-04T23:16:05.069106+00:00
BTCUSDT,2026-06-24T22:59:59.999000+00:00,61109.99000000,61276.00000000,60802.66000000,60873.99000000,523.65642000,2026-08-04T23:16:05.069143+00:00
BTCUSDT,2026-06-24T23:59:59.999000+00:00,60874.00000000,61112.00000000,60830.01000000,61077.99000000,416.02483000,2026-08-04T23:16:05.069180+00:00
BTCUSDT,2026-06-25T00:59:59.999000+00:00,61078.00000000,61163.16000000,60726.77000000,60832.00000000,766.62145000,2026-08-04T23:16:05.069217+00:00
BTCUSDT,2026-06-25T01:59:59.999000+00:00,60832.00000000,60988.00000000,60720.23000000,60928.00000000,615.84376000,2026-08-04T23:16:05.069253+00:00
BTCUSDT,2026-06-25T02:59:59.999000+00:00,60928.00000000,60966.00000000,60700.01000000,60799.08000000,580.03112000,2026-08-04T23:16:05.069290+00:00
BTCUSDT,2026-06-25T03:59:59.999000+00:00,60799.08000000,60910.63000000,60684.94000000,60883.65000000,479.47033000,2026-08-04T23:16:05.069327+00:00
BTCUSDT,2026-06-25T04:59:59.999000+00:00,60883.66000000,61410.00000000,60792.00000000,61357.63000000,536.03927000,2026-08-04T23:16:05.069366+00:00
BTCUSDT,2026-06-25T05:59:59.999000+00:00,61357.63000000,61807.04000000,61280.00000000,61600.01000000,1223.40590000,2026-08-04T23:16:05.069402+00:00
BTCUSDT,2026-06-25T06:59:59.999000+00:00,61600.02000000,61869.02000000,61600.01000000,61732.06000000,539.28770000,2026-08-04T23:16:05.069440+00:00
BTCUSDT,2026-06-25T07:59:59.999000+00:00,61732.06000000,61962.40000000,61670.00000000,61911.04000000,937.71339000,2026-08-04T23:16:05.069509+00:00
BTCUSDT,2026-06-25T08:59:59.999000+00:00,61911.03000000,61920.00000000,61684.87000000,61712.35000000,337.43778000,2026-08-04T23:16:05.069545+00:00
BTCUSDT,2026-06-25T09:59:59.999000+00:00,61712.36000000,61792.00000000,61614.32000000,61739.29000000,327.48572000,2026-08-04T23:16:05.069582+00:00
BTCUSDT,2026-06-25T10:59:59.999000+00:00,61739.29000000,61751.07000000,61257.79000000,61269.94000000,686.26895000,2026-08-04T23:16:05.069618+00:00
BTCUSDT,2026-06-25T11:59:59.999000+00:00,61269.95000000,61422.52000000,61066.00000000,61282.01000000,605.95603000,2026-08-04T23:16:05.069655+00:00
BTCUSDT,2026-06-25T12:59:59.999000+00:00,61282.00000000,61761.35000000,61080.00000000,61244.01000000,1124.99959000,2026-08-04T23:16:05.069691+00:00
BTCUSDT,2026-06-25T13:59:59.999000+00:00,61244.01000000,61369.18000000,58115.01000000,58290.17000000,6396.00513000,2026-08-04T23:16:05.069728+00:00
BTCUSDT,2026-06-25T14:59:59.999000+00:00,58291.70000000,60485.51000000,58291.70000000,59471.50000000,6002.27451000,2026-08-04T23:16:05.069764+00:00
BTCUSDT,2026-06-25T15:59:59.999000+00:00,59471.49000000,59655.86000000,58874.85000000,59557.99000000,2456.01373000,2026-08-04T23:16:05.069801+00:00
BTCUSDT,2026-06-25T16:59:59.999000+00:00,59557.99000000,60067.00000000,59157.63000000,59312.64000000,1765.10919000,2026-08-04T23:16:05.069838+00:00
BTCUSDT,2026-06-25T17:59:59.999000+00:00,59312.64000000,59740.90000000,59139.96000000,59676.01000000,1062.87634000,2026-08-04T23:16:05.069878+00:00
BTCUSDT,2026-06-25T18:59:59.999000+00:00,59676.00000000,59793.34000000,59364.00000000,59512.71000000,978.75101000,2026-08-04T23:16:05.069915+00:00
BTCUSDT,2026-06-25T19:59:59.999000+00:00,59512.71000000,59516.00000000,59168.82000000,59320.00000000,917.28893000,2026-08-04T23:16:05.069952+00:00
BTCUSDT,2026-06-25T20:59:59.999000+00:00,59319.99000000,59741.95000000,59319.99000000,59456.62000000,539.40098000,2026-08-04T23:16:05.069989+00:00
BTCUSDT,2026-06-25T21:59:59.999000+00:00,59456.62000000,60273.81000000,59452.01000000,60211.87000000,617.22274000,2026-08-04T23:16:05.070025+00:00
BTCUSDT,2026-06-25T22:59:59.999000+00:00,60211.86000000,60211.86000000,59740.00000000,59851.27000000,431.60976000,2026-08-04T23:16:05.070062+00:00
BTCUSDT,2026-06-25T23:59:59.999000+00:00,59851.27000000,60191.55000000,59739.99000000,59794.00000000,458.89363000,2026-08-04T23:16:05.070099+00:00
BTCUSDT,2026-06-26T00:59:59.999000+00:00,59794.64000000,59906.71000000,59642.77000000,59667.09000000,875.61527000,2026-08-04T23:16:05.070138+00:00
BTCUSDT,2026-06-26T01:59:59.999000+00:00,59667.09000000,59789.07000000,59228.00000000,59431.50000000,833.71293000,2026-08-04T23:16:05.070175+00:00
BTCUSDT,2026-06-26T02:59:59.999000+00:00,59431.49000000,59456.00000000,58358.77000000,58561.99000000,2633.68350000,2026-08-04T23:16:05.070212+00:00
BTCUSDT,2026-06-26T03:59:59.999000+00:00,58562.00000000,60131.37000000,58337.00000000,60036.01000000,1886.07235000,2026-08-04T23:16:05.070248+00:00
BTCUSDT,2026-06-26T04:59:59.999000+00:00,60036.00000000,60238.77000000,59836.17000000,59920.47000000,843.97840000,2026-08-04T23:16:05.070284+00:00
BTCUSDT,2026-06-26T05:59:59.999000+00:00,59920.47000000,60047.68000000,59736.00000000,59953.30000000,883.13649000,2026-08-04T23:16:05.070320+00:00
BTCUSDT,2026-06-26T06:59:59.999000+00:00,59953.30000000,60459.55000000,59702.00000000,60324.00000000,1504.97927000,2026-08-04T23:16:05.070356+00:00
BTCUSDT,2026-06-26T07:59:59.999000+00:00,60324.00000000,60759.99000000,60283.08000000,60532.00000000,2153.07079000,2026-08-04T23:16:05.070393+00:00
BTCUSDT,2026-06-26T08:59:59.999000+00:00,60532.00000000,60580.00000000,60150.56000000,60245.67000000,803.85464000,2026-08-04T23:16:05.070429+00:00
BTCUSDT,2026-06-26T09:59:59.999000+00:00,60245.90000000,60259.37000000,59583.33000000,59736.01000000,832.22202000,2026-08-04T23:16:05.070465+00:00
BTCUSDT,2026-06-26T10:59:59.999000+00:00,59736.01000000,59858.93000000,59239.78000000,59313.26000000,1050.97441000,2026-08-04T23:16:05.070530+00:00
BTCUSDT,2026-06-26T11:59:59.999000+00:00,59313.26000000,59588.00000000,59259.78000000,59413.24000000,1048.33290000,2026-08-04T23:16:05.070565+00:00
BTCUSDT,2026-06-26T12:59:59.999000+00:00,59413.24000000,60007.91000000,58969.90000000,59185.02000000,1710.35381000,2026-08-04T23:16:05.070599+00:00
BTCUSDT,2026-06-26T13:59:59.999000+00:00,59185.02000000,60216.14000000,58500.10000000,60175.43000000,2730.33879000,2026-08-04T23:16:05.070634+00:00
BTCUSDT,2026-06-26T14:59:59.999000+00:00,60175.42000000,60294.00000000,59390.00000000,59590.73000000,1745.27867000,2026-08-04T23:16:05.070668+00:00
BTCUSDT,2026-06-26T15:59:59.999000+00:00,59590.73000000,60500.00000000,59584.01000000,60328.32000000,1582.87088000,2026-08-04T23:16:05.070703+00:00
BTCUSDT,2026-06-26T16:59:59.999000+00:00,60328.18000000,60583.00000000,59970.00000000,60041.75000000,1128.46917000,2026-08-04T23:16:05.070737+00:00
BTCUSDT,2026-06-26T17:59:59.999000+00:00,60041.76000000,60287.90000000,59952.00000000,60023.97000000,546.63522000,2026-08-04T23:16:05.070771+00:00
BTCUSDT,2026-06-26T18:59:59.999000+00:00,60023.96000000,60158.00000000,59556.00000000,59668.01000000,504.21141000,2026-08-04T23:16:05.070810+00:00
BTCUSDT,2026-06-26T19:59:59.999000+00:00,59668.01000000,60098.00000000,59617.37000000,59751.97000000,708.47753000,2026-08-04T23:16:05.070845+00:00
BTCUSDT,2026-06-26T20:59:59.999000+00:00,59751.96000000,59994.00000000,59571.31000000,59718.00000000,454.05927000,2026-08-04T23:16:05.070879+00:00
BTCUSDT,2026-06-26T21:59:59.999000+00:00,59717.99000000,60050.00000000,59678.00000000,59918.70000000,287.90036000,2026-08-04T23:16:05.070913+00:00
BTCUSDT,2026-06-26T22:59:59.999000+00:00,59918.70000000,60080.00000000,59754.00000000,60048.00000000,335.92054000,2026-08-04T23:16:05.070947+00:00
BTCUSDT,2026-06-26T23:59:59.999000+00:00,60048.00000000,60117.64000000,59923.27000000,60097.27000000,319.40861000,2026-08-04T23:16:05.070981+00:00
BTCUSDT,2026-06-27T00:59:59.999000+00:00,60097.27000000,60197.00000000,59876.22000000,60059.07000000,360.77885000,2026-08-04T23:16:05.071016+00:00
BTCUSDT,2026-06-27T01:59:59.999000+00:00,60059.09000000,60068.00000000,59936.07000000,59945.53000000,245.35114000,2026-08-04T23:16:05.071050+00:00
BTCUSDT,2026-06-27T02:59:59.999000+00:00,59945.53000000,60378.23000000,59921.68000000,60290.01000000,695.38686000,2026-08-04T23:16:05.071084+00:00
BTCUSDT,2026-06-27T03:59:59.999000+00:00,60290.01000000,60412.00000000,60159.91000000,60305.73000000,438.61125000,2026-08-04T23:16:05.071118+00:00
BTCUSDT,2026-06-27T04:59:59.999000+00:00,60305.73000000,60482.00000000,60217.26000000,60239.99000000,303.30454000,2026-08-04T23:16:05.071152+00:00
BTCUSDT,2026-06-27T05:59:59.999000+00:00,60240.00000000,60311.00000000,60136.00000000,60236.76000000,444.91930000,2026-08-04T23:16:05.071187+00:00
BTCUSDT,2026-06-27T06:59:59.999000+00:00,60236.75000000,60500.00000000,60093.33000000,60370.62000000,581.81791000,2026-08-04T23:16:05.071221+00:00
BTCUSDT,2026-06-27T07:59:59.999000+00:00,60370.63000000,60574.00000000,60300.00000000,60548.07000000,825.68653000,2026-08-04T23:16:05.071256+00:00
BTCUSDT,2026-06-27T08:59:59.999000+00:00,60548.06000000,60548.74000000,60371.62000000,60456.00000000,470.55782000,2026-08-04T23:16:05.071290+00:00
BTCUSDT,2026-06-27T09:59:59.999000+00:00,60456.00000000,60511.99000000,60289.55000000,60414.62000000,307.96541000,2026-08-04T23:16:05.071324+00:00
BTCUSDT,2026-06-27T10:59:59.999000+00:00,60414.62000000,60487.31000000,60380.00000000,60420.28000000,137.85110000,2026-08-04T23:16:05.071358+00:00
BTCUSDT,2026-06-27T11:59:59.999000+00:00,60420.28000000,60447.80000000,60198.94000000,60363.65000000,275.39332000,2026-08-04T23:16:05.071393+00:00
BTCUSDT,2026-06-27T12:59:59.999000+00:00,60363.65000000,60430.01000000,60257.03000000,60430.00000000,349.04570000,2026-08-04T23:16:05.071427+00:00
BTCUSDT,2026-06-27T13:59:59.999000+00:00,60430.00000000,60665.74000000,60394.00000000,60588.35000000,434.13389000,2026-08-04T23:16:05.071461+00:00
BTCUSDT,2026-06-27T14:59:59.999000+00:00,60588.35000000,60728.00000000,60510.00000000,60611.50000000,306.64293000,2026-08-04T23:16:05.071518+00:00
BTCUSDT,2026-06-27T15:59:59.999000+00:00,60611.49000000,60941.17000000,60570.00000000,60840.06000000,606.25294000,2026-08-04T23:16:05.071553+00:00
BTCUSDT,2026-06-27T16:59:59.999000+00:00,60840.06000000,60855.03000000,60673.64000000,60807.99000000,239.69380000,2026-08-04T23:16:05.071587+00:00
BTCUSDT,2026-06-27T17:59:59.999000+00:00,60808.00000000,60818.76000000,60413.15000000,60524.88000000,548.67896000,2026-08-04T23:16:05.071622+00:00
BTCUSDT,2026-06-27T18:59:59.999000+00:00,60524.89000000,60576.03000000,60446.25000000,60570.86000000,229.00634000,2026-08-04T23:16:05.071656+00:00
BTCUSDT,2026-06-27T19:59:59.999000+00:00,60570.86000000,60605.41000000,60085.88000000,60175.95000000,414.61342000,2026-08-04T23:16:05.071690+00:00
BTCUSDT,2026-06-27T20:59:59.999000+00:00,60175.95000000,60306.00000000,60173.07000000,60300.00000000,220.12001000,2026-08-04T23:16:05.071724+00:00
BTCUSDT,2026-06-27T21:59:59.999000+00:00,60300.00000000,60482.18000000,60142.00000000,60203.82000000,280.50282000,2026-08-04T23:16:05.071759+00:00
BTCUSDT,2026-06-27T22:59:59.999000+00:00,60203.83000000,60256.56000000,59855.16000000,60228.95000000,377.17485000,2026-08-04T23:16:05.071793+00:00
BTCUSDT,2026-06-27T23:59:59.999000+00:00,60228.96000000,60320.00000000,59952.00000000,60029.00000000,493.73947000,2026-08-04T23:16:05.071827+00:00
BTCUSDT,2026-06-28T00:59:59.999000+00:00,60029.01000000,60190.00000000,60018.00000000,60146.00000000,462.24707000,2026-08-04T23:16:05.071862+00:00
BTCUSDT,2026-06-28T01:59:59.999000+00:00,60146.00000000,60273.38000000,59986.00000000,60222.22000000,267.56528000,2026-08-04T23:16:05.071896+00:00
BTCUSDT,2026-06-28T02:59:59.999000+00:00,60222.21000000,60339.99000000,60054.00000000,60150.45000000,403.64282000,2026-08-04T23:16:05.071930+00:00
BTCUSDT,2026-06-28T03:59:59.999000+00:00,60150.46000000,60275.00000000,60150.45000000,60197.04000000,255.71231000,2026-08-04T23:16:05.071964+00:00
BTCUSDT,2026-06-28T04:59:59.999000+00:00,60197.03000000,60231.83000000,60088.04000000,60133.00000000,191.50597000,2026-08-04T23:16:05.071998+00:00
BTCUSDT,2026-06-28T05:59:59.999000+00:00,60133.01000000,60140.00000000,59753.48000000,59989.17000000,345.08439000,2026-08-04T23:16:05.072033+00:00
BTCUSDT,2026-06-28T06:59:59.999000+00:00,59989.18000000,60030.00000000,59808.00000000,60002.82000000,217.95005000,2026-08-04T23:16:05.072067+00:00
BTCUSDT,2026-06-28T07:59:59.999000+00:00,60002.82000000,60259.68000000,60000.00000000,60219.99000000,361.83587000,2026-08-04T23:16:05.072101+00:00
BTCUSDT,2026-06-28T08:59:59.999000+00:00,60220.00000000,60545.01000000,60140.14000000,60370.00000000,491.60840000,2026-08-04T23:16:05.072135+00:00
BTCUSDT,2026-06-28T09:59:59.999000+00:00,60370.01000000,60462.00000000,60250.81000000,60258.84000000,222.40620000,2026-08-04T23:16:05.072169+00:00
BTCUSDT,2026-06-28T10:59:59.999000+00:00,60258.85000000,60292.48000000,60068.00000000,60166.71000000,181.18756000,2026-08-04T23:16:05.072204+00:00
BTCUSDT,2026-06-28T11:59:59.999000+00:00,60166.71000000,60374.05000000,60100.00000000,60342.00000000,225.05378000,2026-08-04T23:16:05.072238+00:00
BTCUSDT,2026-06-28T12:59:59.999000+00:00,60341.99000000,60457.02000000,60190.00000000,60293.51000000,212.93540000,2026-08-04T23:16:05.072272+00:00
BTCUSDT,2026-06-28T13:59:59.999000+00:00,60293.50000000,60293.51000000,59963.86000000,60071.88000000,369.88204000,2026-08-04T23:16:05.072306+00:00
BTCUSDT,2026-06-28T14:59:59.999000+00:00,60071.89000000,60250.00000000,60018.00000000,60033.00000000,318.13606000,2026-08-04T23:16:05.072340+00:00
BTCUSDT,2026-06-28T15:59:59.999000+00:00,60033.01000000,60130.00000000,59817.28000000,59890.00000000,467.03244000,2026-08-04T23:16:05.072374+00:00
BTCUSDT,2026-06-28T16:59:59.999000+00:00,59890.35000000,59943.90000000,59582.34000000,59690.62000000,567.70369000,2026-08-04T23:16:05.072409+00:00
BTCUSDT,2026-06-28T17:59:59.999000+00:00,59690.62000000,59848.00000000,59403.77000000,59586.01000000,519.06441000,2026-08-04T23:16:05.072443+00:00
BTCUSDT,2026-06-28T18:59:59.999000+00:00,59586.00000000,59700.00000000,59502.00000000,59614.46000000,272.01169000,2026-08-04T23:16:05.072499+00:00
BTCUSDT,2026-06-28T19:59:59.999000+00:00,59614.46000000,59682.00000000,59270.26000000,59481.79000000,301.99561000,2026-08-04T23:16:05.072535+00:00
BTCUSDT,2026-06-28T20:59:59.999000+00:00,59481.78000000,59765.90000000,59474.28000000,59660.00000000,227.14803000,2026-08-04T23:16:05.072572+00:00
BTCUSDT,2026-06-28T21:59:59.999000+00:00,59660.00000000,59796.66000000,59333.33000000,59445.95000000,531.65984000,2026-08-04T23:16:05.072608+00:00
BTCUSDT,2026-06-28T22:59:59.999000+00:00,59445.96000000,59906.00000000,58905.00000000,59067.01000000,983.67622000,2026-08-04T23:16:05.072644+00:00
BTCUSDT,2026-06-28T23:59:59.999000+00:00,59067.00000000,59848.00000000,59011.99000000,59577.01000000,510.09283000,2026-08-04T23:16:05.072680+00:00
BTCUSDT,2026-06-29T00:59:59.999000+00:00,59577.01000000,59700.00000000,59000.01000000,59667.01000000,549.31747000,2026-08-04T23:16:05.072716+00:00
BTCUSDT,2026-06-29T01:59:59.999000+00:00,59667.00000000,59697.00000000,59206.00000000,59440.95000000,647.05387000,2026-08-04T23:16:05.072752+00:00
BTCUSDT,2026-06-29T02:59:59.999000+00:00,59440.95000000,59812.00000000,58900.01000000,59757.46000000,1223.86338000,2026-08-04T23:16:05.072789+00:00
BTCUSDT,2026-06-29T03:59:59.999000+00:00,59757.47000000,60233.00000000,59757.47000000,60049.46000000,780.88525000,2026-08-04T23:16:05.072824+00:00
BTCUSDT,2026-06-29T04:59:59.999000+00:00,60049.45000000,60053.99000000,59746.00000000,59830.00000000,361.46912000,2026-08-04T23:16:05.072860+00:00
BTCUSDT,2026-06-29T05:59:59.999000+00:00,59830.01000000,60102.80000000,59392.02000000,60102.80000000,496.75535000,2026-08-04T23:16:05.072897+00:00
BTCUSDT,2026-06-29T06:59:59.999000+00:00,60102.80000000,60346.27000000,60050.67000000,60075.49000000,683.16036000,2026-08-04T23:16:05.072933+00:00
BTCUSDT,2026-06-29T07:59:59.999000+00:00,60075.50000000,60186.94000000,59936.00000000,60026.00000000,536.94262000,2026-08-04T23:16:05.072969+00:00
BTCUSDT,2026-06-29T08:59:59.999000+00:00,60026.01000000,60093.99000000,59745.46000000,59840.00000000,550.67382000,2026-08-04T23:16:05.073006+00:00
BTCUSDT,2026-06-29T09:59:59.999000+00:00,59840.01000000,60104.00000000,59778.76000000,60057.00000000,747.08903000,2026-08-04T23:16:05.073043+00:00
BTCUSDT,2026-06-29T10:59:59.999000+00:00,60057.00000000,60311.95000000,60056.99000000,60088.00000000,441.90219000,2026-08-04T23:16:05.073080+00:00
BTCUSDT,2026-06-29T11:59:59.999000+00:00,60088.00000000,60216.00000000,59796.00000000,59956.05000000,515.67042000,2026-08-04T23:16:05.073118+00:00
BTCUSDT,2026-06-29T12:59:59.999000+00:00,59956.05000000,60780.57000000,59595.09000000,59948.78000000,2600.10754000,2026-08-04T23:16:05.073155+00:00
BTCUSDT,2026-06-29T13:59:59.999000+00:00,59948.79000000,60340.00000000,59319.90000000,59580.00000000,2144.25430000,2026-08-04T23:16:05.073192+00:00
BTCUSDT,2026-06-29T14:59:59.999000+00:00,59580.00000000,59699.99000000,59011.00000000,59469.67000000,1999.07246000,2026-08-04T23:16:05.073230+00:00
BTCUSDT,2026-06-29T15:59:59.999000+00:00,59469.45000000,59960.00000000,59097.58000000,59824.01000000,1368.05680000,2026-08-04T23:16:05.073267+00:00
BTCUSDT,2026-06-29T16:59:59.999000+00:00,59824.01000000,60030.00000000,59584.48000000,59892.86000000,663.03532000,2026-08-04T23:16:05.073377+00:00
BTCUSDT,2026-06-29T17:59:59.999000+00:00,59892.87000000,60683.84000000,59892.00000000,60413.99000000,1795.75633000,2026-08-04T23:16:05.073507+00:00
BTCUSDT,2026-06-29T18:59:59.999000+00:00,60413.99000000,60520.00000000,60193.87000000,60295.00000000,525.48841000,2026-08-04T23:16:05.073553+00:00
BTCUSDT,2026-06-29T19:59:59.999000+00:00,60295.00000000,60557.50000000,60153.35000000,60433.49000000,501.01522000,2026-08-04T23:16:05.073596+00:00
BTCUSDT,2026-06-29T20:59:59.999000+00:00,60433.50000000,60553.06000000,60295.32000000,60296.00000000,312.86249000,2026-08-04T23:16:05.073636+00:00
BTCUSDT,2026-06-29T21:59:59.999000+00:00,60296.01000000,60585.99000000,60261.89000000,60479.72000000,294.76243000,2026-08-04T23:16:05.073676+00:00
BTCUSDT,2026-06-29T22:59:59.999000+00:00,60479.71000000,60516.00000000,60350.00000000,60352.31000000,211.76202000,2026-08-04T23:16:05.073745+00:00
BTCUSDT,2026-06-29T23:59:59.999000+00:00,60352.31000000,60379.23000000,60194.01000000,60260.21000000,252.18558000,2026-08-04T23:16:05.073784+00:00
BTCUSDT,2026-06-30T00:59:59.999000+00:00,60260.20000000,60276.54000000,59700.00000000,59838.01000000,709.83194000,2026-08-04T23:16:05.073823+00:00
BTCUSDT,2026-06-30T01:59:59.999000+00:00,59838.01000000,60048.98000000,59771.00000000,59939.94000000,341.19535000,2026-08-04T23:16:05.073862+00:00
BTCUSDT,2026-06-30T02:59:59.999000+00:00,59939.94000000,60042.54000000,59755.00000000,59948.24000000,424.27619000,2026-08-04T23:16:05.073902+00:00
BTCUSDT,2026-06-30T03:59:59.999000+00:00,59948.24000000,60031.75000000,59600.00000000,59627.48000000,381.85931000,2026-08-04T23:16:05.073942+00:00
BTCUSDT,2026-06-30T04:59:59.999000+00:00,59627.47000000,59700.00000000,59433.36000000,59492.01000000,774.84820000,2026-08-04T23:16:05.073981+00:00
BTCUSDT,2026-06-30T05:59:59.999000+00:00,59492.01000000,59656.89000000,59360.00000000,59652.13000000,807.92024000,2026-08-04T23:16:05.074019+00:00
BTCUSDT,2026-06-30T06:59:59.999000+00:00,59652.13000000,59712.88000000,59513.72000000,59592.00000000,708.76994000,2026-08-04T23:16:05.074061+00:00
BTCUSDT,2026-06-30T07:59:59.999000+00:00,59592.00000000,59632.00000000,59444.00000000,59524.01000000,762.40668000,2026-08-04T23:16:05.074100+00:00
BTCUSDT,2026-06-30T08:59:59.999000+00:00,59524.01000000,59551.03000000,59189.00000000,59311.92000000,879.64073000,2026-08-04T23:16:05.074138+00:00
BTCUSDT,2026-06-30T09:59:59.999000+00:00,59311.26000000,59420.00000000,59252.00000000,59374.96000000,442.65865000,2026-08-04T23:16:05.074177+00:00
BTCUSDT,2026-06-30T10:59:59.999000+00:00,59374.96000000,59420.00000000,59286.36000000,59334.01000000,300.40182000,2026-08-04T23:16:05.074238+00:00
BTCUSDT,2026-06-30T11:59:59.999000+00:00,59334.01000000,59413.27000000,59123.01000000,59192.70000000,466.77156000,2026-08-04T23:16:05.074280+00:00
BTCUSDT,2026-06-30T12:59:59.999000+00:00,59192.71000000,59192.71000000,58403.51000000,58412.00000000,2043.39825000,2026-08-04T23:16:05.074319+00:00
BTCUSDT,2026-06-30T13:59:59.999000+00:00,58411.99000000,58802.66000000,58228.33000000,58737.18000000,2504.50868000,2026-08-04T23:16:05.074358+00:00
BTCUSDT,2026-06-30T14:59:59.999000+00:00,58737.17000000,59276.60000000,58433.00000000,58482.81000000,1779.99006000,2026-08-04T23:16:05.074396+00:00
BTCUSDT,2026-06-30T15:59:59.999000+00:00,58482.81000000,58796.00000000,58201.00000000,58381.99000000,1563.15031000,2026-08-04T23:16:05.074434+00:00
BTCUSDT,2026-06-30T16:59:59.999000+00:00,58382.00000000,58632.00000000,58241.79000000,58497.65000000,1178.89718000,2026-08-04T23:16:05.074472+00:00
BTCUSDT,2026-06-30T17:59:59.999000+00:00,58497.65000000,58618.65000000,58310.72000000,58417.99000000,632.53618000,2026-08-04T23:16:05.074511+00:00
BTCUSDT,2026-06-30T18:59:59.999000+00:00,58417.99000000,58699.98000000,58351.56000000,58680.87000000,605.07781000,2026-08-04T23:16:05.074552+00:00
BTCUSDT,2026-06-30T19:59:59.999000+00:00,58680.86000000,58839.16000000,58586.01000000,58818.05000000,678.64150000,2026-08-04T23:16:05.074591+00:00
BTCUSDT,2026-06-30T20:59:59.999000+00:00,58818.00000000,58874.99000000,58648.26000000,58732.01000000,428.82351000,2026-08-04T23:16:05.074632+00:00
BTCUSDT,2026-06-30T21:59:59.999000+00:00,58732.00000000,58770.00000000,58509.99000000,58639.99000000,398.14222000,2026-08-04T23:16:05.074670+00:00
BTCUSDT,2026-06-30T22:59:59.999000+00:00,58639.99000000,58806.91000000,58513.80000000,58607.99000000,274.43078000,2026-08-04T23:16:05.074708+00:00
BTCUSDT,2026-06-30T23:59:59.999000+00:00,58607.99000000,58664.00000000,58555.00000000,58624.71000000,551.65078000,2026-08-04T23:16:05.074748+00:00
BTCUSDT,2026-07-01T00:59:59.999000+00:00,58624.71000000,58750.68000000,58310.00000000,58576.00000000,670.64661000,2026-08-04T23:16:05.074787+00:00
BTCUSDT,2026-07-01T01:59:59.999000+00:00,58575.99000000,59022.81000000,57800.19000000,58770.57000000,2987.12539000,2026-08-04T23:16:05.074825+00:00
BTCUSDT,2026-07-01T02:59:59.999000+00:00,58770.58000000,59171.63000000,58663.95000000,59085.00000000,692.74758000,2026-08-04T23:16:05.074895+00:00
BTCUSDT,2026-07-01T03:59:59.999000+00:00,59085.00000000,59318.00000000,58850.00000000,59197.13000000,715.44075000,2026-08-04T23:16:05.074930+00:00
BTCUSDT,2026-07-01T04:59:59.999000+00:00,59197.12000000,59457.00000000,59062.00000000,59339.99000000,480.11636000,2026-08-04T23:16:05.074966+00:00
BTCUSDT,2026-07-01T05:59:59.999000+00:00,59339.99000000,59376.48000000,59126.42000000,59154.33000000,432.30487000,2026-08-04T23:16:05.075001+00:00
BTCUSDT,2026-07-01T06:59:59.999000+00:00,59154.33000000,59156.00000000,58534.31000000,58755.80000000,794.13401000,2026-08-04T23:16:05.075037+00:00
BTCUSDT,2026-07-01T07:59:59.999000+00:00,58755.80000000,58823.90000000,58600.00000000,58768.65000000,479.85852000,2026-08-04T23:16:05.075072+00:00
BTCUSDT,2026-07-01T08:59:59.999000+00:00,58768.64000000,58984.00000000,58500.00000000,58973.99000000,381.93254000,2026-08-04T23:16:05.075107+00:00
BTCUSDT,2026-07-01T09:59:59.999000+00:00,58973.99000000,59091.99000000,58825.61000000,58944.55000000,417.79405000,2026-08-04T23:16:05.075143+00:00
BTCUSDT,2026-07-01T10:59:59.999000+00:00,58944.55000000,58948.47000000,58624.00000000,58659.98000000,405.70309000,2026-08-04T23:16:05.075178+00:00
BTCUSDT,2026-07-01T11:59:59.999000+00:00,58659.97000000,58755.90000000,58550.00000000,58622.03000000,396.69177000,2026-08-04T23:16:05.075214+00:00
BTCUSDT,2026-07-01T12:59:59.999000+00:00,58622.02000000,58676.00000000,58326.00000000,58538.01000000,1716.61119000,2026-08-04T23:16:05.075249+00:00
BTCUSDT,2026-07-01T13:59:59.999000+00:00,58538.00000000,59508.00000000,58536.00000000,59498.03000000,2321.79547000,2026-08-04T23:16:05.075284+00:00
BTCUSDT,2026-07-01T14:59:59.999000+00:00,59498.03000000,60092.00000000,59278.00000000,59542.00000000,3726.20910000,2026-08-04T23:16:05.075319+00:00
BTCUSDT,2026-07-01T15:59:59.999000+00:00,59541.99000000,60536.55000000,59520.51000000,60147.15000000,2322.06211000,2026-08-04T23:16:05.075354+00:00
BTCUSDT,2026-07-01T16:59:59.999000+00:00,60147.15000000,60267.17000000,59865.75000000,59920.00000000,862.80045000,2026-08-04T23:16:05.075390+00:00
BTCUSDT,2026-07-01T17:59:59.999000+00:00,59920.00000000,60239.84000000,59787.35000000,60190.60000000,480.08928000,2026-08-04T23:16:05.075425+00:00
BTCUSDT,2026-07-01T18:59:59.999000+00:00,60190.59000000,60298.00000000,60016.40000000,60171.16000000,343.31457000,2026-08-04T23:16:05.075461+00:00
BTCUSDT,2026-07-01T19:59:59.999000+00:00,60171.16000000,60352.93000000,60000.00000000,60028.67000000,548.14825000,2026-08-04T23:16:05.075497+00:00
BTCUSDT,2026-07-01T20:59:59.999000+00:00,60029.39000000,60198.00000000,59876.00000000,60126.00000000,313.10277000,2026-08-04T23:16:05.075532+00:00
BTCUSDT,2026-07-01T21:59:59.999000+00:00,60126.00000000,60846.95000000,60124.89000000,60815.99000000,1153.57611000,2026-08-04T23:16:05.075567+00:00
BTCUSDT,2026-07-01T22:59:59.999000+00:00,60815.99000000,61334.00000000,60339.00000000,60478.01000000,1877.61599000,2026-08-04T23:16:05.075602+00:00
BTCUSDT,2026-07-01T23:59:59.999000+00:00,60478.00000000,60478.00000000,59984.86000000,60024.00000000,573.62579000,2026-08-04T23:16:05.075637+00:00
BTCUSDT,2026-07-02T00:59:59.999000+00:00,60024.00000000,60028.00000000,59588.00000000,59761.73000000,857.93081000,2026-08-04T23:16:05.075672+00:00
BTCUSDT,2026-07-02T01:59:59.999000+00:00,59761.74000000,60324.99000000,59715.80000000,60175.92000000,634.42084000,2026-08-04T23:16:05.075707+00:00
BTCUSDT,2026-07-02T02:59:59.999000+00:00,60175.91000000,60495.24000000,60015.68000000,60423.10000000,520.93970000,2026-08-04T23:16:05.075742+00:00
BTCUSDT,2026-07-02T03:59:59.999000+00:00,60423.11000000,61121.78000000,60300.02000000,61058.00000000,891.65369000,2026-08-04T23:16:05.075777+00:00
BTCUSDT,2026-07-02T04:59:59.999000+00:00,61057.99000000,61058.00000000,60728.00000000,60787.98000000,793.20588000,2026-08-04T23:16:05.075813+00:00
BTCUSDT,2026-07-02T05:59:59.999000+00:00,60787.98000000,60877.69000000,60488.00000000,60504.54000000,836.16486000,2026-08-04T23:16:05.075848+00:00
BTCUSDT,2026-07-02T06:59:59.999000+00:00,60504.54000000,60652.74000000,60260.00000000,60274.01000000,838.53408000,2026-08-04T23:16:05.075908+00:00
BTCUSDT,2026-07-02T07:59:59.999000+00:00,60274.01000000,60315.93000000,60104.00000000,60149.99000000,593.99067000,2026-08-04T23:16:05.075949+00:00
BTCUSDT,2026-07-02T08:59:59.999000+00:00,60149.99000000,60555.06000000,60132.51000000,60511.99000000,573.38622000,2026-08-04T23:16:05.075986+00:00
BTCUSDT,2026-07-02T09:59:59.999000+00:00,60512.00000000,61437.49000000,60376.13000000,61184.00000000,1895.63178000,2026-08-04T23:16:05.076023+00:00
BTCUSDT,2026-07-02T10:59:59.999000+00:00,61184.00000000,61350.00000000,61051.07000000,61263.68000000,711.10860000,2026-08-04T23:16:05.076060+00:00
BTCUSDT,2026-07-02T11:59:59.999000+00:00,61263.93000000,61388.00000000,61125.58000000,61358.01000000,823.29588000,2026-08-04T23:16:05.076097+00:00
BTCUSDT,2026-07-02T12:59:59.999000+00:00,61358.00000000,61614.00000000,61147.23000000,61542.53000000,1476.64291000,2026-08-04T23:16:05.076134+00:00
BTCUSDT,2026-07-02T13:59:59.999000+00:00,61542.53000000,62053.00000000,61506.00000000,61939.04000000,2503.04906000,2026-08-04T23:16:05.076172+00:00
BTCUSDT,2026-07-02T14:59:59.999000+00:00,61939.04000000,62200.00000000,61394.49000000,61696.61000000,1834.43153000,2026-08-04T23:16:05.076210+00:00
BTCUSDT,2026-07-02T15:59:59.999000+00:00,61696.61000000,61850.86000000,61427.39000000,61612.93000000,955.08900000,2026-08-04T23:16:05.076247+00:00
BTCUSDT,2026-07-02T16:59:59.999000+00:00,61612.93000000,61790.13000000,61108.99000000,61682.34000000,1526.68052000,2026-08-04T23:16:05.076284+00:00
BTCUSDT,2026-07-02T17:59:59.999000+00:00,61682.34000000,61962.43000000,61619.69000000,61667.39000000,742.84693000,2026-08-04T23:16:05.076321+00:00
BTCUSDT,2026-07-02T18:59:59.999000+00:00,61667.40000000,61900.29000000,61664.39000000,61761.36000000,457.24217000,2026-08-04T23:16:05.076358+00:00
BTCUSDT,2026-07-02T19:59:59.999000+00:00,61761.36000000,61763.81000000,61424.00000000,61479.60000000,567.93379000,2026-08-04T23:16:05.076395+00:00
BTCUSDT,2026-07-02T20:59:59.999000+00:00,61479.59000000,61596.00000000,61342.00000000,61584.78000000,435.70751000,2026-08-04T23:16:05.076431+00:00
BTCUSDT,2026-07-02T21:59:59.999000+00:00,61584.77000000,61653.43000000,61516.00000000,61592.26000000,335.09994000,2026-08-04T23:16:05.076469+00:00
BTCUSDT,2026-07-02T22:59:59.999000+00:00,61592.26000000,61596.62000000,61406.28000000,61465.26000000,313.41399000,2026-08-04T23:16:05.076506+00:00
BTCUSDT,2026-07-02T23:59:59.999000+00:00,61465.26000000,61606.00000000,61350.02000000,61560.00000000,263.74127000,2026-08-04T23:16:05.076543+00:00
BTCUSDT,2026-07-03T00:59:59.999000+00:00,61560.00000000,61578.00000000,61248.86000000,61308.75000000,803.35853000,2026-08-04T23:16:05.076580+00:00
BTCUSDT,2026-07-03T01:59:59.999000+00:00,61308.75000000,61733.11000000,61286.00000000,61588.00000000,365.29608000,2026-08-04T23:16:05.076617+00:00
BTCUSDT,2026-07-03T02:59:59.999000+00:00,61588.00000000,61664.62000000,61294.00000000,61440.01000000,718.15053000,2026-08-04T23:16:05.076654+00:00
BTCUSDT,2026-07-03T03:59:59.999000+00:00,61440.01000000,61575.15000000,61324.00000000,61434.00000000,592.37701000,2026-08-04T23:16:05.076691+00:00
BTCUSDT,2026-07-03T04:59:59.999000+00:00,61434.00000000,61524.01000000,61332.76000000,61448.00000000,597.68744000,2026-08-04T23:16:05.076728+00:00
BTCUSDT,2026-07-03T05:59:59.999000+00:00,61448.00000000,61808.00000000,61430.00000000,61700.49000000,669.42027000,2026-08-04T23:16:05.076765+00:00
BTCUSDT,2026-07-03T06:59:59.999000+00:00,61700.49000000,61850.00000000,61612.00000000,61710.01000000,821.56550000,2026-08-04T23:16:05.076802+00:00
BTCUSDT,2026-07-03T07:59:59.999000+00:00,61710.01000000,61864.99000000,61659.32000000,61750.47000000,1075.23435000,2026-08-04T23:16:05.076839+00:00
BTCUSDT,2026-07-03T08:59:59.999000+00:00,61750.47000000,61896.99000000,61554.07000000,61584.00000000,341.60269000,2026-08-04T23:16:05.076879+00:00
BTCUSDT,2026-07-03T09:59:59.999000+00:00,61583.99000000,61783.89000000,61510.01000000,61718.68000000,336.50784000,2026-08-04T23:16:05.076945+00:00
BTCUSDT,2026-07-03T10:59:59.999000+00:00,61718.69000000,62038.00000000,61663.98000000,61916.46000000,481.39402000,2026-08-04T23:16:05.076986+00:00
BTCUSDT,2026-07-03T11:59:59.999000+00:00,61916.46000000,62103.10000000,61840.00000000,62024.02000000,549.87382000,2026-08-04T23:16:05.077023+00:00
BTCUSDT,2026-07-03T12:59:59.999000+00:00,62024.01000000,62174.47000000,61871.66000000,61983.99000000,627.72129000,2026-08-04T23:16:05.077060+00:00
BTCUSDT,2026-07-03T13:59:59.999000+00:00,61984.00000000,62282.00000000,61944.00000000,62116.01000000,790.28341000,2026-08-04T23:16:05.077097+00:00
BTCUSDT,2026-07-03T14:59:59.999000+00:00,62116.00000000,62280.00000000,61700.00000000,62167.48000000,768.79968000,2026-08-04T23:16:05.077134+00:00
BTCUSDT,2026-07-03T15:59:59.999000+00:00,62167.47000000,62400.00000000,61820.00000000,61922.72000000,627.67216000,2026-08-04T23:16:05.077171+00:00
BTCUSDT,2026-07-03T16:59:59.999000+00:00,61922.71000000,62125.99000000,61911.65000000,62104.81000000,308.09730000,2026-08-04T23:16:05.077208+00:00
BTCUSDT,2026-07-03T17:59:59.999000+00:00,62104.81000000,62292.51000000,62068.78000000,62194.00000000,345.47791000,2026-08-04T23:16:05.077246+00:00
BTCUSDT,2026-07-03T18:59:59.999000+00:00,62193.99000000,62250.00000000,62118.00000000,62204.01000000,298.61687000,2026-08-04T23:16:05.077283+00:00
BTCUSDT,2026-07-03T19:59:59.999000+00:00,62204.00000000,62317.64000000,62146.00000000,62210.00000000,345.20311000,2026-08-04T23:16:05.077320+00:00
BTCUSDT,2026-07-03T20:59:59.999000+00:00,62210.00000000,62907.77000000,62186.01000000,62776.92000000,1103.81636000,2026-08-04T23:16:05.077357+00:00
BTCUSDT,2026-07-03T21:59:59.999000+00:00,62776.91000000,62979.86000000,62518.72000000,62732.00000000,530.36622000,2026-08-04T23:16:05.077394+00:00
BTCUSDT,2026-07-03T22:59:59.999000+00:00,62732.00000000,62748.01000000,62538.47000000,62578.00000000,461.77097000,2026-08-04T23:16:05.077430+00:00
BTCUSDT,2026-07-03T23:59:59.999000+00:00,62578.00000000,62707.67000000,62529.03000000,62583.26000000,488.69291000,2026-08-04T23:16:05.077467+00:00
BTCUSDT,2026-07-04T00:59:59.999000+00:00,62583.26000000,62946.00000000,62578.55000000,62756.29000000,451.82518000,2026-08-04T23:16:05.077504+00:00
BTCUSDT,2026-07-04T01:59:59.999000+00:00,62756.29000000,62756.29000000,62404.25000000,62468.44000000,740.55394000,2026-08-04T23:16:05.077541+00:00
BTCUSDT,2026-07-04T02:59:59.999000+00:00,62468.44000000,62576.00000000,62432.00000000,62538.96000000,288.40853000,2026-08-04T23:16:05.077578+00:00
BTCUSDT,2026-07-04T03:59:59.999000+00:00,62538.96000000,62750.00000000,62484.01000000,62627.29000000,272.87320000,2026-08-04T23:16:05.077615+00:00
BTCUSDT,2026-07-04T04:59:59.999000+00:00,62627.28000000,62749.97000000,62590.06000000,62700.00000000,372.06056000,2026-08-04T23:16:05.077651+00:00
BTCUSDT,2026-07-04T05:59:59.999000+00:00,62700.00000000,62700.01000000,62441.29000000,62471.52000000,289.90978000,2026-08-04T23:16:05.077689+00:00
BTCUSDT,2026-07-04T06:59:59.999000+00:00,62471.53000000,62559.43000000,62328.24000000,62500.01000000,328.21302000,2026-08-04T23:16:05.077725+00:00
BTCUSDT,2026-07-04T07:59:59.999000+00:00,62500.01000000,62634.24000000,62470.00000000,62576.00000000,488.37245000,2026-08-04T23:16:05.077763+00:00
BTCUSDT,2026-07-04T08:59:59.999000+00:00,62576.00000000,62674.47000000,62516.46000000,62553.78000000,325.39629000,2026-08-04T23:16:05.077800+00:00
BTCUSDT,2026-07-04T09:59:59.999000+00:00,62553.78000000,62583.99000000,62415.87000000,62494.00000000,256.44372000,2026-08-04T23:16:05.077836+00:00
BTCUSDT,2026-07-04T10:59:59.999000+00:00,62494.01000000,62545.02000000,62445.38000000,62513.00000000,261.05012000,2026-08-04T23:16:05.077873+00:00
BTCUSDT,2026-07-04T11:59:59.999000+00:00,62512.99000000,62563.84000000,62456.24000000,62482.01000000,236.75332000,2026-08-04T23:16:05.077910+00:00
BTCUSDT,2026-07-04T12:59:59.999000+00:00,62482.00000000,62696.78000000,62482.00000000,62664.01000000,160.12973000,2026-08-04T23:16:05.077947+00:00
BTCUSDT,2026-07-04T13:59:59.999000+00:00,62664.01000000,62776.92000000,62542.00000000,62588.84000000,234.91268000,2026-08-04T23:16:05.078015+00:00
BTCUSDT,2026-07-04T14:59:59.999000+00:00,62588.84000000,62738.28000000,62585.53000000,62693.99000000,214.12592000,2026-08-04T23:16:05.078056+00:00
BTCUSDT,2026-07-04T15:59:59.999000+00:00,62693.99000000,63075.46000000,62687.89000000,62943.29000000,746.82104000,2026-08-04T23:16:05.078095+00:00
BTCUSDT,2026-07-04T16:59:59.999000+00:00,62943.29000000,62968.29000000,62786.00000000,62927.29000000,446.26160000,2026-08-04T23:16:05.078132+00:00
BTCUSDT,2026-07-04T17:59:59.999000+00:00,62927.30000000,63439.62000000,62803.00000000,63280.38000000,752.34234000,2026-08-04T23:16:05.078170+00:00
BTCUSDT,2026-07-04T18:59:59.999000+00:00,63280.38000000,63346.00000000,63092.02000000,63172.78000000,347.58599000,2026-08-04T23:16:05.078207+00:00
BTCUSDT,2026-07-04T19:59:59.999000+00:00,63172.79000000,63461.99000000,63123.49000000,63294.72000000,328.68996000,2026-08-04T23:16:05.078244+00:00
BTCUSDT,2026-07-04T20:59:59.999000+00:00,63294.72000000,63392.00000000,63155.37000000,63233.78000000,287.12408000,2026-08-04T23:16:05.078281+00:00
BTCUSDT,2026-07-04T21:59:59.999000+00:00,63233.79000000,63448.00000000,63202.00000000,63297.84000000,239.07967000,2026-08-04T23:16:05.078318+00:00
BTCUSDT,2026-07-04T22:59:59.999000+00:00,63297.83000000,63310.00000000,63160.00000000,63184.99000000,486.87752000,2026-08-04T23:16:05.078355+00:00
BTCUSDT,2026-07-04T23:59:59.999000+00:00,63185.00000000,63241.33000000,62927.98000000,63144.01000000,584.01676000,2026-08-04T23:16:05.078392+00:00
BTCUSDT,2026-07-05T00:59:59.999000+00:00,63144.01000000,63144.01000000,62888.86000000,62991.29000000,348.66174000,2026-08-04T23:16:05.078431+00:00
BTCUSDT,2026-07-05T01:59:59.999000+00:00,62991.30000000,63043.15000000,62800.00000000,62887.94000000,447.61772000,2026-08-04T23:16:05.078469+00:00
BTCUSDT,2026-07-05T02:59:59.999000+00:00,62887.93000000,62926.00000000,62596.08000000,62693.56000000,307.64194000,2026-08-04T23:16:05.078505+00:00
BTCUSDT,2026-07-05T03:59:59.999000+00:00,62693.57000000,62796.39000000,62658.00000000,62769.04000000,211.72564000,2026-08-04T23:16:05.078542+00:00
BTCUSDT,2026-07-05T04:59:59.999000+00:00,62769.03000000,62952.93000000,62712.00000000,62815.99000000,288.42759000,2026-08-04T23:16:05.078579+00:00
BTCUSDT,2026-07-05T05:59:59.999000+00:00,62815.99000000,62815.99000000,62659.65000000,62740.50000000,312.61219000,2026-08-04T23:16:05.078616+00:00
BTCUSDT,2026-07-05T06:59:59.999000+00:00,62740.50000000,62819.91000000,62669.99000000,62782.18000000,269.63913000,2026-08-04T23:16:05.078653+00:00
BTCUSDT,2026-07-05T07:59:59.999000+00:00,62782.18000000,63059.99000000,62718.31000000,63020.21000000,393.71695000,2026-08-04T23:16:05.078693+00:00
BTCUSDT,2026-07-05T08:59:59.999000+00:00,63020.21000000,63104.00000000,62900.00000000,62915.00000000,337.45972000,2026-08-04T23:16:05.078730+00:00
BTCUSDT,2026-07-05T09:59:59.999000+00:00,62915.00000000,62930.16000000,62436.59000000,62622.18000000,562.27226000,2026-08-04T23:16:05.078769+00:00
BTCUSDT,2026-07-05T10:59:59.999000+00:00,62622.18000000,62756.25000000,62536.57000000,62756.12000000,183.32618000,2026-08-04T23:16:05.078806+00:00
BTCUSDT,2026-07-05T11:59:59.999000+00:00,62756.12000000,62812.00000000,62600.03000000,62658.92000000,268.20384000,2026-08-04T23:16:05.078846+00:00
BTCUSDT,2026-07-05T12:59:59.999000+00:00,62658.92000000,62772.00000000,62569.37000000,62745.01000000,294.54856000,2026-08-04T23:16:05.078883+00:00
BTCUSDT,2026-07-05T13:59:59.999000+00:00,62745.00000000,62819.66000000,62644.12000000,62792.00000000,337.44331000,2026-08-04T23:16:05.078920+00:00
BTCUSDT,2026-07-05T14:59:59.999000+00:00,62791.99000000,62818.37000000,62656.02000000,62812.25000000,219.35892000,2026-08-04T23:16:05.078957+00:00
BTCUSDT,2026-07-05T15:59:59.999000+00:00,62812.25000000,62943.59000000,62679.76000000,62740.01000000,243.82359000,2026-08-04T23:16:05.078995+00:00
BTCUSDT,2026-07-05T16:59:59.999000+00:00,62740.01000000,62772.86000000,62590.02000000,62637.48000000,344.55738000,2026-08-04T23:16:05.079031+00:00
BTCUSDT,2026-07-05T17:59:59.999000+00:00,62637.48000000,62820.00000000,62594.38000000,62624.93000000,275.09476000,2026-08-04T23:16:05.079100+00:00
BTCUSDT,2026-07-05T18:59:59.999000+00:00,62624.93000000,62880.00000000,62616.00000000,62820.33000000,372.13939000,2026-08-04T23:16:05.079139+00:00
BTCUSDT,2026-07-05T19:59:59.999000+00:00,62820.33000000,62888.14000000,62714.98000000,62768.88000000,297.34041000,2026-08-04T23:16:05.079176+00:00
BTCUSDT,2026-07-05T20:59:59.999000+00:00,62768.87000000,62836.01000000,62700.00000000,62730.61000000,164.56380000,2026-08-04T23:16:05.079212+00:00
BTCUSDT,2026-07-05T21:59:59.999000+00:00,62730.61000000,63220.00000000,62609.47000000,63092.01000000,428.51084000,2026-08-04T23:16:05.079248+00:00
BTCUSDT,2026-07-05T22:59:59.999000+00:00,63092.00000000,63964.48000000,63005.04000000,63736.00000000,1512.51245000,2026-08-04T23:16:05.079285+00:00
BTCUSDT,2026-07-05T23:59:59.999000+00:00,63735.99000000,63999.00000000,63577.36000000,63650.00000000,750.87927000,2026-08-04T23:16:05.079322+00:00
BTCUSDT,2026-07-06T00:59:59.999000+00:00,63650.01000000,63772.52000000,63350.00000000,63761.99000000,854.38324000,2026-08-04T23:16:05.079358+00:00
BTCUSDT,2026-07-06T01:59:59.999000+00:00,63761.98000000,63920.00000000,63550.00000000,63576.00000000,432.97670000,2026-08-04T23:16:05.079394+00:00
BTCUSDT,2026-07-06T02:59:59.999000+00:00,63576.00000000,63669.45000000,63373.13000000,63460.01000000,398.01222000,2026-08-04T23:16:05.079430+00:00
BTCUSDT,2026-07-06T03:59:59.999000+00:00,63460.01000000,63495.14000000,63136.01000000,63294.00000000,420.90012000,2026-08-04T23:16:05.079469+00:00
BTCUSDT,2026-07-06T04:59:59.999000+00:00,63294.00000000,63402.77000000,63187.98000000,63267.99000000,278.63053000,2026-08-04T23:16:05.079506+00:00
BTCUSDT,2026-07-06T05:59:59.999000+00:00,63267.99000000,63268.00000000,62950.00000000,63114.00000000,702.75025000,2026-08-04T23:16:05.079542+00:00
BTCUSDT,2026-07-06T06:59:59.999000+00:00,63113.99000000,63152.70000000,62972.00000000,62976.00000000,622.44998000,2026-08-04T23:16:05.079578+00:00
BTCUSDT,2026-07-06T07:59:59.999000+00:00,62976.00000000,63120.00000000,62890.00000000,63089.42000000,529.35201000,2026-08-04T23:16:05.079614+00:00
BTCUSDT,2026-07-06T08:59:59.999000+00:00,63089.42000000,63244.00000000,62800.13000000,62904.01000000,536.06880000,2026-08-04T23:16:05.079650+00:00
BTCUSDT,2026-07-06T09:59:59.999000+00:00,62904.01000000,62914.00000000,62630.85000000,62664.77000000,432.26087000,2026-08-04T23:16:05.079686+00:00
BTCUSDT,2026-07-06T10:59:59.999000+00:00,62664.77000000,63030.00000000,62664.76000000,62822.06000000,454.82776000,2026-08-04T23:16:05.079725+00:00
BTCUSDT,2026-07-06T11:59:59.999000+00:00,62822.07000000,63000.00000000,62483.83000000,62483.84000000,610.79996000,2026-08-04T23:16:05.079761+00:00
BTCUSDT,2026-07-06T12:59:59.999000+00:00,62483.84000000,62487.98000000,61668.20000000,61754.01000000,2426.65551000,2026-08-04T23:16:05.079797+00:00
BTCUSDT,2026-07-06T13:59:59.999000+00:00,61754.01000000,62034.00000000,61306.84000000,61768.21000000,3623.91016000,2026-08-04T23:16:05.079833+00:00
BTCUSDT,2026-07-06T14:59:59.999000+00:00,61768.20000000,62411.41000000,61712.54000000,62052.00000000,1203.78704000,2026-08-04T23:16:05.079869+00:00
BTCUSDT,2026-07-06T15:59:59.999000+00:00,62052.00000000,63550.00000000,62052.00000000,63545.98000000,2153.37389000,2026-08-04T23:16:05.079907+00:00
BTCUSDT,2026-07-06T16:59:59.999000+00:00,63545.98000000,63863.00000000,63386.01000000,63732.00000000,1748.98599000,2026-08-04T23:16:05.079943+00:00
BTCUSDT,2026-07-06T17:59:59.999000+00:00,63732.00000000,63976.16000000,63570.16000000,63587.38000000,885.44922000,2026-08-04T23:16:05.079979+00:00
BTCUSDT,2026-07-06T18:59:59.999000+00:00,63587.38000000,63886.00000000,63560.00000000,63696.40000000,345.76423000,2026-08-04T23:16:05.080015+00:00
BTCUSDT,2026-07-06T19:59:59.999000+00:00,63696.40000000,63887.93000000,63652.42000000,63738.52000000,308.11427000,2026-08-04T23:16:05.080051+00:00
BTCUSDT,2026-07-06T20:59:59.999000+00:00,63738.52000000,63892.65000000,63589.41000000,63828.00000000,314.93037000,2026-08-04T23:16:05.080089+00:00
BTCUSDT,2026-07-06T21:59:59.999000+00:00,63828.00000000,64700.00000000,63810.00000000,64489.98000000,1489.51024000,2026-08-04T23:16:05.080152+00:00
BTCUSDT,2026-07-06T22:59:59.999000+00:00,64489.97000000,64500.00000000,64151.01000000,64244.00000000,313.47871000,2026-08-04T23:16:05.080199+00:00
BTCUSDT,2026-07-06T23:59:59.999000+00:00,64244.00000000,64340.76000000,64017.78000000,64042.02000000,347.91230000,2026-08-04T23:16:05.080241+00:00
BTCUSDT,2026-07-07T00:59:59.999000+00:00,64042.93000000,64314.00000000,63997.50000000,64203.99000000,545.80462000,2026-08-04T23:16:05.080283+00:00
BTCUSDT,2026-07-07T01:59:59.999000+00:00,64203.99000000,64204.00000000,63767.04000000,63840.00000000,600.78470000,2026-08-04T23:16:05.080325+00:00
BTCUSDT,2026-07-07T02:59:59.999000+00:00,63840.00000000,63908.00000000,63288.01000000,63322.01000000,624.33941000,2026-08-04T23:16:05.080367+00:00
BTCUSDT,2026-07-07T03:59:59.999000+00:00,63322.01000000,63414.00000000,63150.00000000,63191.01000000,378.30046000,2026-08-04T23:16:05.080410+00:00
BTCUSDT,2026-07-07T04:59:59.999000+00:00,63191.01000000,63288.33000000,63064.00000000,63100.01000000,658.55856000,2026-08-04T23:16:05.080497+00:00
BTCUSDT,2026-07-07T05:59:59.999000+00:00,63100.00000000,63278.99000000,62800.00000000,63128.01000000,725.48406000,2026-08-04T23:16:05.080555+00:00
BTCUSDT,2026-07-07T06:59:59.999000+00:00,63128.00000000,63400.00000000,62984.42000000,63340.00000000,869.08707000,2026-08-04T23:16:05.080603+00:00
BTCUSDT,2026-07-07T07:59:59.999000+00:00,63340.01000000,63445.70000000,63072.10000000,63083.18000000,615.24857000,2026-08-04T23:16:05.080649+00:00
BTCUSDT,2026-07-07T08:59:59.999000+00:00,63083.19000000,63184.00000000,62984.58000000,63104.00000000,444.01670000,2026-08-04T23:16:05.080729+00:00
BTCUSDT,2026-07-07T09:59:59.999000+00:00,63104.00000000,63348.73000000,63063.28000000,63256.00000000,320.22634000,2026-08-04T23:16:05.080866+00:00
BTCUSDT,2026-07-07T10:59:59.999000+00:00,63256.01000000,63467.15000000,63228.17000000,63284.00000000,496.91971000,2026-08-04T23:16:05.080914+00:00
BTCUSDT,2026-07-07T11:59:59.999000+00:00,63284.00000000,63452.00000000,63116.02000000,63406.00000000,399.36572000,2026-08-04T23:16:05.080959+00:00
BTCUSDT,2026-07-07T12:59:59.999000+00:00,63405.99000000,63872.00000000,63396.58000000,63481.39000000,618.18499000,2026-08-04T23:16:05.081025+00:00
BTCUSDT,2026-07-07T13:59:59.999000+00:00,63481.39000000,63482.50000000,63000.00000000,63056.00000000,1055.47861000,2026-08-04T23:16:05.081178+00:00
BTCUSDT,2026-07-07T14:59:59.999000+00:00,63056.00000000,63634.00000000,62671.39000000,63562.05000000,1684.44273000,2026-08-04T23:16:05.081416+00:00
BTCUSDT,2026-07-07T15:59:59.999000+00:00,63562.05000000,64105.00000000,63376.22000000,63930.51000000,2129.05569000,2026-08-04T23:16:05.081518+00:00
BTCUSDT,2026-07-07T16:59:59.999000+00:00,63930.50000000,64243.75000000,63810.00000000,63983.27000000,825.13640000,2026-08-04T23:16:05.081568+00:00
BTCUSDT,2026-07-07T17:59:59.999000+00:00,63983.28000000,64232.00000000,63896.21000000,64186.00000000,713.19138000,2026-08-04T23:16:05.081614+00:00
BTCUSDT,2026-07-07T18:59:59.999000+00:00,64185.99000000,64188.00000000,63672.01000000,63679.99000000,804.35069000,2026-08-04T23:16:05.081688+00:00
BTCUSDT,2026-07-07T19:59:59.999000+00:00,63679.99000000,63894.58000000,63379.69000000,63817.99000000,809.87318000,2026-08-04T23:16:05.081739+00:00
BTCUSDT,2026-07-07T20:59:59.999000+00:00,63818.00000000,63901.75000000,63585.00000000,63697.99000000,461.15497000,2026-08-04T23:16:05.081789+00:00
BTCUSDT,2026-07-07T21:59:59.999000+00:00,63698.00000000,63866.00000000,63313.10000000,63423.94000000,445.13714000,2026-08-04T23:16:05.081833+00:00
BTCUSDT,2026-07-07T22:59:59.999000+00:00,63423.93000000,63660.00000000,63218.00000000,63551.02000000,344.82337000,2026-08-04T23:16:05.081877+00:00
BTCUSDT,2026-07-07T23:59:59.999000+00:00,63551.02000000,63708.00000000,63320.00000000,63363.99000000,265.24316000,2026-08-04T23:16:05.081920+00:00
BTCUSDT,2026-07-08T00:59:59.999000+00:00,63364.00000000,63761.99000000,63307.36000000,63612.77000000,656.59812000,2026-08-04T23:16:05.081966+00:00
BTCUSDT,2026-07-08T01:59:59.999000+00:00,63612.78000000,63649.50000000,62921.78000000,63038.01000000,690.76172000,2026-08-04T23:16:05.082039+00:00
BTCUSDT,2026-07-08T02:59:59.999000+00:00,63038.00000000,63066.00000000,62525.47000000,62979.99000000,1271.45366000,2026-08-04T23:16:05.082082+00:00
BTCUSDT,2026-07-08T03:59:59.999000+00:00,62979.98000000,63094.00000000,62700.18000000,62766.00000000,326.19539000,2026-08-04T23:16:05.082126+00:00
BTCUSDT,2026-07-08T04:59:59.999000+00:00,62766.00000000,62901.49000000,62676.00000000,62800.00000000,435.16461000,2026-08-04T23:16:05.082169+00:00
BTCUSDT,2026-07-08T05:59:59.999000+00:00,62800.01000000,62876.95000000,62558.00000000,62637.88000000,716.63481000,2026-08-04T23:16:05.082212+00:00
BTCUSDT,2026-07-08T06:59:59.999000+00:00,62637.88000000,62746.00000000,62477.04000000,62657.81000000,457.84929000,2026-08-04T23:16:05.082254+00:00
BTCUSDT,2026-07-08T07:59:59.999000+00:00,62657.82000000,62894.89000000,62550.00000000,62888.35000000,483.72380000,2026-08-04T23:16:05.082296+00:00
BTCUSDT,2026-07-08T08:59:59.999000+00:00,62888.34000000,62941.46000000,61855.26000000,62018.36000000,1707.68860000,2026-08-04T23:16:05.082339+00:00
BTCUSDT,2026-07-08T09:59:59.999000+00:00,62018.36000000,62190.01000000,61743.83000000,62057.67000000,2058.44174000,2026-08-04T23:16:05.082381+00:00
BTCUSDT,2026-07-08T10:59:59.999000+00:00,62057.68000000,62199.97000000,61903.45000000,62183.12000000,934.16537000,2026-08-04T23:16:05.082424+00:00
BTCUSDT,2026-07-08T11:59:59.999000+00:00,62183.11000000,62392.04000000,62055.63000000,62299.99000000,576.86496000,2026-08-04T23:16:05.082467+00:00
BTCUSDT,2026-07-08T12:59:59.999000+00:00,62300.00000000,62451.08000000,61953.58000000,61957.73000000,877.49143000,2026-08-04T23:16:05.082509+00:00
BTCUSDT,2026-07-08T13:59:59.999000+00:00,61957.74000000,62090.00000000,61632.23000000,61945.49000000,1130.99240000,2026-08-04T23:16:05.082550+00:00
BTCUSDT,2026-07-08T14:59:59.999000+00:00,61945.49000000,62173.56000000,61712.00000000,61889.83000000,1415.74086000,2026-08-04T23:16:05.082592+00:00
BTCUSDT,2026-07-08T15:59:59.999000+00:00,61889.83000000,61922.00000000,61544.56000000,61704.01000000,1055.91275000,2026-08-04T23:16:05.082634+00:00
BTCUSDT,2026-07-08T16:59:59.999000+00:00,61704.01000000,62164.60000000,61692.00000000,62113.03000000,762.49481000,2026-08-04T23:16:05.082674+00:00
BTCUSDT,2026-07-08T17:59:59.999000+00:00,62113.02000000,62394.32000000,62032.00000000,62104.62000000,518.57431000,2026-08-04T23:16:05.082714+00:00
BTCUSDT,2026-07-08T18:59:59.999000+00:00,62104.62000000,62351.97000000,62045.20000000,62185.32000000,301.10629000,2026-08-04T23:16:05.082758+00:00
BTCUSDT,2026-07-08T19:59:59.999000+00:00,62185.33000000,62292.19000000,62068.00000000,62277.98000000,295.91802000,2026-08-04T23:16:05.082798+00:00
BTCUSDT,2026-07-08T20:59:59.999000+00:00,62277.98000000,62306.54000000,62082.80000000,62099.61000000,601.65946000,2026-08-04T23:16:05.082842+00:00
BTCUSDT,2026-07-08T21:59:59.999000+00:00,62099.62000000,62251.22000000,61956.00000000,62187.17000000,844.23046000,2026-08-04T23:16:05.082886+00:00
BTCUSDT,2026-07-08T22:59:59.999000+00:00,62187.17000000,62350.63000000,62178.00000000,62330.40000000,268.90980000,2026-08-04T23:16:05.082928+00:00
BTCUSDT,2026-07-08T23:59:59.999000+00:00,62330.40000000,62346.60000000,62174.00000000,62290.00000000,231.52530000,2026-08-04T23:16:05.082969+00:00
BTCUSDT,2026-07-09T00:59:59.999000+00:00,62290.01000000,62309.88000000,62058.51000000,62129.99000000,419.84137000,2026-08-04T23:16:05.083012+00:00
BTCUSDT,2026-07-09T01:59:59.999000+00:00,62129.99000000,62642.00000000,61837.10000000,61916.00000000,891.27709000,2026-08-04T23:16:05.083055+00:00
BTCUSDT,2026-07-09T02:59:59.999000+00:00,61916.00000000,62121.21000000,61705.29000000,61788.80000000,588.18699000,2026-08-04T23:16:05.083096+00:00
BTCUSDT,2026-07-09T03:59:59.999000+00:00,61788.79000000,62062.99000000,61730.00000000,61974.34000000,608.39784000,2026-08-04T23:16:05.083137+00:00
BTCUSDT,2026-07-09T04:59:59.999000+00:00,61974.34000000,62456.29000000,61956.46000000,62453.74000000,475.51774000,2026-08-04T23:16:05.083179+00:00
BTCUSDT,2026-07-09T05:59:59.999000+00:00,62453.74000000,62624.61000000,62236.00000000,62589.61000000,907.85360000,2026-08-04T23:16:05.083243+00:00
BTCUSDT,2026-07-09T06:59:59.999000+00:00,62589.61000000,62980.00000000,62485.58000000,62959.96000000,790.33126000,2026-08-04T23:16:05.083287+00:00
BTCUSDT,2026-07-09T07:59:59.999000+00:00,62959.96000000,63283.26000000,62788.06000000,63000.00000000,902.61366000,2026-08-04T23:16:05.083330+00:00
BTCUSDT,2026-07-09T08:59:59.999000+00:00,62999.99000000,63100.10000000,62855.63000000,62903.65000000,872.78917000,2026-08-04T23:16:05.083373+00:00
BTCUSDT,2026-07-09T09:59:59.999000+00:00,62903.66000000,63002.00000000,62786.82000000,62953.40000000,549.43771000,2026-08-04T23:16:05.083415+00:00
BTCUSDT,2026-07-09T10:59:59.999000+00:00,62953.40000000,63056.98000000,62688.00000000,62786.04000000,490.23056000,2026-08-04T23:16:05.083457+00:00
BTCUSDT,2026-07-09T11:59:59.999000+00:00,62786.05000000,62830.00000000,62614.66000000,62786.34000000,613.79257000,2026-08-04T23:16:05.083498+00:00
BTCUSDT,2026-07-09T12:59:59.999000+00:00,62786.33000000,62952.00000000,62465.39000000,62614.02000000,2694.46367000,2026-08-04T23:16:05.083541+00:00
BTCUSDT,2026-07-09T13:59:59.999000+00:00,62614.01000000,63240.15000000,62523.08000000,63028.35000000,732.96491000,2026-08-04T23:16:05.083584+00:00
BTCUSDT,2026-07-09T14:59:59.999000+00:00,63028.36000000,63144.79000000,62666.66000000,63016.00000000,598.40365000,2026-08-04T23:16:05.083626+00:00
BTCUSDT,2026-07-09T15:59:59.999000+00:00,63016.00000000,63261.00000000,62811.10000000,62868.05000000,857.13379000,2026-08-04T23:16:05.083668+00:00
BTCUSDT,2026-07-09T16:59:59.999000+00:00,62868.06000000,62996.00000000,62559.59000000,62700.01000000,532.13757000,2026-08-04T23:16:05.083710+00:00
BTCUSDT,2026-07-09T17:59:59.999000+00:00,62700.01000000,63165.12000000,62668.00000000,63142.79000000,730.95491000,2026-08-04T23:16:05.083752+00:00
BTCUSDT,2026-07-09T18:59:59.999000+00:00,63142.79000000,63500.00000000,63080.00000000,63219.03000000,776.88222000,2026-08-04T23:16:05.083793+00:00
BTCUSDT,2026-07-09T19:59:59.999000+00:00,63219.03000000,63375.73000000,63118.45000000,63248.10000000,606.23375000,2026-08-04T23:16:05.083835+00:00
BTCUSDT,2026-07-09T20:59:59.999000+00:00,63248.09000000,63330.85000000,63177.36000000,63313.38000000,236.61262000,2026-08-04T23:16:05.083879+00:00
BTCUSDT,2026-07-09T21:59:59.999000+00:00,63313.38000000,63397.94000000,63208.91000000,63274.59000000,261.44616000,2026-08-04T23:16:05.083920+00:00
BTCUSDT,2026-07-09T22:59:59.999000+00:00,63274.60000000,63418.00000000,63218.77000000,63218.78000000,274.28375000,2026-08-04T23:16:05.083961+00:00
BTCUSDT,2026-07-09T23:59:59.999000+00:00,63218.78000000,63325.00000000,63060.91000000,63230.00000000,331.02016000,2026-08-04T23:16:05.084003+00:00
BTCUSDT,2026-07-10T00:59:59.999000+00:00,63230.01000000,63255.49000000,62926.01000000,63113.93000000,626.86453000,2026-08-04T23:16:05.084045+00:00
BTCUSDT,2026-07-10T01:59:59.999000+00:00,63113.92000000,63999.99000000,62962.00000000,63749.86000000,1229.10229000,2026-08-04T23:16:05.084086+00:00
BTCUSDT,2026-07-10T02:59:59.999000+00:00,63749.86000000,64050.23000000,63692.76000000,63961.99000000,1017.85326000,2026-08-04T23:16:05.084129+00:00
BTCUSDT,2026-07-10T03:59:59.999000+00:00,63961.99000000,64050.00000000,63822.80000000,63947.20000000,410.93478000,2026-08-04T23:16:05.084171+00:00
BTCUSDT,2026-07-10T04:59:59.999000+00:00,63947.20000000,64176.86000000,63857.64000000,64047.88000000,567.80609000,2026-08-04T23:16:05.084213+00:00
BTCUSDT,2026-07-10T05:59:59.999000+00:00,64047.89000000,64200.00000000,63944.05000000,64115.99000000,507.93600000,2026-08-04T23:16:05.084254+00:00
BTCUSDT,2026-07-10T06:59:59.999000+00:00,64116.00000000,64162.00000000,63836.00000000,63854.71000000,352.90834000,2026-08-04T23:16:05.084296+00:00
BTCUSDT,2026-07-10T07:59:59.999000+00:00,63854.71000000,64011.90000000,63802.02000000,63963.00000000,566.09840000,2026-08-04T23:16:05.084337+00:00
BTCUSDT,2026-07-10T08:59:59.999000+00:00,63963.00000000,64392.00000000,63962.99000000,64246.01000000,945.88564000,2026-08-04T23:16:05.084417+00:00
BTCUSDT,2026-07-10T09:59:59.999000+00:00,64246.00000000,64480.01000000,64102.00000000,64385.09000000,1051.00850000,2026-08-04T23:16:05.084455+00:00
BTCUSDT,2026-07-10T10:59:59.999000+00:00,64385.09000000,64494.84000000,64274.47000000,64407.80000000,400.85807000,2026-08-04T23:16:05.084494+00:00
BTCUSDT,2026-07-10T11:59:59.999000+00:00,64407.80000000,64480.00000000,64341.83000000,64425.18000000,337.28843000,2026-08-04T23:16:05.084532+00:00
BTCUSDT,2026-07-10T12:59:59.999000+00:00,64425.18000000,64608.00000000,63999.00000000,64286.64000000,1081.95063000,2026-08-04T23:16:05.084570+00:00
BTCUSDT,2026-07-10T13:59:59.999000+00:00,64286.65000000,64692.83000000,64152.84000000,64484.00000000,826.67946000,2026-08-04T23:16:05.084608+00:00
BTCUSDT,2026-07-10T14:59:59.999000+00:00,64484.00000000,64516.00000000,63793.43000000,63914.87000000,1338.73193000,2026-08-04T23:16:05.084646+00:00
BTCUSDT,2026-07-10T15:59:59.999000+00:00,63914.88000000,64210.00000000,63898.00000000,64040.00000000,737.82713000,2026-08-04T23:16:05.084683+00:00
BTCUSDT,2026-07-10T16:59:59.999000+00:00,64039.99000000,64220.00000000,63826.57000000,64140.01000000,671.46586000,2026-08-04T23:16:05.084721+00:00
BTCUSDT,2026-07-10T17:59:59.999000+00:00,64140.00000000,64158.58000000,63821.88000000,63823.99000000,491.57909000,2026-08-04T23:16:05.084759+00:00
BTCUSDT,2026-07-10T18:59:59.999000+00:00,63824.00000000,64003.99000000,63732.66000000,63810.00000000,566.18067000,2026-08-04T23:16:05.084796+00:00
BTCUSDT,2026-07-10T19:59:59.999000+00:00,63809.99000000,64077.56000000,63780.00000000,63917.88000000,1227.53052000,2026-08-04T23:16:05.084834+00:00
BTCUSDT,2026-07-10T20:59:59.999000+00:00,63917.88000000,63946.36000000,63656.00000000,63841.25000000,1126.81538000,2026-08-04T23:16:05.084872+00:00
BTCUSDT,2026-07-10T21:59:59.999000+00:00,63841.25000000,64099.56000000,63835.05000000,64011.99000000,307.30047000,2026-08-04T23:16:05.084910+00:00
BTCUSDT,2026-07-10T22:59:59.999000+00:00,64012.00000000,64169.39000000,63981.37000000,64112.29000000,508.14182000,2026-08-04T23:16:05.084947+00:00
BTCUSDT,2026-07-10T23:59:59.999000+00:00,64112.30000000,64222.61000000,64024.00000000,64161.72000000,690.25393000,2026-08-04T23:16:05.084985+00:00
BTCUSDT,2026-07-11T00:59:59.999000+00:00,64161.72000000,64168.49000000,64028.43000000,64124.00000000,315.78502000,2026-08-04T23:16:05.085024+00:00
BTCUSDT,2026-07-11T01:59:59.999000+00:00,64123.99000000,64310.00000000,64004.01000000,64012.95000000,405.42387000,2026-08-04T23:16:05.085061+00:00
BTCUSDT,2026-07-11T02:59:59.999000+00:00,64012.95000000,64166.00000000,63984.07000000,64158.04000000,205.49018000,2026-08-04T23:16:05.085099+00:00
BTCUSDT,2026-07-11T03:59:59.999000+00:00,64158.04000000,64195.04000000,64068.00000000,64150.42000000,174.79238000,2026-08-04T23:16:05.085136+00:00
BTCUSDT,2026-07-11T04:59:59.999000+00:00,64150.42000000,64213.55000000,64080.26000000,64152.00000000,223.52551000,2026-08-04T23:16:05.085174+00:00
BTCUSDT,2026-07-11T05:59:59.999000+00:00,64152.00000000,64221.99000000,64121.07000000,64176.01000000,535.97468000,2026-08-04T23:16:05.085211+00:00
BTCUSDT,2026-07-11T06:59:59.999000+00:00,64176.00000000,64278.00000000,64124.00000000,64219.10000000,302.84507000,2026-08-04T23:16:05.085252+00:00
BTCUSDT,2026-07-11T07:59:59.999000+00:00,64219.09000000,64256.55000000,64152.00000000,64162.18000000,422.67072000,2026-08-04T23:16:05.085290+00:00
BTCUSDT,2026-07-11T08:59:59.999000+00:00,64162.18000000,64300.00000000,64153.87000000,64265.98000000,169.11443000,2026-08-04T23:16:05.085328+00:00
BTCUSDT,2026-07-11T09:59:59.999000+00:00,64265.98000000,64300.00000000,64159.70000000,64167.34000000,347.53946000,2026-08-04T23:16:05.085365+00:00
BTCUSDT,2026-07-11T10:59:59.999000+00:00,64167.35000000,64204.02000000,64129.99000000,64196.00000000,421.25234000,2026-08-04T23:16:05.085403+00:00
BTCUSDT,2026-07-11T11:59:59.999000+00:00,64196.00000000,64215.32000000,64167.99000000,64198.00000000,417.44096000,2026-08-04T23:16:05.085440+00:00
BTCUSDT,2026-07-11T12:59:59.999000+00:00,64197.99000000,64228.00000000,64130.65000000,64195.49000000,408.31399000,2026-08-04T23:16:05.085498+00:00
BTCUSDT,2026-07-11T13:59:59.999000+00:00,64195.48000000,64266.00000000,64159.99000000,64235.66000000,352.18455000,2026-08-04T23:16:05.085536+00:00
BTCUSDT,2026-07-11T14:59:59.999000+00:00,64235.67000000,64504.11000000,64235.66000000,64350.07000000,551.43161000,2026-08-04T23:16:05.085574+00:00
BTCUSDT,2026-07-11T15:59:59.999000+00:00,64350.07000000,64484.01000000,63896.18000000,64175.75000000,1185.62457000,2026-08-04T23:16:05.085611+00:00
BTCUSDT,2026-07-11T16:59:59.999000+00:00,64175.75000000,64273.63000000,64084.00000000,64180.01000000,468.52631000,2026-08-04T23:16:05.085650+00:00
BTCUSDT,2026-07-11T17:59:59.999000+00:00,64180.00000000,64402.00000000,64164.08000000,64315.53000000,272.95245000,2026-08-04T23:16:05.085688+00:00
BTCUSDT,2026-07-11T18:59:59.999000+00:00,64315.53000000,64395.17000000,64288.91000000,64327.99000000,274.24491000,2026-08-04T23:16:05.085726+00:00
BTCUSDT,2026-07-11T19:59:59.999000+00:00,64327.99000000,64338.00000000,64233.23000000,64286.00000000,202.32307000,2026-08-04T23:16:05.085764+00:00
BTCUSDT,2026-07-11T20:59:59.999000+00:00,64286.00000000,64463.83000000,64285.99000000,64382.45000000,197.23083000,2026-08-04T23:16:05.085802+00:00
BTCUSDT,2026-07-11T21:59:59.999000+00:00,64382.44000000,64427.56000000,64338.09000000,64355.99000000,116.51883000,2026-08-04T23:16:05.085839+00:00
BTCUSDT,2026-07-11T22:59:59.999000+00:00,64355.99000000,64424.03000000,64144.47000000,64203.08000000,303.31895000,2026-08-04T23:16:05.085879+00:00
BTCUSDT,2026-07-11T23:59:59.999000+00:00,64203.09000000,64246.00000000,63819.00000000,63819.00000000,877.44963000,2026-08-04T23:16:05.085918+00:00
BTCUSDT,2026-07-12T00:59:59.999000+00:00,63819.01000000,63909.92000000,63702.16000000,63828.47000000,2302.50352000,2026-08-04T23:16:05.085957+00:00
BTCUSDT,2026-07-12T01:59:59.999000+00:00,63828.48000000,64172.66000000,63812.00000000,64133.61000000,394.25068000,2026-08-04T23:16:05.085995+00:00
BTCUSDT,2026-07-12T02:59:59.999000+00:00,64133.61000000,64133.62000000,64029.51000000,64070.39000000,908.56961000,2026-08-04T23:16:05.086035+00:00
BTCUSDT,2026-07-12T03:59:59.999000+00:00,64070.40000000,64223.74000000,64035.68000000,64223.73000000,488.95119000,2026-08-04T23:16:05.086074+00:00
BTCUSDT,2026-07-12T04:59:59.999000+00:00,64223.73000000,64245.87000000,63943.68000000,63999.93000000,412.91320000,2026-08-04T23:16:05.086113+00:00
BTCUSDT,2026-07-12T05:59:59.999000+00:00,63999.94000000,64024.48000000,63900.00000000,63959.93000000,291.33944000,2026-08-04T23:16:05.086152+00:00
BTCUSDT,2026-07-12T06:59:59.999000+00:00,63959.93000000,63962.85000000,63640.83000000,63762.46000000,526.52081000,2026-08-04T23:16:05.086192+00:00
BTCUSDT,2026-07-12T07:59:59.999000+00:00,63762.47000000,63908.39000000,63740.12000000,63885.27000000,506.72582000,2026-08-04T23:16:05.086231+00:00
BTCUSDT,2026-07-12T08:59:59.999000+00:00,63885.28000000,64100.32000000,63884.20000000,63983.18000000,1349.77159000,2026-08-04T23:16:05.086269+00:00
BTCUSDT,2026-07-12T09:59:59.999000+00:00,63983.18000000,64062.17000000,63764.00000000,63961.61000000,3089.49803000,2026-08-04T23:16:05.086307+00:00
BTCUSDT,2026-07-12T10:59:59.999000+00:00,63961.60000000,63961.60000000,63843.40000000,63865.76000000,250.37178000,2026-08-04T23:16:05.086345+00:00
BTCUSDT,2026-07-12T11:59:59.999000+00:00,63865.76000000,64030.00000000,63826.01000000,64018.01000000,158.66802000,2026-08-04T23:16:05.086383+00:00
BTCUSDT,2026-07-12T12:59:59.999000+00:00,64018.00000000,64135.00000000,63970.55000000,64026.00000000,320.06272000,2026-08-04T23:16:05.086421+00:00
BTCUSDT,2026-07-12T13:59:59.999000+00:00,64026.01000000,64097.99000000,63987.40000000,64023.14000000,369.91648000,2026-08-04T23:16:05.086459+00:00
BTCUSDT,2026-07-12T14:59:59.999000+00:00,64023.13000000,64290.11000000,63958.71000000,64203.08000000,261.44826000,2026-08-04T23:16:05.086497+00:00
BTCUSDT,2026-07-12T15:59:59.999000+00:00,64203.08000000,64262.15000000,64117.97000000,64176.00000000,230.70025000,2026-08-04T23:16:05.086535+00:00
BTCUSDT,2026-07-12T16:59:59.999000+00:00,64176.00000000,64209.64000000,64042.00000000,64177.70000000,260.32939000,2026-08-04T23:16:05.086593+00:00
BTCUSDT,2026-07-12T17:59:59.999000+00:00,64177.70000000,64177.74000000,64029.12000000,64078.00000000,243.96602000,2026-08-04T23:16:05.086631+00:00
BTCUSDT,2026-07-12T18:59:59.999000+00:00,64078.00000000,64150.00000000,64018.69000000,64147.99000000,207.74726000,2026-08-04T23:16:05.086669+00:00
BTCUSDT,2026-07-12T19:59:59.999000+00:00,64148.00000000,64270.00000000,64147.30000000,64228.59000000,178.32690000,2026-08-04T23:16:05.086706+00:00
BTCUSDT,2026-07-12T20:59:59.999000+00:00,64228.59000000,64254.00000000,64178.03000000,64198.89000000,158.24040000,2026-08-04T23:16:05.086744+00:00
BTCUSDT,2026-07-12T21:59:59.999000+00:00,64198.90000000,64232.02000000,63891.84000000,63920.40000000,317.29013000,2026-08-04T23:16:05.086781+00:00
BTCUSDT,2026-07-12T22:59:59.999000+00:00,63920.40000000,63923.99000000,63668.00000000,63886.87000000,425.91972000,2026-08-04T23:16:05.086819+00:00
BTCUSDT,2026-07-12T23:59:59.999000+00:00,63886.86000000,63914.85000000,63726.62000000,63780.00000000,260.80581000,2026-08-04T23:16:05.086857+00:00
BTCUSDT,2026-07-13T00:59:59.999000+00:00,63780.00000000,64425.00000000,63568.00000000,64072.01000000,1134.90308000,2026-08-04T23:16:05.086896+00:00
BTCUSDT,2026-07-13T01:59:59.999000+00:00,64072.00000000,64072.01000000,63376.53000000,63412.01000000,1113.66129000,2026-08-04T23:16:05.086933+00:00
BTCUSDT,2026-07-13T02:59:59.999000+00:00,63412.01000000,63541.94000000,63237.26000000,63375.99000000,621.99474000,2026-08-04T23:16:05.086971+00:00
BTCUSDT,2026-07-13T03:59:59.999000+00:00,63376.00000000,63382.95000000,62741.04000000,62806.41000000,1068.82271000,2026-08-04T23:16:05.087009+00:00
BTCUSDT,2026-07-13T04:59:59.999000+00:00,62806.41000000,62911.94000000,62620.13000000,62672.00000000,670.25607000,2026-08-04T23:16:05.087047+00:00
BTCUSDT,2026-07-13T05:59:59.999000+00:00,62672.00000000,62905.68000000,62500.76000000,62799.00000000,816.14848000,2026-08-04T23:16:05.087085+00:00
BTCUSDT,2026-07-13T06:59:59.999000+00:00,62799.01000000,62880.00000000,62710.45000000,62797.55000000,385.11506000,2026-08-04T23:16:05.087122+00:00
BTCUSDT,2026-07-13T07:59:59.999000+00:00,62797.55000000,63070.01000000,62753.69000000,62985.52000000,1476.18790000,2026-08-04T23:16:05.087160+00:00
BTCUSDT,2026-07-13T08:59:59.999000+00:00,62985.53000000,63302.88000000,62935.92000000,63206.97000000,1893.03927000,2026-08-04T23:16:05.087198+00:00
BTCUSDT,2026-07-13T09:59:59.999000+00:00,63206.98000000,63210.00000000,63086.12000000,63100.02000000,663.43575000,2026-08-04T23:16:05.087236+00:00
BTCUSDT,2026-07-13T10:59:59.999000+00:00,63100.02000000,63157.85000000,62862.28000000,62867.89000000,788.29364000,2026-08-04T23:16:05.087275+00:00
BTCUSDT,2026-07-13T11:59:59.999000+00:00,62867.90000000,63135.55000000,62867.90000000,62901.99000000,458.30123000,2026-08-04T23:16:05.087336+00:00
BTCUSDT,2026-07-13T12:59:59.999000+00:00,62901.99000000,62990.04000000,62570.00000000,62625.15000000,689.69237000,2026-08-04T23:16:05.087386+00:00
BTCUSDT,2026-07-13T13:59:59.999000+00:00,62625.15000000,62766.37000000,62164.00000000,62318.00000000,2175.34811000,2026-08-04T23:16:05.087431+00:00
BTCUSDT,2026-07-13T14:59:59.999000+00:00,62318.01000000,62794.97000000,62101.00000000,62791.85000000,1780.86024000,2026-08-04T23:16:05.087473+00:00
BTCUSDT,2026-07-13T15:59:59.999000+00:00,62791.85000000,62983.83000000,62559.58000000,62618.01000000,1226.00074000,2026-08-04T23:16:05.087515+00:00
BTCUSDT,2026-07-13T16:59:59.999000+00:00,62618.00000000,62629.35000000,62212.00000000,62276.00000000,970.69108000,2026-08-04T23:16:05.087555+00:00
BTCUSDT,2026-07-13T17:59:59.999000+00:00,62276.01000000,62370.00000000,61900.00000000,61904.99000000,1161.78052000,2026-08-04T23:16:05.087597+00:00
BTCUSDT,2026-07-13T18:59:59.999000+00:00,61904.99000000,62100.00000000,61824.97000000,62020.00000000,662.51495000,2026-08-04T23:16:05.087637+00:00
BTCUSDT,2026-07-13T19:59:59.999000+00:00,62020.00000000,62292.84000000,61990.00000000,62288.23000000,503.43262000,2026-08-04T23:16:05.087677+00:00
BTCUSDT,2026-07-13T20:59:59.999000+00:00,62288.23000000,62324.74000000,62050.71000000,62210.99000000,294.43026000,2026-08-04T23:16:05.087739+00:00
BTCUSDT,2026-07-13T21:59:59.999000+00:00,62211.00000000,62216.35000000,61897.45000000,62065.06000000,385.18322000,2026-08-04T23:16:05.087781+00:00
BTCUSDT,2026-07-13T22:59:59.999000+00:00,62065.05000000,62224.00000000,61911.31000000,61924.00000000,386.45256000,2026-08-04T23:16:05.087823+00:00
BTCUSDT,2026-07-13T23:59:59.999000+00:00,61924.00000000,62347.46000000,61882.88000000,62334.52000000,355.95615000,2026-08-04T23:16:05.087864+00:00
BTCUSDT,2026-07-14T00:59:59.999000+00:00,62334.52000000,62666.66000000,62272.20000000,62549.54000000,827.98236000,2026-08-04T23:16:05.087906+00:00
BTCUSDT,2026-07-14T01:59:59.999000+00:00,62549.55000000,62640.00000000,62460.03000000,62540.42000000,471.32047000,2026-08-04T23:16:05.087947+00:00
BTCUSDT,2026-07-14T02:59:59.999000+00:00,62540.41000000,62645.00000000,62329.98000000,62544.00000000,510.10327000,2026-08-04T23:16:05.087987+00:00
BTCUSDT,2026-07-14T03:59:59.999000+00:00,62544.00000000,62604.00000000,62314.00000000,62572.89000000,439.89615000,2026-08-04T23:16:05.088027+00:00
BTCUSDT,2026-07-14T04:59:59.999000+00:00,62572.88000000,62768.95000000,62539.71000000,62745.23000000,314.71779000,2026-08-04T23:16:05.088067+00:00
BTCUSDT,2026-07-14T05:59:59.999000+00:00,62745.24000000,62872.00000000,62697.69000000,62737.00000000,625.42470000,2026-08-04T23:16:05.088107+00:00
BTCUSDT,2026-07-14T06:59:59.999000+00:00,62737.00000000,62772.48000000,62566.01000000,62624.05000000,742.03175000,2026-08-04T23:16:05.088147+00:00
BTCUSDT,2026-07-14T07:59:59.999000+00:00,62624.06000000,62655.99000000,62516.93000000,62560.92000000,406.16223000,2026-08-04T23:16:05.088188+00:00
BTCUSDT,2026-07-14T08:59:59.999000+00:00,62560.92000000,62807.94000000,62500.00000000,62713.85000000,377.86259000,2026-08-04T23:16:05.088229+00:00
BTCUSDT,2026-07-14T09:59:59.999000+00:00,62713.85000000,62742.00000000,62534.29000000,62629.55000000,614.55321000,2026-08-04T23:16:05.088270+00:00
BTCUSDT,2026-07-14T10:59:59.999000+00:00,62629.56000000,62908.80000000,62609.47000000,62800.00000000,437.22084000,2026-08-04T23:16:05.088311+00:00
BTCUSDT,2026-07-14T11:59:59.999000+00:00,62800.01000000,62923.06000000,62713.60000000,62844.99000000,302.90008000,2026-08-04T23:16:05.088352+00:00
BTCUSDT,2026-07-14T12:59:59.999000+00:00,62844.99000000,63989.54000000,62780.84000000,63960.00000000,3109.78866000,2026-08-04T23:16:05.088393+00:00
BTCUSDT,2026-07-14T13:59:59.999000+00:00,63959.99000000,64181.99000000,63699.03000000,63840.01000000,1522.71413000,2026-08-04T23:16:05.088433+00:00
BTCUSDT,2026-07-14T14:59:59.999000+00:00,63840.01000000,64346.49000000,63580.99000000,64305.02000000,1089.85313000,2026-08-04T23:16:05.088473+00:00
BTCUSDT,2026-07-14T15:59:59.999000+00:00,64305.01000000,64966.43000000,64194.64000000,64743.99000000,3074.26518000,2026-08-04T23:16:05.088513+00:00
BTCUSDT,2026-07-14T16:59:59.999000+00:00,64744.00000000,64896.86000000,64606.00000000,64730.00000000,1264.07966000,2026-08-04T23:16:05.088553+00:00
BTCUSDT,2026-07-14T17:59:59.999000+00:00,64730.01000000,64730.01000000,64231.77000000,64621.43000000,1156.00933000,2026-08-04T23:16:05.088593+00:00
BTCUSDT,2026-07-14T18:59:59.999000+00:00,64621.43000000,64648.88000000,64477.23000000,64571.98000000,502.24971000,2026-08-04T23:16:05.088633+00:00
BTCUSDT,2026-07-14T19:59:59.999000+00:00,64571.99000000,64704.00000000,64487.38000000,64569.59000000,367.96179000,2026-08-04T23:16:05.088673+00:00
BTCUSDT,2026-07-14T20:59:59.999000+00:00,64569.59000000,64599.00000000,64419.99000000,64572.02000000,281.25074000,2026-08-04T23:16:05.088713+00:00
BTCUSDT,2026-07-14T21:59:59.999000+00:00,64572.02000000,64893.92000000,64526.00000000,64676.90000000,427.49727000,2026-08-04T23:16:05.088753+00:00
BTCUSDT,2026-07-14T22:59:59.999000+00:00,64676.89000000,65100.00000000,64516.00000000,64860.89000000,1268.06322000,2026-08-04T23:16:05.088794+00:00
BTCUSDT,2026-07-14T23:59:59.999000+00:00,64860.89000000,65048.00000000,64782.00000000,65043.98000000,418.50558000,2026-08-04T23:16:05.088834+00:00
BTCUSDT,2026-07-15T00:59:59.999000+00:00,65043.99000000,65065.01000000,64765.12000000,64824.58000000,352.45343000,2026-08-04T23:16:05.088914+00:00
BTCUSDT,2026-07-15T01:59:59.999000+00:00,64824.57000000,64853.08000000,64644.48000000,64674.35000000,610.20031000,2026-08-04T23:16:05.088953+00:00
BTCUSDT,2026-07-15T02:59:59.999000+00:00,64674.35000000,64755.99000000,64488.00000000,64490.87000000,350.99185000,2026-08-04T23:16:05.088990+00:00
BTCUSDT,2026-07-15T03:59:59.999000+00:00,64490.87000000,64840.00000000,64490.86000000,64792.01000000,379.79444000,2026-08-04T23:16:05.089027+00:00
BTCUSDT,2026-07-15T04:59:59.999000+00:00,64792.00000000,64885.99000000,64714.00000000,64746.01000000,289.24746000,2026-08-04T23:16:05.089064+00:00
BTCUSDT,2026-07-15T05:59:59.999000+00:00,64746.01000000,64964.96000000,64602.50000000,64944.06000000,686.50940000,2026-08-04T23:16:05.089100+00:00
BTCUSDT,2026-07-15T06:59:59.999000+00:00,64944.06000000,65277.37000000,64814.00000000,64814.00000000,974.06143000,2026-08-04T23:16:05.089137+00:00
BTCUSDT,2026-07-15T07:59:59.999000+00:00,64814.01000000,64876.00000000,64485.00000000,64549.34000000,1209.74716000,2026-08-04T23:16:05.089173+00:00
BTCUSDT,2026-07-15T08:59:59.999000+00:00,64549.33000000,64797.02000000,64549.33000000,64768.01000000,958.47053000,2026-08-04T23:16:05.089210+00:00
BTCUSDT,2026-07-15T09:59:59.999000+00:00,64768.00000000,64917.94000000,64653.18000000,64671.83000000,542.47841000,2026-08-04T23:16:05.089246+00:00
BTCUSDT,2026-07-15T10:59:59.999000+00:00,64671.84000000,64855.56000000,64614.00000000,64663.00000000,316.30209000,2026-08-04T23:16:05.089282+00:00
BTCUSDT,2026-07-15T11:59:59.999000+00:00,64663.00000000,64767.37000000,64616.11000000,64732.15000000,500.13863000,2026-08-04T23:16:05.089319+00:00
BTCUSDT,2026-07-15T12:59:59.999000+00:00,64732.15000000,65249.90000000,64606.00000000,65164.00000000,1837.40143000,2026-08-04T23:16:05.089356+00:00
BTCUSDT,2026-07-15T13:59:59.999000+00:00,65164.00000000,65577.00000000,64888.00000000,65117.99000000,1942.12357000,2026-08-04T23:16:05.089392+00:00
BTCUSDT,2026-07-15T14:59:59.999000+00:00,65118.00000000,65517.05000000,65070.00000000,65399.81000000,1187.13269000,2026-08-04T23:16:05.089429+00:00
BTCUSDT,2026-07-15T15:59:59.999000+00:00,65399.80000000,65600.00000000,65261.71000000,65427.61000000,1153.25811000,2026-08-04T23:16:05.089466+00:00
BTCUSDT,2026-07-15T16:59:59.999000+00:00,65427.60000000,65470.00000000,64784.83000000,65120.79000000,1423.19665000,2026-08-04T23:16:05.089503+00:00
BTCUSDT,2026-07-15T17:59:59.999000+00:00,65120.80000000,65194.72000000,64972.95000000,65056.10000000,1119.69712000,2026-08-04T23:16:05.089539+00:00
BTCUSDT,2026-07-15T18:59:59.999000+00:00,65056.10000000,65143.57000000,64847.42000000,64860.00000000,1076.85531000,2026-08-04T23:16:05.089576+00:00
BTCUSDT,2026-07-15T19:59:59.999000+00:00,64860.00000000,65000.00000000,64738.49000000,64977.34000000,377.96921000,2026-08-04T23:16:05.089612+00:00
BTCUSDT,2026-07-15T20:59:59.999000+00:00,64977.34000000,65055.39000000,64899.00000000,64968.01000000,239.51973000,2026-08-04T23:16:05.089649+00:00
BTCUSDT,2026-07-15T21:59:59.999000+00:00,64968.02000000,65018.74000000,64789.89000000,64834.31000000,289.23644000,2026-08-04T23:16:05.089685+00:00
BTCUSDT,2026-07-15T22:59:59.999000+00:00,64834.31000000,64982.47000000,64772.00000000,64866.93000000,275.16571000,2026-08-04T23:16:05.089722+00:00
BTCUSDT,2026-07-15T23:59:59.999000+00:00,64866.93000000,64938.00000000,64691.89000000,64756.28000000,309.94630000,2026-08-04T23:16:05.089759+00:00
BTCUSDT,2026-07-16T00:59:59.999000+00:00,64756.28000000,64845.50000000,64500.00000000,64584.07000000,762.20624000,2026-08-04T23:16:05.089796+00:00
BTCUSDT,2026-07-16T01:59:59.999000+00:00,64584.07000000,64830.00000000,64392.01000000,64730.01000000,462.87658000,2026-08-04T23:16:05.089833+00:00
BTCUSDT,2026-07-16T02:59:59.999000+00:00,64730.00000000,64735.09000000,64574.02000000,64642.01000000,327.49099000,2026-08-04T23:16:05.089870+00:00
BTCUSDT,2026-07-16T03:59:59.999000+00:00,64642.00000000,64745.55000000,64555.00000000,64619.95000000,221.04888000,2026-08-04T23:16:05.089907+00:00
BTCUSDT,2026-07-16T04:59:59.999000+00:00,64619.96000000,64692.00000000,64544.04000000,64650.05000000,615.61718000,2026-08-04T23:16:05.089967+00:00
BTCUSDT,2026-07-16T05:59:59.999000+00:00,64650.05000000,64997.52000000,64592.67000000,64917.99000000,618.60530000,2026-08-04T23:16:05.090002+00:00
BTCUSDT,2026-07-16T06:59:59.999000+00:00,64917.99000000,64978.00000000,64630.01000000,64777.32000000,355.62558000,2026-08-04T23:16:05.090037+00:00
BTCUSDT,2026-07-16T07:59:59.999000+00:00,64777.33000000,64777.33000000,64086.12000000,64238.00000000,1138.76345000,2026-08-04T23:16:05.090070+00:00
BTCUSDT,2026-07-16T08:59:59.999000+00:00,64238.00000000,64380.00000000,63888.00000000,64126.85000000,3967.60650000,2026-08-04T23:16:05.090105+00:00
BTCUSDT,2026-07-16T09:59:59.999000+00:00,64126.86000000,64186.83000000,64019.02000000,64090.00000000,3387.73889000,2026-08-04T23:16:05.090139+00:00
BTCUSDT,2026-07-16T10:59:59.999000+00:00,64090.00000000,64269.42000000,64077.75000000,64221.34000000,351.18175000,2026-08-04T23:16:05.090173+00:00
BTCUSDT,2026-07-16T11:59:59.999000+00:00,64221.34000000,64269.42000000,64101.00000000,64256.53000000,377.01841000,2026-08-04T23:16:05.090210+00:00
BTCUSDT,2026-07-16T12:59:59.999000+00:00,64256.52000000,64256.52000000,63838.28000000,63966.01000000,728.30687000,2026-08-04T23:16:05.090244+00:00
BTCUSDT,2026-07-16T13:59:59.999000+00:00,63966.01000000,64480.00000000,63961.14000000,64376.00000000,827.04997000,2026-08-04T23:16:05.090278+00:00
BTCUSDT,2026-07-16T14:59:59.999000+00:00,64375.99000000,64863.07000000,64332.57000000,64543.51000000,993.97642000,2026-08-04T23:16:05.090311+00:00
BTCUSDT,2026-07-16T15:59:59.999000+00:00,64543.51000000,64896.00000000,64320.00000000,64704.73000000,620.57363000,2026-08-04T23:16:05.090345+00:00
BTCUSDT,2026-07-16T16:59:59.999000+00:00,64704.73000000,64712.00000000,64333.33000000,64484.00000000,523.57946000,2026-08-04T23:16:05.090381+00:00
BTCUSDT,2026-07-16T17:59:59.999000+00:00,64484.01000000,64484.01000000,63984.09000000,64069.03000000,616.12218000,2026-08-04T23:16:05.090416+00:00
BTCUSDT,2026-07-16T18:59:59.999000+00:00,64069.04000000,64330.00000000,64052.14000000,64246.01000000,275.58322000,2026-08-04T23:16:05.090449+00:00
BTCUSDT,2026-07-16T19:59:59.999000+00:00,64246.01000000,64301.99000000,64152.00000000,64271.84000000,368.59969000,2026-08-04T23:16:05.090483+00:00
BTCUSDT,2026-07-16T20:59:59.999000+00:00,64271.85000000,64276.00000000,64108.00000000,64114.27000000,169.71905000,2026-08-04T23:16:05.090520+00:00
BTCUSDT,2026-07-16T21:59:59.999000+00:00,64114.25000000,64253.25000000,64101.18000000,64161.99000000,188.09780000,2026-08-04T23:16:05.090554+00:00
BTCUSDT,2026-07-16T22:59:59.999000+00:00,64162.00000000,64240.12000000,63950.01000000,63968.00000000,351.60652000,2026-08-04T23:16:05.090587+00:00
BTCUSDT,2026-07-16T23:59:59.999000+00:00,63968.01000000,64010.58000000,63748.74000000,63830.20000000,515.53223000,2026-08-04T23:16:05.090621+00:00
BTCUSDT,2026-07-17T00:59:59.999000+00:00,63830.20000000,63912.00000000,63612.62000000,63886.00000000,435.36884000,2026-08-04T23:16:05.090657+00:00
BTCUSDT,2026-07-17T01:59:59.999000+00:00,63886.00000000,64067.69000000,63476.00000000,63546.24000000,735.77497000,2026-08-04T23:16:05.090691+00:00
BTCUSDT,2026-07-17T02:59:59.999000+00:00,63546.25000000,63657.99000000,63380.28000000,63482.00000000,818.39465000,2026-08-04T23:16:05.090724+00:00
BTCUSDT,2026-07-17T03:59:59.999000+00:00,63482.00000000,63720.00000000,63482.00000000,63570.00000000,676.04775000,2026-08-04T23:16:05.090758+00:00
BTCUSDT,2026-07-17T04:59:59.999000+00:00,63570.00000000,63576.00000000,63320.00000000,63486.01000000,490.83509000,2026-08-04T23:16:05.090792+00:00
BTCUSDT,2026-07-17T05:59:59.999000+00:00,63486.01000000,63486.01000000,62804.30000000,62839.76000000,1190.44758000,2026-08-04T23:16:05.090825+00:00
BTCUSDT,2026-07-17T06:59:59.999000+00:00,62839.77000000,62998.52000000,62710.00000000,62948.00000000,1200.24888000,2026-08-04T23:16:05.090859+00:00
BTCUSDT,2026-07-17T07:59:59.999000+00:00,62948.00000000,62983.99000000,62800.00000000,62828.11000000,1288.47496000,2026-08-04T23:16:05.090915+00:00
BTCUSDT,2026-07-17T08:59:59.999000+00:00,62828.11000000,62939.04000000,62666.00000000,62888.00000000,838.15570000,2026-08-04T23:16:05.090950+00:00
BTCUSDT,2026-07-17T09:59:59.999000+00:00,62888.01000000,63069.06000000,62852.89000000,62989.46000000,603.45822000,2026-08-04T23:16:05.090986+00:00
BTCUSDT,2026-07-17T10:59:59.999000+00:00,62989.47000000,63201.91000000,62989.47000000,63179.92000000,534.56662000,2026-08-04T23:16:05.091022+00:00
BTCUSDT,2026-07-17T11:59:59.999000+00:00,63179.91000000,63361.70000000,63063.67000000,63298.01000000,617.19974000,2026-08-04T23:16:05.091057+00:00
BTCUSDT,2026-07-17T12:59:59.999000+00:00,63298.00000000,63348.00000000,63069.09000000,63099.75000000,618.64826000,2026-08-04T23:16:05.091109+00:00
BTCUSDT,2026-07-17T13:59:59.999000+00:00,63099.75000000,63180.00000000,62537.56000000,63153.99000000,1381.50027000,2026-08-04T23:16:05.091145+00:00
BTCUSDT,2026-07-17T14:59:59.999000+00:00,63154.00000000,63518.00000000,63051.77000000,63174.00000000,1199.38162000,2026-08-04T23:16:05.091181+00:00
BTCUSDT,2026-07-17T15:59:59.999000+00:00,63174.01000000,63452.00000000,62856.16000000,63452.00000000,702.84059000,2026-08-04T23:16:05.091216+00:00
BTCUSDT,2026-07-17T16:59:59.999000+00:00,63452.00000000,63706.75000000,63312.01000000,63594.00000000,881.75053000,2026-08-04T23:16:05.091256+00:00
BTCUSDT,2026-07-17T17:59:59.999000+00:00,63594.00000000,64228.27000000,63594.00000000,64049.86000000,1210.18889000,2026-08-04T23:16:05.091293+00:00
BTCUSDT,2026-07-17T18:59:59.999000+00:00,64049.85000000,64387.99000000,63894.00000000,64259.73000000,761.86335000,2026-08-04T23:16:05.091328+00:00
BTCUSDT,2026-07-17T19:59:59.999000+00:00,64259.73000000,64259.73000000,63981.20000000,64160.80000000,578.45246000,2026-08-04T23:16:05.091364+00:00
BTCUSDT,2026-07-17T20:59:59.999000+00:00,64160.80000000,64192.57000000,63958.19000000,64120.00000000,456.18305000,2026-08-04T23:16:05.091399+00:00
BTCUSDT,2026-07-17T21:59:59.999000+00:00,64120.01000000,64216.61000000,64064.00000000,64110.00000000,284.21145000,2026-08-04T23:16:05.091435+00:00
BTCUSDT,2026-07-17T22:59:59.999000+00:00,64110.01000000,64147.00000000,63903.63000000,63986.00000000,255.88006000,2026-08-04T23:16:05.091473+00:00
BTCUSDT,2026-07-17T23:59:59.999000+00:00,63986.01000000,64011.08000000,63884.35000000,63931.67000000,430.02036000,2026-08-04T23:16:05.091508+00:00
BTCUSDT,2026-07-18T00:59:59.999000+00:00,63931.67000000,64012.39000000,63895.33000000,63910.04000000,217.92923000,2026-08-04T23:16:05.091544+00:00
BTCUSDT,2026-07-18T01:59:59.999000+00:00,63910.05000000,64000.00000000,63886.65000000,63952.98000000,200.93158000,2026-08-04T23:16:05.091579+00:00
BTCUSDT,2026-07-18T02:59:59.999000+00:00,63952.97000000,64032.60000000,63930.54000000,63967.61000000,372.49980000,2026-08-04T23:16:05.091615+00:00
BTCUSDT,2026-07-18T03:59:59.999000+00:00,63967.61000000,64017.85000000,63928.15000000,64017.84000000,578.99589000,2026-08-04T23:16:05.091650+00:00
BTCUSDT,2026-07-18T04:59:59.999000+00:00,64017.84000000,64017.85000000,63947.09000000,63967.99000000,311.74394000,2026-08-04T23:16:05.091685+00:00
BTCUSDT,2026-07-18T05:59:59.999000+00:00,63968.00000000,63998.00000000,63926.39000000,63967.95000000,153.28461000,2026-08-04T23:16:05.091721+00:00
BTCUSDT,2026-07-18T06:59:59.999000+00:00,63967.95000000,64005.99000000,63950.00000000,63979.67000000,193.68533000,2026-08-04T23:16:05.091756+00:00
BTCUSDT,2026-07-18T07:59:59.999000+00:00,63979.67000000,64026.03000000,63974.94000000,64002.75000000,290.38620000,2026-08-04T23:16:05.091792+00:00
BTCUSDT,2026-07-18T08:59:59.999000+00:00,64002.75000000,64019.64000000,63960.00000000,64006.01000000,293.43528000,2026-08-04T23:16:05.091827+00:00
BTCUSDT,2026-07-18T09:59:59.999000+00:00,64006.01000000,64006.01000000,63887.73000000,63987.76000000,286.53507000,2026-08-04T23:16:05.091863+00:00
BTCUSDT,2026-07-18T10:59:59.999000+00:00,63987.77000000,64026.39000000,63982.34000000,64016.43000000,264.09470000,2026-08-04T23:16:05.091898+00:00
BTCUSDT,2026-07-18T11:59:59.999000+00:00,64016.43000000,64097.22000000,64010.99000000,64069.89000000,259.43503000,2026-08-04T23:16:05.091958+00:00
BTCUSDT,2026-07-18T12:59:59.999000+00:00,64069.89000000,64274.47000000,64057.27000000,64218.00000000,554.94465000,2026-08-04T23:16:05.091999+00:00
BTCUSDT,2026-07-18T13:59:59.999000+00:00,64218.01000000,64218.01000000,63963.00000000,64106.00000000,300.90627000,2026-08-04T23:16:05.092039+00:00
BTCUSDT,2026-07-18T14:59:59.999000+00:00,64105.99000000,64195.01000000,64101.42000000,64126.00000000,182.82691000,2026-08-04T23:16:05.092079+00:00
BTCUSDT,2026-07-18T15:59:59.999000+00:00,64126.00000000,64163.99000000,64037.45000000,64123.12000000,202.91031000,2026-08-04T23:16:05.092119+00:00
BTCUSDT,2026-07-18T16:59:59.999000+00:00,64123.13000000,64314.00000000,64091.48000000,64303.47000000,325.76583000,2026-08-04T23:16:05.092159+00:00
BTCUSDT,2026-07-18T17:59:59.999000+00:00,64303.48000000,64492.00000000,64280.22000000,64480.29000000,572.40254000,2026-08-04T23:16:05.092199+00:00
BTCUSDT,2026-07-18T18:59:59.999000+00:00,64480.28000000,64669.50000000,64462.00000000,64512.41000000,531.00754000,2026-08-04T23:16:05.092239+00:00
BTCUSDT,2026-07-18T19:59:59.999000+00:00,64512.41000000,64597.90000000,64482.00000000,64552.79000000,294.01495000,2026-08-04T23:16:05.092279+00:00
BTCUSDT,2026-07-18T20:59:59.999000+00:00,64552.80000000,64739.64000000,64528.69000000,64693.01000000,554.55726000,2026-08-04T23:16:05.092319+00:00
BTCUSDT,2026-07-18T21:59:59.999000+00:00,64693.02000000,64846.83000000,64614.36000000,64731.72000000,365.29033000,2026-08-04T23:16:05.092359+00:00
BTCUSDT,2026-07-18T22:59:59.999000+00:00,64731.73000000,64865.00000000,64712.29000000,64805.05000000,503.12891000,2026-08-04T23:16:05.092399+00:00
BTCUSDT,2026-07-18T23:59:59.999000+00:00,64805.04000000,64843.30000000,64709.28000000,64834.22000000,220.46796000,2026-08-04T23:16:05.092440+00:00
BTCUSDT,2026-07-19T00:59:59.999000+00:00,64834.21000000,64906.40000000,64769.47000000,64792.08000000,443.04046000,2026-08-04T23:16:05.092480+00:00
BTCUSDT,2026-07-19T01:59:59.999000+00:00,64792.08000000,64792.09000000,64765.99000000,64765.99000000,211.03912000,2026-08-04T23:16:05.092521+00:00
BTCUSDT,2026-07-19T02:59:59.999000+00:00,64766.00000000,64967.25000000,64700.84000000,64826.01000000,574.09127000,2026-08-04T23:16:05.092561+00:00
BTCUSDT,2026-07-19T03:59:59.999000+00:00,64826.01000000,64842.92000000,64620.44000000,64706.18000000,416.11384000,2026-08-04T23:16:05.092601+00:00
BTCUSDT,2026-07-19T04:59:59.999000+00:00,64706.18000000,64795.43000000,64610.89000000,64720.17000000,249.31584000,2026-08-04T23:16:05.092644+00:00
BTCUSDT,2026-07-19T05:59:59.999000+00:00,64720.17000000,64815.65000000,64676.00000000,64724.01000000,206.27533000,2026-08-04T23:16:05.092684+00:00
BTCUSDT,2026-07-19T06:59:59.999000+00:00,64724.00000000,64759.33000000,64694.66000000,64711.69000000,244.79532000,2026-08-04T23:16:05.092724+00:00
BTCUSDT,2026-07-19T07:59:59.999000+00:00,64711.69000000,64784.00000000,64675.00000000,64711.05000000,401.27453000,2026-08-04T23:16:05.092764+00:00
BTCUSDT,2026-07-19T08:59:59.999000+00:00,64711.04000000,64743.00000000,64631.54000000,64707.49000000,602.66232000,2026-08-04T23:16:05.092804+00:00
BTCUSDT,2026-07-19T09:59:59.999000+00:00,64707.48000000,64725.74000000,64500.00000000,64509.99000000,392.93472000,2026-08-04T23:16:05.092844+00:00
BTCUSDT,2026-07-19T10:59:59.999000+00:00,64510.00000000,64700.00000000,64482.00000000,64595.00000000,334.64364000,2026-08-04T23:16:05.092884+00:00
BTCUSDT,2026-07-19T11:59:59.999000+00:00,64595.00000000,64636.28000000,64445.00000000,64467.64000000,208.69371000,2026-08-04T23:16:05.092925+00:00
BTCUSDT,2026-07-19T12:59:59.999000+00:00,64467.65000000,64467.65000000,64285.24000000,64441.15000000,549.28590000,2026-08-04T23:16:05.092965+00:00
BTCUSDT,2026-07-19T13:59:59.999000+00:00,64441.16000000,64516.33000000,64307.72000000,64483.31000000,325.94592000,2026-08-04T23:16:05.093005+00:00
BTCUSDT,2026-07-19T14:59:59.999000+00:00,64483.32000000,64663.04000000,64425.24000000,64593.07000000,328.97060000,2026-08-04T23:16:05.093046+00:00
BTCUSDT,2026-07-19T15:59:59.999000+00:00,64593.07000000,64620.00000000,64500.00000000,64585.32000000,260.30458000,2026-08-04T23:16:05.093110+00:00
BTCUSDT,2026-07-19T16:59:59.999000+00:00,64585.33000000,64644.00000000,64505.21000000,64538.72000000,321.63819000,2026-08-04T23:16:05.093147+00:00
BTCUSDT,2026-07-19T17:59:59.999000+00:00,64538.72000000,64752.00000000,64406.30000000,64547.86000000,402.19584000,2026-08-04T23:16:05.093184+00:00
BTCUSDT,2026-07-19T18:59:59.999000+00:00,64547.86000000,64554.00000000,64280.00000000,64419.99000000,321.71164000,2026-08-04T23:16:05.093221+00:00
BTCUSDT,2026-07-19T19:59:59.999000+00:00,64420.00000000,64467.82000000,64352.00000000,64462.58000000,115.02705000,2026-08-04T23:16:05.093257+00:00
BTCUSDT,2026-07-19T20:59:59.999000+00:00,64462.58000000,64560.00000000,64462.57000000,64535.99000000,100.52602000,2026-08-04T23:16:05.093294+00:00
BTCUSDT,2026-07-19T21:59:59.999000+00:00,64536.00000000,64562.55000000,64350.00000000,64415.75000000,221.49991000,2026-08-04T23:16:05.093330+00:00
BTCUSDT,2026-07-19T22:59:59.999000+00:00,64415.75000000,64900.00000000,64347.89000000,64674.67000000,828.28879000,2026-08-04T23:16:05.093367+00:00
BTCUSDT,2026-07-19T23:59:59.999000+00:00,64674.66000000,64772.00000000,64572.00000000,64722.54000000,319.64020000,2026-08-04T23:16:05.093403+00:00
BTCUSDT,2026-07-20T00:59:59.999000+00:00,64722.55000000,65107.99000000,64416.00000000,64553.84000000,736.05935000,2026-08-04T23:16:05.093442+00:00
BTCUSDT,2026-07-20T01:59:59.999000+00:00,64553.85000000,65029.40000000,64506.00000000,64628.01000000,401.29098000,2026-08-04T23:16:05.093479+00:00
BTCUSDT,2026-07-20T02:59:59.999000+00:00,64628.01000000,64964.00000000,64585.00000000,64827.20000000,378.92701000,2026-08-04T23:16:05.093515+00:00
BTCUSDT,2026-07-20T03:59:59.999000+00:00,64827.19000000,64914.93000000,64644.01000000,64869.80000000,340.53514000,2026-08-04T23:16:05.093552+00:00
BTCUSDT,2026-07-20T04:59:59.999000+00:00,64869.79000000,64869.99000000,64540.00000000,64540.01000000,333.38076000,2026-08-04T23:16:05.093588+00:00
BTCUSDT,2026-07-20T05:59:59.999000+00:00,64540.00000000,64562.00000000,64082.70000000,64128.00000000,978.47191000,2026-08-04T23:16:05.093625+00:00
BTCUSDT,2026-07-20T06:59:59.999000+00:00,64128.01000000,64220.00000000,63765.83000000,63917.98000000,852.13818000,2026-08-04T23:16:05.093661+00:00
BTCUSDT,2026-07-20T07:59:59.999000+00:00,63917.99000000,64315.96000000,63896.00000000,64280.01000000,998.28115000,2026-08-04T23:16:05.093697+00:00
BTCUSDT,2026-07-20T08:59:59.999000+00:00,64280.01000000,64356.00000000,63100.00000000,64049.99000000,3901.45477000,2026-08-04T23:16:05.093734+00:00
BTCUSDT,2026-07-20T09:59:59.999000+00:00,64050.00000000,64276.00000000,64012.80000000,64199.50000000,508.64903000,2026-08-04T23:16:05.093770+00:00
BTCUSDT,2026-07-20T10:59:59.999000+00:00,64199.51000000,64415.42000000,64162.00000000,64301.18000000,339.54836000,2026-08-04T23:16:05.093807+00:00
BTCUSDT,2026-07-20T11:59:59.999000+00:00,64301.18000000,65068.00000000,64273.33000000,65002.01000000,1040.02207000,2026-08-04T23:16:05.093843+00:00
BTCUSDT,2026-07-20T12:59:59.999000+00:00,65002.00000000,65002.83000000,64599.89000000,64640.00000000,1301.45682000,2026-08-04T23:16:05.093880+00:00
BTCUSDT,2026-07-20T13:59:59.999000+00:00,64640.00000000,64763.67000000,64208.00000000,64344.01000000,1171.73283000,2026-08-04T23:16:05.093916+00:00
BTCUSDT,2026-07-20T14:59:59.999000+00:00,64344.01000000,64575.37000000,64077.76000000,64416.01000000,811.23879000,2026-08-04T23:16:05.093953+00:00
BTCUSDT,2026-07-20T15:59:59.999000+00:00,64416.01000000,65666.80000000,64398.15000000,65598.75000000,2563.16846000,2026-08-04T23:16:05.093989+00:00
BTCUSDT,2026-07-20T16:59:59.999000+00:00,65598.75000000,65637.70000000,65336.00000000,65508.50000000,1056.62117000,2026-08-04T23:16:05.094025+00:00
BTCUSDT,2026-07-20T17:59:59.999000+00:00,65508.50000000,65646.55000000,65342.52000000,65587.98000000,673.41436000,2026-08-04T23:16:05.094062+00:00
BTCUSDT,2026-07-20T18:59:59.999000+00:00,65587.99000000,65799.00000000,65204.00000000,65240.01000000,708.20295000,2026-08-04T23:16:05.094098+00:00
BTCUSDT,2026-07-20T19:59:59.999000+00:00,65240.01000000,65274.58000000,65041.05000000,65142.00000000,856.15121000,2026-08-04T23:16:05.094156+00:00
BTCUSDT,2026-07-20T20:59:59.999000+00:00,65142.00000000,65438.00000000,65061.92000000,65367.58000000,339.09983000,2026-08-04T23:16:05.094193+00:00
BTCUSDT,2026-07-20T21:59:59.999000+00:00,65367.57000000,65445.27000000,65272.32000000,65286.02000000,264.99229000,2026-08-04T23:16:05.094231+00:00
BTCUSDT,2026-07-20T22:59:59.999000+00:00,65286.02000000,65286.02000000,65092.66000000,65141.99000000,333.37114000,2026-08-04T23:16:05.094269+00:00
BTCUSDT,2026-07-20T23:59:59.999000+00:00,65142.00000000,65272.21000000,65128.17000000,65255.51000000,435.27846000,2026-08-04T23:16:05.094307+00:00
BTCUSDT,2026-07-21T00:59:59.999000+00:00,65255.51000000,65585.00000000,65148.75000000,65568.01000000,685.78688000,2026-08-04T23:16:05.094344+00:00
BTCUSDT,2026-07-21T01:59:59.999000+00:00,65568.00000000,65658.78000000,65232.65000000,65235.55000000,421.88460000,2026-08-04T23:16:05.094382+00:00
BTCUSDT,2026-07-21T02:59:59.999000+00:00,65235.56000000,65500.00000000,65176.20000000,65414.01000000,382.21075000,2026-08-04T23:16:05.094420+00:00
BTCUSDT,2026-07-21T03:59:59.999000+00:00,65414.01000000,65593.11000000,65411.74000000,65566.78000000,795.51369000,2026-08-04T23:16:05.094457+00:00
BTCUSDT,2026-07-21T04:59:59.999000+00:00,65566.77000000,65742.58000000,65471.69000000,65522.01000000,600.76388000,2026-08-04T23:16:05.094495+00:00
BTCUSDT,2026-07-21T05:59:59.999000+00:00,65522.00000000,65933.24000000,65485.55000000,65751.56000000,864.81950000,2026-08-04T23:16:05.094532+00:00
BTCUSDT,2026-07-21T06:59:59.999000+00:00,65751.56000000,65991.05000000,65634.00000000,65913.00000000,733.43884000,2026-08-04T23:16:05.094569+00:00
BTCUSDT,2026-07-21T07:59:59.999000+00:00,65913.00000000,66245.64000000,65866.00000000,66186.86000000,1338.71722000,2026-08-04T23:16:05.094606+00:00
BTCUSDT,2026-07-21T08:59:59.999000+00:00,66186.86000000,66354.00000000,66129.19000000,66226.44000000,1032.71252000,2026-08-04T23:16:05.094642+00:00
BTCUSDT,2026-07-21T09:59:59.999000+00:00,66226.43000000,66350.00000000,66144.00000000,66291.99000000,472.96398000,2026-08-04T23:16:05.094679+00:00
BTCUSDT,2026-07-21T10:59:59.999000+00:00,66292.00000000,66420.65000000,66176.55000000,66180.00000000,1179.04438000,2026-08-04T23:16:05.094715+00:00
BTCUSDT,2026-07-21T11:59:59.999000+00:00,66180.00000000,66350.00000000,66147.82000000,66345.59000000,752.24871000,2026-08-04T23:16:05.094751+00:00
BTCUSDT,2026-07-21T12:59:59.999000+00:00,66345.59000000,66640.00000000,66255.73000000,66558.82000000,1002.49408000,2026-08-04T23:16:05.094788+00:00
BTCUSDT,2026-07-21T13:59:59.999000+00:00,66558.81000000,66810.97000000,66315.62000000,66786.00000000,1358.43796000,2026-08-04T23:16:05.094825+00:00
BTCUSDT,2026-07-21T14:59:59.999000+00:00,66786.00000000,66956.15000000,66648.27000000,66842.30000000,1722.33044000,2026-08-04T23:16:05.094862+00:00
BTCUSDT,2026-07-21T15:59:59.999000+00:00,66842.29000000,66842.30000000,66517.52000000,66676.54000000,948.73464000,2026-08-04T23:16:05.094899+00:00
BTCUSDT,2026-07-21T16:59:59.999000+00:00,66676.53000000,66764.00000000,66462.32000000,66542.01000000,672.73654000,2026-08-04T23:16:05.094936+00:00
BTCUSDT,2026-07-21T17:59:59.999000+00:00,66542.01000000,66567.59000000,66052.63000000,66207.95000000,1024.80980000,2026-08-04T23:16:05.094972+00:00
BTCUSDT,2026-07-21T18:59:59.999000+00:00,66207.96000000,66358.00000000,66098.71000000,66319.95000000,619.31647000,2026-08-04T23:16:05.095009+00:00
BTCUSDT,2026-07-21T19:59:59.999000+00:00,66319.96000000,66502.80000000,66264.12000000,66444.76000000,623.55174000,2026-08-04T23:16:05.095045+00:00
BTCUSDT,2026-07-21T20:59:59.999000+00:00,66444.76000000,66496.00000000,66359.30000000,66406.57000000,288.41886000,2026-08-04T23:16:05.095081+00:00
BTCUSDT,2026-07-21T21:59:59.999000+00:00,66406.58000000,66408.26000000,66290.00000000,66385.00000000,330.71956000,2026-08-04T23:16:05.095118+00:00
BTCUSDT,2026-07-21T22:59:59.999000+00:00,66385.00000000,66388.35000000,66204.00000000,66304.02000000,432.07240000,2026-08-04T23:16:05.095154+00:00
BTCUSDT,2026-07-21T23:59:59.999000+00:00,66304.02000000,66576.00000000,66228.55000000,66556.16000000,334.55343000,2026-08-04T23:16:05.095211+00:00
BTCUSDT,2026-07-22T00:59:59.999000+00:00,66556.15000000,66739.89000000,66525.54000000,66620.97000000,961.25987000,2026-08-04T23:16:05.095250+00:00
BTCUSDT,2026-07-22T01:59:59.999000+00:00,66620.97000000,66661.79000000,66282.65000000,66433.30000000,801.84590000,2026-08-04T23:16:05.095289+00:00
BTCUSDT,2026-07-22T02:59:59.999000+00:00,66433.29000000,66532.26000000,66298.00000000,66314.12000000,584.20390000,2026-08-04T23:16:05.095329+00:00
BTCUSDT,2026-07-22T03:59:59.999000+00:00,66314.12000000,66371.27000000,66176.00000000,66210.00000000,535.35393000,2026-08-04T23:16:05.095367+00:00
BTCUSDT,2026-07-22T04:59:59.999000+00:00,66209.99000000,66424.00000000,66198.00000000,66381.05000000,1016.50384000,2026-08-04T23:16:05.095406+00:00
BTCUSDT,2026-07-22T05:59:59.999000+00:00,66381.05000000,66381.05000000,65944.51000000,65974.90000000,732.84767000,2026-08-04T23:16:05.095444+00:00
BTCUSDT,2026-07-22T06:59:59.999000+00:00,65974.90000000,66026.93000000,65830.94000000,65934.33000000,677.13061000,2026-08-04T23:16:05.095482+00:00
BTCUSDT,2026-07-22T07:59:59.999000+00:00,65934.34000000,65968.90000000,65701.00000000,65843.48000000,1698.20928000,2026-08-04T23:16:05.095521+00:00
BTCUSDT,2026-07-22T08:59:59.999000+00:00,65843.48000000,66164.57000000,65843.47000000,65987.96000000,1762.03259000,2026-08-04T23:16:05.095561+00:00
BTCUSDT,2026-07-22T09:59:59.999000+00:00,65987.97000000,66082.50000000,65850.00000000,65928.00000000,1983.57551000,2026-08-04T23:16:05.095601+00:00
BTCUSDT,2026-07-22T10:59:59.999000+00:00,65928.01000000,66116.36000000,65898.00000000,66046.02000000,636.27622000,2026-08-04T23:16:05.095640+00:00
BTCUSDT,2026-07-22T11:59:59.999000+00:00,66046.01000000,66092.59000000,65909.16000000,66013.36000000,789.42664000,2026-08-04T23:16:05.095678+00:00
BTCUSDT,2026-07-22T12:59:59.999000+00:00,66013.36000000,66013.37000000,65553.67000000,65636.01000000,572.31956000,2026-08-04T23:16:05.095717+00:00
BTCUSDT,2026-07-22T13:59:59.999000+00:00,65636.01000000,65982.28000000,65559.66000000,65951.39000000,762.44551000,2026-08-04T23:16:05.095755+00:00
BTCUSDT,2026-07-22T14:59:59.999000+00:00,65951.38000000,66204.98000000,65588.00000000,65793.98000000,977.66799000,2026-08-04T23:16:05.095793+00:00
BTCUSDT,2026-07-22T15:59:59.999000+00:00,65793.98000000,66125.00000000,65793.98000000,66047.39000000,689.66439000,2026-08-04T23:16:05.095831+00:00
BTCUSDT,2026-07-22T16:59:59.999000+00:00,66047.38000000,66384.00000000,65911.60000000,66229.01000000,531.34681000,2026-08-04T23:16:05.095869+00:00
BTCUSDT,2026-07-22T17:59:59.999000+00:00,66229.01000000,66275.29000000,65944.00000000,66024.03000000,332.68865000,2026-08-04T23:16:05.095907+00:00
BTCUSDT,2026-07-22T18:59:59.999000+00:00,66024.02000000,66075.91000000,65726.08000000,65895.46000000,372.67709000,2026-08-04T23:16:05.095946+00:00
BTCUSDT,2026-07-22T19:59:59.999000+00:00,65895.46000000,65958.56000000,65691.93000000,65923.19000000,284.49057000,2026-08-04T23:16:05.095985+00:00
BTCUSDT,2026-07-22T20:59:59.999000+00:00,65923.19000000,65986.00000000,65791.79000000,65919.68000000,303.33342000,2026-08-04T23:16:05.096024+00:00
BTCUSDT,2026-07-22T21:59:59.999000+00:00,65919.67000000,66133.98000000,65892.64000000,66072.47000000,345.28683000,2026-08-04T23:16:05.096064+00:00
BTCUSDT,2026-07-22T22:59:59.999000+00:00,66072.48000000,66080.94000000,65932.00000000,66044.17000000,283.82490000,2026-08-04T23:16:05.096102+00:00
BTCUSDT,2026-07-22T23:59:59.999000+00:00,66044.17000000,66138.24000000,65844.30000000,66114.49000000,440.45434000,2026-08-04T23:16:05.096141+00:00
BTCUSDT,2026-07-23T00:59:59.999000+00:00,66114.50000000,66313.14000000,66054.58000000,66058.19000000,818.52742000,2026-08-04T23:16:05.096179+00:00
BTCUSDT,2026-07-23T01:59:59.999000+00:00,66058.20000000,66208.00000000,65751.00000000,65830.00000000,911.89269000,2026-08-04T23:16:05.096217+00:00
BTCUSDT,2026-07-23T02:59:59.999000+00:00,65830.00000000,65843.25000000,65653.23000000,65805.34000000,489.67764000,2026-08-04T23:16:05.096255+00:00
BTCUSDT,2026-07-23T03:59:59.999000+00:00,65805.35000000,65816.00000000,65585.11000000,65662.53000000,518.12407000,2026-08-04T23:16:05.096314+00:00
BTCUSDT,2026-07-23T04:59:59.999000+00:00,65662.53000000,65738.99000000,65590.12000000,65616.48000000,673.83221000,2026-08-04T23:16:05.096354+00:00
BTCUSDT,2026-07-23T05:59:59.999000+00:00,65616.49000000,65797.93000000,65570.12000000,65691.01000000,258.16071000,2026-08-04T23:16:05.096394+00:00
BTCUSDT,2026-07-23T06:59:59.999000+00:00,65691.01000000,65821.17000000,65625.20000000,65790.00000000,198.22051000,2026-08-04T23:16:05.096432+00:00
BTCUSDT,2026-07-23T07:59:59.999000+00:00,65790.00000000,65790.00000000,65351.02000000,65442.13000000,625.49860000,2026-08-04T23:16:05.096471+00:00
BTCUSDT,2026-07-23T08:59:59.999000+00:00,65442.12000000,65665.99000000,65419.75000000,65633.00000000,617.22753000,2026-08-04T23:16:05.096509+00:00
BTCUSDT,2026-07-23T09:59:59.999000+00:00,65632.99000000,65757.99000000,65608.18000000,65638.92000000,505.16907000,2026-08-04T23:16:05.096547+00:00
BTCUSDT,2026-07-23T10:59:59.999000+00:00,65638.92000000,65792.09000000,65589.69000000,65740.00000000,314.19369000,2026-08-04T23:16:05.096586+00:00
BTCUSDT,2026-07-23T11:59:59.999000+00:00,65740.00000000,65740.01000000,65540.93000000,65555.21000000,260.87827000,2026-08-04T23:16:05.096624+00:00
BTCUSDT,2026-07-23T12:59:59.999000+00:00,65555.21000000,65589.41000000,64988.05000000,65167.04000000,1080.21623000,2026-08-04T23:16:05.096663+00:00
BTCUSDT,2026-07-23T13:59:59.999000+00:00,65167.05000000,65221.29000000,64863.62000000,64880.00000000,1019.68548000,2026-08-04T23:16:05.096702+00:00
BTCUSDT,2026-07-23T14:59:59.999000+00:00,64880.00000000,65216.24000000,64822.13000000,64909.99000000,1122.58373000,2026-08-04T23:16:05.096740+00:00
BTCUSDT,2026-07-23T15:59:59.999000+00:00,64910.00000000,65023.68000000,64728.00000000,64958.36000000,1087.45523000,2026-08-04T23:16:05.096778+00:00
BTCUSDT,2026-07-23T16:59:59.999000+00:00,64958.37000000,64961.15000000,64704.57000000,64756.84000000,823.97347000,2026-08-04T23:16:05.096816+00:00
BTCUSDT,2026-07-23T17:59:59.999000+00:00,64756.84000000,64900.00000000,64650.00000000,64681.27000000,610.54166000,2026-08-04T23:16:05.096855+00:00
BTCUSDT,2026-07-23T18:59:59.999000+00:00,64681.26000000,64948.05000000,64680.00000000,64869.12000000,473.57506000,2026-08-04T23:16:05.096893+00:00
BTCUSDT,2026-07-23T19:59:59.999000+00:00,64869.13000000,64934.75000000,64686.56000000,64846.94000000,525.37224000,2026-08-04T23:16:05.096931+00:00
BTCUSDT,2026-07-23T20:59:59.999000+00:00,64846.93000000,65217.93000000,64834.52000000,65147.50000000,435.69297000,2026-08-04T23:16:05.096970+00:00
BTCUSDT,2026-07-23T21:59:59.999000+00:00,65147.50000000,65210.35000000,65014.00000000,65169.81000000,348.67820000,2026-08-04T23:16:05.097008+00:00
BTCUSDT,2026-07-23T22:59:59.999000+00:00,65169.82000000,65227.99000000,65013.94000000,65195.43000000,465.02672000,2026-08-04T23:16:05.097047+00:00
BTCUSDT,2026-07-23T23:59:59.999000+00:00,65195.43000000,65235.43000000,65052.01000000,65098.97000000,514.02333000,2026-08-04T23:16:05.097085+00:00
BTCUSDT,2026-07-24T00:59:59.999000+00:00,65098.98000000,65113.86000000,64762.18000000,64973.99000000,343.41298000,2026-08-04T23:16:05.097123+00:00
BTCUSDT,2026-07-24T01:59:59.999000+00:00,64974.00000000,65168.00000000,64944.37000000,65086.00000000,666.39562000,2026-08-04T23:16:05.097162+00:00
BTCUSDT,2026-07-24T02:59:59.999000+00:00,65086.00000000,65187.57000000,64925.45000000,65116.99000000,432.37390000,2026-08-04T23:16:05.097200+00:00
BTCUSDT,2026-07-24T03:59:59.999000+00:00,65116.99000000,65464.35000000,65078.00000000,65456.70000000,382.69980000,2026-08-04T23:16:05.097239+00:00
BTCUSDT,2026-07-24T04:59:59.999000+00:00,65456.70000000,65469.86000000,65272.26000000,65318.00000000,299.69580000,2026-08-04T23:16:05.097278+00:00
BTCUSDT,2026-07-24T05:59:59.999000+00:00,65318.01000000,65394.00000000,65248.00000000,65325.00000000,372.30415000,2026-08-04T23:16:05.097316+00:00
BTCUSDT,2026-07-24T06:59:59.999000+00:00,65325.01000000,65519.93000000,65278.07000000,65472.00000000,914.26438000,2026-08-04T23:16:05.097376+00:00
BTCUSDT,2026-07-24T07:59:59.999000+00:00,65472.00000000,65808.59000000,65320.69000000,65499.95000000,1219.60281000,2026-08-04T23:16:05.097413+00:00
BTCUSDT,2026-07-24T08:59:59.999000+00:00,65499.94000000,65508.17000000,65302.18000000,65302.18000000,306.26025000,2026-08-04T23:16:05.097451+00:00
BTCUSDT,2026-07-24T09:59:59.999000+00:00,65302.18000000,65314.66000000,64952.38000000,65113.13000000,478.93491000,2026-08-04T23:16:05.097488+00:00
BTCUSDT,2026-07-24T10:59:59.999000+00:00,65113.13000000,65157.99000000,64906.85000000,64950.00000000,716.12782000,2026-08-04T23:16:05.097525+00:00
BTCUSDT,2026-07-24T11:59:59.999000+00:00,64950.01000000,65099.99000000,64857.14000000,65083.43000000,751.17375000,2026-08-04T23:16:05.097562+00:00
BTCUSDT,2026-07-24T12:59:59.999000+00:00,65083.42000000,65133.99000000,64766.00000000,64780.01000000,507.45117000,2026-08-04T23:16:05.097599+00:00
BTCUSDT,2026-07-24T13:59:59.999000+00:00,64780.00000000,64802.00000000,63920.01000000,64155.46000000,2007.68582000,2026-08-04T23:16:05.097637+00:00
BTCUSDT,2026-07-24T14:59:59.999000+00:00,64155.47000000,64198.30000000,63739.75000000,64055.12000000,1591.08926000,2026-08-04T23:16:05.097674+00:00
BTCUSDT,2026-07-24T15:59:59.999000+00:00,64055.11000000,64333.33000000,63858.00000000,64093.85000000,1939.18979000,2026-08-04T23:16:05.097711+00:00
BTCUSDT,2026-07-24T16:59:59.999000+00:00,64093.86000000,64200.00000000,63881.46000000,63958.00000000,529.35925000,2026-08-04T23:16:05.097748+00:00
BTCUSDT,2026-07-24T17:59:59.999000+00:00,63958.01000000,64202.91000000,63905.51000000,64180.00000000,525.47557000,2026-08-04T23:16:05.097786+00:00
BTCUSDT,2026-07-24T18:59:59.999000+00:00,64180.00000000,64290.10000000,64129.75000000,64272.00000000,390.98725000,2026-08-04T23:16:05.097823+00:00
BTCUSDT,2026-07-24T19:59:59.999000+00:00,64272.01000000,64292.44000000,64141.18000000,64225.32000000,579.59462000,2026-08-04T23:16:05.097860+00:00
BTCUSDT,2026-07-24T20:59:59.999000+00:00,64225.32000000,64288.02000000,64128.89000000,64170.23000000,214.82759000,2026-08-04T23:16:05.097898+00:00
BTCUSDT,2026-07-24T21:59:59.999000+00:00,64170.24000000,64258.73000000,64122.29000000,64155.00000000,651.81342000,2026-08-04T23:16:05.097935+00:00
BTCUSDT,2026-07-24T22:59:59.999000+00:00,64155.00000000,64216.27000000,64121.86000000,64169.01000000,587.59798000,2026-08-04T23:16:05.097972+00:00
BTCUSDT,2026-07-24T23:59:59.999000+00:00,64169.01000000,64187.40000000,64134.71000000,64139.99000000,412.95391000,2026-08-04T23:16:05.098009+00:00
BTCUSDT,2026-07-25T00:59:59.999000+00:00,64140.00000000,64179.03000000,64033.18000000,64073.61000000,386.54772000,2026-08-04T23:16:05.098047+00:00
BTCUSDT,2026-07-25T01:59:59.999000+00:00,64073.61000000,64160.00000000,64006.55000000,64068.01000000,493.07694000,2026-08-04T23:16:05.098084+00:00
BTCUSDT,2026-07-25T02:59:59.999000+00:00,64068.00000000,64099.99000000,64017.87000000,64052.00000000,479.58839000,2026-08-04T23:16:05.098121+00:00
BTCUSDT,2026-07-25T03:59:59.999000+00:00,64052.01000000,64105.61000000,64016.65000000,64085.36000000,469.51581000,2026-08-04T23:16:05.098158+00:00
BTCUSDT,2026-07-25T04:59:59.999000+00:00,64085.36000000,64205.67000000,64085.15000000,64181.46000000,171.38031000,2026-08-04T23:16:05.098195+00:00
BTCUSDT,2026-07-25T05:59:59.999000+00:00,64181.45000000,64199.76000000,63980.01000000,64024.00000000,245.62438000,2026-08-04T23:16:05.098232+00:00
BTCUSDT,2026-07-25T06:59:59.999000+00:00,64024.00000000,64063.37000000,63964.57000000,64010.00000000,248.54758000,2026-08-04T23:16:05.098269+00:00
BTCUSDT,2026-07-25T07:59:59.999000+00:00,64010.00000000,64038.52000000,64000.00000000,64003.20000000,408.36611000,2026-08-04T23:16:05.098306+00:00
BTCUSDT,2026-07-25T08:59:59.999000+00:00,64003.20000000,64010.01000000,63810.00000000,63876.06000000,507.52898000,2026-08-04T23:16:05.098345+00:00
BTCUSDT,2026-07-25T09:59:59.999000+00:00,63876.07000000,64024.72000000,63830.00000000,63999.99000000,1813.61210000,2026-08-04T23:16:05.098383+00:00
BTCUSDT,2026-07-25T10:59:59.999000+00:00,64000.00000000,64070.00000000,63996.00000000,64070.00000000,200.57959000,2026-08-04T23:16:05.098442+00:00
BTCUSDT,2026-07-25T11:59:59.999000+00:00,64069.99000000,64113.00000000,64047.09000000,64064.01000000,226.46632000,2026-08-04T23:16:05.098481+00:00
BTCUSDT,2026-07-25T12:59:59.999000+00:00,64064.01000000,64123.80000000,64043.00000000,64123.80000000,179.41020000,2026-08-04T23:16:05.098519+00:00
BTCUSDT,2026-07-25T13:59:59.999000+00:00,64123.80000000,64267.78000000,64106.74000000,64172.00000000,285.46591000,2026-08-04T23:16:05.098558+00:00
BTCUSDT,2026-07-25T14:59:59.999000+00:00,64172.01000000,64217.09000000,64126.00000000,64214.04000000,270.20323000,2026-08-04T23:16:05.098597+00:00
BTCUSDT,2026-07-25T15:59:59.999000+00:00,64214.05000000,64272.00000000,64169.99000000,64182.00000000,193.98029000,2026-08-04T23:16:05.098635+00:00
BTCUSDT,2026-07-25T16:59:59.999000+00:00,64182.01000000,64241.71000000,64123.00000000,64206.60000000,126.61028000,2026-08-04T23:16:05.098674+00:00
BTCUSDT,2026-07-25T17:59:59.999000+00:00,64206.61000000,64356.00000000,64194.37000000,64267.40000000,187.81706000,2026-08-04T23:16:05.098713+00:00
BTCUSDT,2026-07-25T18:59:59.999000+00:00,64267.41000000,64475.28000000,64267.41000000,64415.99000000,314.52068000,2026-08-04T23:16:05.098751+00:00
BTCUSDT,2026-07-25T19:59:59.999000+00:00,64415.99000000,64438.12000000,64388.38000000,64388.38000000,219.49730000,2026-08-04T23:16:05.098789+00:00
BTCUSDT,2026-07-25T20:59:59.999000+00:00,64388.39000000,64392.74000000,64313.00000000,64339.75000000,213.90166000,2026-08-04T23:16:05.098826+00:00
BTCUSDT,2026-07-25T21:59:59.999000+00:00,64339.75000000,64430.00000000,64263.03000000,64344.02000000,177.06463000,2026-08-04T23:16:05.098863+00:00
BTCUSDT,2026-07-25T22:59:59.999000+00:00,64344.02000000,64426.00000000,64344.01000000,64412.00000000,625.93723000,2026-08-04T23:16:05.098900+00:00
BTCUSDT,2026-07-25T23:59:59.999000+00:00,64412.01000000,64429.38000000,64363.00000000,64375.00000000,417.80760000,2026-08-04T23:16:05.098938+00:00
BTCUSDT,2026-07-26T00:59:59.999000+00:00,64375.01000000,64507.00000000,64350.00000000,64506.99000000,256.73658000,2026-08-04T23:16:05.098975+00:00
BTCUSDT,2026-07-26T01:59:59.999000+00:00,64506.99000000,64541.66000000,64456.67000000,64462.00000000,277.18148000,2026-08-04T23:16:05.099012+00:00
BTCUSDT,2026-07-26T02:59:59.999000+00:00,64462.00000000,64527.59000000,64427.59000000,64527.56000000,117.02260000,2026-08-04T23:16:05.099049+00:00
BTCUSDT,2026-07-26T03:59:59.999000+00:00,64527.57000000,64582.00000000,64488.73000000,64557.00000000,304.96319000,2026-08-04T23:16:05.099086+00:00
BTCUSDT,2026-07-26T04:59:59.999000+00:00,64557.00000000,64599.95000000,64491.73000000,64530.06000000,425.16453000,2026-08-04T23:16:05.099123+00:00
BTCUSDT,2026-07-26T05:59:59.999000+00:00,64530.06000000,64530.07000000,64403.95000000,64417.69000000,131.14508000,2026-08-04T23:16:05.099160+00:00
BTCUSDT,2026-07-26T06:59:59.999000+00:00,64417.68000000,64457.55000000,64293.81000000,64438.00000000,408.23581000,2026-08-04T23:16:05.099198+00:00
BTCUSDT,2026-07-26T07:59:59.999000+00:00,64438.01000000,64460.00000000,64341.99000000,64370.00000000,273.49735000,2026-08-04T23:16:05.099235+00:00
BTCUSDT,2026-07-26T08:59:59.999000+00:00,64370.00000000,64493.99000000,64353.00000000,64480.01000000,204.14991000,2026-08-04T23:16:05.099272+00:00
BTCUSDT,2026-07-26T09:59:59.999000+00:00,64480.02000000,64549.02000000,64478.38000000,64538.00000000,164.82486000,2026-08-04T23:16:05.099308+00:00
BTCUSDT,2026-07-26T10:59:59.999000+00:00,64538.01000000,64573.73000000,64497.62000000,64515.40000000,137.04740000,2026-08-04T23:16:05.099345+00:00
BTCUSDT,2026-07-26T11:59:59.999000+00:00,64515.39000000,64535.99000000,64495.17000000,64507.35000000,174.84399000,2026-08-04T23:16:05.099382+00:00
BTCUSDT,2026-07-26T12:59:59.999000+00:00,64507.36000000,64662.99000000,64434.00000000,64466.67000000,319.29329000,2026-08-04T23:16:05.099419+00:00
BTCUSDT,2026-07-26T13:59:59.999000+00:00,64466.68000000,64571.42000000,64414.00000000,64518.00000000,319.15410000,2026-08-04T23:16:05.099457+00:00
BTCUSDT,2026-07-26T14:59:59.999000+00:00,64517.99000000,64768.23000000,64517.99000000,64712.99000000,504.24215000,2026-08-04T23:16:05.099513+00:00
BTCUSDT,2026-07-26T15:59:59.999000+00:00,64713.00000000,64827.00000000,64673.42000000,64768.00000000,313.86895000,2026-08-04T23:16:05.099551+00:00
BTCUSDT,2026-07-26T16:59:59.999000+00:00,64768.00000000,64940.51000000,64703.23000000,64734.17000000,420.05042000,2026-08-04T23:16:05.099588+00:00
BTCUSDT,2026-07-26T17:59:59.999000+00:00,64734.17000000,64794.45000000,64668.91000000,64697.20000000,347.81315000,2026-08-04T23:16:05.099625+00:00
BTCUSDT,2026-07-26T18:59:59.999000+00:00,64697.21000000,64769.99000000,64668.91000000,64734.38000000,114.76281000,2026-08-04T23:16:05.099662+00:00
BTCUSDT,2026-07-26T19:59:59.999000+00:00,64734.39000000,64753.00000000,64671.91000000,64695.52000000,369.55718000,2026-08-04T23:16:05.099700+00:00
BTCUSDT,2026-07-26T20:59:59.999000+00:00,64695.52000000,64703.36000000,64631.57000000,64649.04000000,120.01782000,2026-08-04T23:16:05.099737+00:00
BTCUSDT,2026-07-26T21:59:59.999000+00:00,64649.04000000,64924.00000000,64649.03000000,64858.02000000,268.26505000,2026-08-04T23:16:05.099774+00:00
BTCUSDT,2026-07-26T22:59:59.999000+00:00,64858.03000000,65502.60000000,64858.03000000,65412.68000000,1331.07392000,2026-08-04T23:16:05.099811+00:00
BTCUSDT,2026-07-26T23:59:59.999000+00:00,65412.69000000,65577.00000000,65273.76000000,65399.99000000,630.14927000,2026-08-04T23:16:05.099848+00:00
BTCUSDT,2026-07-27T00:59:59.999000+00:00,65400.00000000,65418.81000000,65065.46000000,65131.95000000,465.77387000,2026-08-04T23:16:05.099886+00:00
BTCUSDT,2026-07-27T01:59:59.999000+00:00,65131.96000000,65225.75000000,64892.03000000,65206.21000000,478.78723000,2026-08-04T23:16:05.099923+00:00
BTCUSDT,2026-07-27T02:59:59.999000+00:00,65206.21000000,65281.64000000,65118.08000000,65172.00000000,475.81825000,2026-08-04T23:16:05.099960+00:00
BTCUSDT,2026-07-27T03:59:59.999000+00:00,65172.02000000,65367.73000000,65161.99000000,65284.00000000,519.18282000,2026-08-04T23:16:05.099997+00:00
BTCUSDT,2026-07-27T04:59:59.999000+00:00,65284.00000000,65500.00000000,65242.69000000,65282.80000000,331.55981000,2026-08-04T23:16:05.100034+00:00
BTCUSDT,2026-07-27T05:59:59.999000+00:00,65282.81000000,65493.38000000,65282.80000000,65468.38000000,284.79372000,2026-08-04T23:16:05.100072+00:00
BTCUSDT,2026-07-27T06:59:59.999000+00:00,65468.38000000,65744.60000000,65404.90000000,65416.76000000,867.34730000,2026-08-04T23:16:05.100109+00:00
BTCUSDT,2026-07-27T07:59:59.999000+00:00,65416.77000000,65447.02000000,65217.16000000,65221.99000000,1066.09119000,2026-08-04T23:16:05.100146+00:00
BTCUSDT,2026-07-27T08:59:59.999000+00:00,65221.99000000,65258.00000000,65128.85000000,65162.98000000,724.97518000,2026-08-04T23:16:05.100183+00:00
BTCUSDT,2026-07-27T09:59:59.999000+00:00,65162.98000000,65348.17000000,65100.00000000,65262.17000000,1478.16072000,2026-08-04T23:16:05.100220+00:00
BTCUSDT,2026-07-27T10:59:59.999000+00:00,65262.18000000,65432.00000000,65230.01000000,65333.35000000,412.29993000,2026-08-04T23:16:05.100257+00:00
BTCUSDT,2026-07-27T11:59:59.999000+00:00,65333.35000000,65333.36000000,65092.00000000,65100.79000000,287.15002000,2026-08-04T23:16:05.100294+00:00
BTCUSDT,2026-07-27T12:59:59.999000+00:00,65100.79000000,65255.76000000,64836.00000000,65086.00000000,587.73231000,2026-08-04T23:16:05.100331+00:00
BTCUSDT,2026-07-27T13:59:59.999000+00:00,65086.00000000,65718.00000000,64913.12000000,65217.37000000,1076.54142000,2026-08-04T23:16:05.100368+00:00
BTCUSDT,2026-07-27T14:59:59.999000+00:00,65217.38000000,65431.90000000,64459.82000000,64687.45000000,1132.47674000,2026-08-04T23:16:05.100405+00:00
BTCUSDT,2026-07-27T15:59:59.999000+00:00,64687.45000000,64776.00000000,64418.01000000,64554.01000000,596.28993000,2026-08-04T23:16:05.100442+00:00
BTCUSDT,2026-07-27T16:59:59.999000+00:00,64554.00000000,64970.93000000,64517.78000000,64898.52000000,473.37301000,2026-08-04T23:16:05.100480+00:00
BTCUSDT,2026-07-27T17:59:59.999000+00:00,64898.53000000,65090.00000000,64794.37000000,65019.81000000,404.49207000,2026-08-04T23:16:05.100517+00:00
BTCUSDT,2026-07-27T18:59:59.999000+00:00,65019.81000000,65058.32000000,64755.67000000,64878.00000000,323.26344000,2026-08-04T23:16:05.100573+00:00
BTCUSDT,2026-07-27T19:59:59.999000+00:00,64878.00000000,65078.00000000,64810.90000000,64984.00000000,291.82434000,2026-08-04T23:16:05.100612+00:00
BTCUSDT,2026-07-27T20:59:59.999000+00:00,64983.99000000,65056.00000000,64908.01000000,64960.65000000,197.69959000,2026-08-04T23:16:05.100701+00:00
BTCUSDT,2026-07-27T21:59:59.999000+00:00,64960.64000000,64960.65000000,64790.28000000,64821.25000000,238.07403000,2026-08-04T23:16:05.100781+00:00
BTCUSDT,2026-07-27T22:59:59.999000+00:00,64821.26000000,64821.26000000,63792.00000000,63792.00000000,1130.54656000,2026-08-04T23:16:05.100836+00:00
BTCUSDT,2026-07-27T23:59:59.999000+00:00,63792.01000000,63940.27000000,63605.56000000,63755.86000000,947.65195000,2026-08-04T23:16:05.100885+00:00
BTCUSDT,2026-07-28T00:59:59.999000+00:00,63755.86000000,63827.49000000,63469.30000000,63487.88000000,711.04544000,2026-08-04T23:16:05.100931+00:00
BTCUSDT,2026-07-28T01:59:59.999000+00:00,63487.88000000,63529.89000000,63059.39000000,63230.83000000,1245.20979000,2026-08-04T23:16:05.100977+00:00
BTCUSDT,2026-07-28T02:59:59.999000+00:00,63230.82000000,63305.94000000,63108.00000000,63185.59000000,429.21894000,2026-08-04T23:16:05.101021+00:00
BTCUSDT,2026-07-28T03:59:59.999000+00:00,63185.59000000,63375.39000000,63168.01000000,63343.83000000,728.50056000,2026-08-04T23:16:05.101064+00:00
BTCUSDT,2026-07-28T04:59:59.999000+00:00,63343.82000000,63361.85000000,63221.26000000,63350.95000000,343.17382000,2026-08-04T23:16:05.101105+00:00
BTCUSDT,2026-07-28T05:59:59.999000+00:00,63350.95000000,63623.50000000,63323.09000000,63451.61000000,390.51839000,2026-08-04T23:16:05.101147+00:00
BTCUSDT,2026-07-28T06:59:59.999000+00:00,63451.62000000,63660.72000000,63395.13000000,63640.63000000,460.72288000,2026-08-04T23:16:05.101187+00:00
BTCUSDT,2026-07-28T07:59:59.999000+00:00,63640.63000000,63668.71000000,63455.58000000,63505.99000000,985.98530000,2026-08-04T23:16:05.101228+00:00
BTCUSDT,2026-07-28T08:59:59.999000+00:00,63506.00000000,63546.36000000,63406.11000000,63428.08000000,281.48766000,2026-08-04T23:16:05.101268+00:00
BTCUSDT,2026-07-28T09:59:59.999000+00:00,63428.07000000,63581.33000000,63368.81000000,63393.99000000,315.43759000,2026-08-04T23:16:05.101307+00:00
BTCUSDT,2026-07-28T10:59:59.999000+00:00,63393.99000000,63555.18000000,63294.00000000,63473.47000000,416.03570000,2026-08-04T23:16:05.101347+00:00
BTCUSDT,2026-07-28T11:59:59.999000+00:00,63473.48000000,63593.00000000,63352.00000000,63450.00000000,405.45329000,2026-08-04T23:16:05.101386+00:00
BTCUSDT,2026-07-28T12:59:59.999000+00:00,63449.99000000,63570.00000000,63364.96000000,63546.65000000,440.98415000,2026-08-04T23:16:05.101426+00:00
BTCUSDT,2026-07-28T13:59:59.999000+00:00,63546.65000000,63588.00000000,62742.47000000,63104.00000000,1615.91422000,2026-08-04T23:16:05.101465+00:00
BTCUSDT,2026-07-28T14:59:59.999000+00:00,63104.00000000,63550.00000000,62965.38000000,63412.45000000,868.98588000,2026-08-04T23:16:05.101507+00:00
BTCUSDT,2026-07-28T15:59:59.999000+00:00,63412.45000000,64026.62000000,63269.28000000,63928.47000000,945.11572000,2026-08-04T23:16:05.101546+00:00
BTCUSDT,2026-07-28T16:59:59.999000+00:00,63928.46000000,64100.00000000,63773.65000000,64043.26000000,517.94749000,2026-08-04T23:16:05.101585+00:00
BTCUSDT,2026-07-28T17:59:59.999000+00:00,64043.27000000,64043.27000000,63504.00000000,63685.88000000,527.24876000,2026-08-04T23:16:05.101624+00:00
BTCUSDT,2026-07-28T18:59:59.999000+00:00,63685.88000000,63849.09000000,63672.26000000,63734.49000000,311.51290000,2026-08-04T23:16:05.101662+00:00
BTCUSDT,2026-07-28T19:59:59.999000+00:00,63734.49000000,63904.00000000,63675.93000000,63904.00000000,333.27009000,2026-08-04T23:16:05.101701+00:00
BTCUSDT,2026-07-28T20:59:59.999000+00:00,63904.00000000,64018.39000000,63880.00000000,63917.55000000,300.22119000,2026-08-04T23:16:05.101740+00:00
BTCUSDT,2026-07-28T21:59:59.999000+00:00,63917.55000000,64073.30000000,63892.00000000,63972.44000000,227.23863000,2026-08-04T23:16:05.101778+00:00
BTCUSDT,2026-07-28T22:59:59.999000+00:00,63972.44000000,64020.76000000,63768.47000000,63783.71000000,319.67019000,2026-08-04T23:16:05.101847+00:00
BTCUSDT,2026-07-28T23:59:59.999000+00:00,63783.72000000,63956.40000000,63562.00000000,63915.00000000,768.93138000,2026-08-04T23:16:05.101886+00:00
BTCUSDT,2026-07-29T00:59:59.999000+00:00,63915.00000000,64200.00000000,63873.54000000,63953.99000000,862.01004000,2026-08-04T23:16:05.101925+00:00
BTCUSDT,2026-07-29T01:59:59.999000+00:00,63954.00000000,63999.00000000,63690.00000000,63705.06000000,643.74129000,2026-08-04T23:16:05.101964+00:00
BTCUSDT,2026-07-29T02:59:59.999000+00:00,63705.07000000,64132.42000000,63658.00000000,63979.96000000,459.75103000,2026-08-04T23:16:05.102002+00:00
BTCUSDT,2026-07-29T03:59:59.999000+00:00,63979.96000000,64002.00000000,63710.00000000,63753.03000000,381.54189000,2026-08-04T23:16:05.102040+00:00
BTCUSDT,2026-07-29T04:59:59.999000+00:00,63753.04000000,63970.92000000,63598.00000000,63968.34000000,635.48596000,2026-08-04T23:16:05.102079+00:00
BTCUSDT,2026-07-29T05:59:59.999000+00:00,63968.34000000,64094.20000000,63890.07000000,64067.32000000,612.17163000,2026-08-04T23:16:05.102117+00:00
BTCUSDT,2026-07-29T06:59:59.999000+00:00,64067.32000000,64471.00000000,64026.64000000,64435.62000000,959.62083000,2026-08-04T23:16:05.102156+00:00
BTCUSDT,2026-07-29T07:59:59.999000+00:00,64435.63000000,64575.99000000,64402.67000000,64561.00000000,512.31101000,2026-08-04T23:16:05.102194+00:00
BTCUSDT,2026-07-29T08:59:59.999000+00:00,64561.01000000,64588.00000000,64283.83000000,64417.31000000,442.88681000,2026-08-04T23:16:05.102232+00:00
BTCUSDT,2026-07-29T09:59:59.999000+00:00,64417.31000000,64744.81000000,64386.94000000,64698.00000000,689.93306000,2026-08-04T23:16:05.102271+00:00
BTCUSDT,2026-07-29T10:59:59.999000+00:00,64698.01000000,64718.00000000,64410.24000000,64469.83000000,337.46395000,2026-08-04T23:16:05.102312+00:00
BTCUSDT,2026-07-29T11:59:59.999000+00:00,64469.84000000,64591.73000000,64422.50000000,64507.54000000,317.77588000,2026-08-04T23:16:05.102351+00:00
BTCUSDT,2026-07-29T12:59:59.999000+00:00,64507.53000000,64507.54000000,64215.93000000,64276.81000000,475.51580000,2026-08-04T23:16:05.102389+00:00
BTCUSDT,2026-07-29T13:59:59.999000+00:00,64276.82000000,64667.18000000,64139.68000000,64664.70000000,795.56970000,2026-08-04T23:16:05.102428+00:00
BTCUSDT,2026-07-29T14:59:59.999000+00:00,64664.69000000,64718.87000000,64047.71000000,64108.01000000,736.50705000,2026-08-04T23:16:05.102466+00:00
BTCUSDT,2026-07-29T15:59:59.999000+00:00,64108.01000000,64195.00000000,63886.00000000,63964.01000000,727.70384000,2026-08-04T23:16:05.102504+00:00
BTCUSDT,2026-07-29T16:59:59.999000+00:00,63964.01000000,64146.53000000,63624.15000000,63808.33000000,758.02868000,2026-08-04T23:16:05.102543+00:00
BTCUSDT,2026-07-29T17:59:59.999000+00:00,63808.33000000,64286.71000000,63709.19000000,64269.83000000,486.13508000,2026-08-04T23:16:05.102581+00:00
BTCUSDT,2026-07-29T18:59:59.999000+00:00,64269.83000000,64648.79000000,63758.00000000,64501.52000000,1896.70634000,2026-08-04T23:16:05.102619+00:00
BTCUSDT,2026-07-29T19:59:59.999000+00:00,64501.52000000,64600.00000000,63511.00000000,63589.46000000,1453.05091000,2026-08-04T23:16:05.102657+00:00
BTCUSDT,2026-07-29T20:59:59.999000+00:00,63589.46000000,63746.42000000,63378.09000000,63522.01000000,788.59239000,2026-08-04T23:16:05.102695+00:00
BTCUSDT,2026-07-29T21:59:59.999000+00:00,63522.01000000,63860.00000000,63267.34000000,63860.00000000,771.02443000,2026-08-04T23:16:05.102733+00:00
BTCUSDT,2026-07-29T22:59:59.999000+00:00,63860.00000000,64131.44000000,63859.99000000,63942.50000000,704.70887000,2026-08-04T23:16:05.102771+00:00
BTCUSDT,2026-07-29T23:59:59.999000+00:00,63942.50000000,64067.12000000,63899.00000000,63984.28000000,331.88265000,2026-08-04T23:16:05.102809+00:00
BTCUSDT,2026-07-30T00:59:59.999000+00:00,63984.29000000,64125.61000000,63603.92000000,63696.72000000,649.94769000,2026-08-04T23:16:05.102848+00:00
BTCUSDT,2026-07-30T01:59:59.999000+00:00,63696.73000000,64370.00000000,63690.00000000,64266.00000000,686.07285000,2026-08-04T23:16:05.102886+00:00
BTCUSDT,2026-07-30T02:59:59.999000+00:00,64266.01000000,64411.76000000,64159.63000000,64189.99000000,575.17340000,2026-08-04T23:16:05.102947+00:00
BTCUSDT,2026-07-30T03:59:59.999000+00:00,64190.00000000,64300.91000000,64133.99000000,64161.98000000,422.82640000,2026-08-04T23:16:05.102985+00:00
BTCUSDT,2026-07-30T04:59:59.999000+00:00,64161.98000000,64180.00000000,64008.50000000,64023.99000000,927.45873000,2026-08-04T23:16:05.103023+00:00
BTCUSDT,2026-07-30T05:59:59.999000+00:00,64024.00000000,64182.00000000,63907.85000000,64033.89000000,766.12333000,2026-08-04T23:16:05.103061+00:00
BTCUSDT,2026-07-30T06:59:59.999000+00:00,64033.90000000,64080.00000000,63957.20000000,64002.00000000,642.99866000,2026-08-04T23:16:05.103099+00:00
BTCUSDT,2026-07-30T07:59:59.999000+00:00,64001.99000000,64144.06000000,63943.29000000,64026.00000000,710.04842000,2026-08-04T23:16:05.103137+00:00
BTCUSDT,2026-07-30T08:59:59.999000+00:00,64026.00000000,64358.99000000,63980.54000000,64308.01000000,1143.21426000,2026-08-04T23:16:05.103175+00:00
BTCUSDT,2026-07-30T09:59:59.999000+00:00,64308.01000000,64641.37000000,64283.80000000,64567.56000000,2560.14823000,2026-08-04T23:16:05.103214+00:00
BTCUSDT,2026-07-30T10:59:59.999000+00:00,64567.55000000,64631.99000000,64562.00000000,64570.72000000,459.04462000,2026-08-04T23:16:05.103252+00:00
BTCUSDT,2026-07-30T11:59:59.999000+00:00,64570.72000000,64885.18000000,64542.73000000,64788.00000000,630.38864000,2026-08-04T23:16:05.103289+00:00
BTCUSDT,2026-07-30T12:59:59.999000+00:00,64788.01000000,65043.94000000,64788.00000000,64925.00000000,819.62205000,2026-08-04T23:16:05.103327+00:00
BTCUSDT,2026-07-30T13:59:59.999000+00:00,64925.00000000,65176.60000000,64689.02000000,65022.01000000,1173.19736000,2026-08-04T23:16:05.103365+00:00
BTCUSDT,2026-07-30T14:59:59.999000+00:00,65022.00000000,65042.00000000,64620.00000000,64683.97000000,1065.79722000,2026-08-04T23:16:05.103403+00:00
BTCUSDT,2026-07-30T15:59:59.999000+00:00,64683.97000000,64888.00000000,64607.31000000,64730.30000000,678.51535000,2026-08-04T23:16:05.103442+00:00
BTCUSDT,2026-07-30T16:59:59.999000+00:00,64730.29000000,64963.64000000,64729.56000000,64818.01000000,615.24584000,2026-08-04T23:16:05.103480+00:00
BTCUSDT,2026-07-30T17:59:59.999000+00:00,64818.01000000,64988.00000000,64772.00000000,64872.00000000,452.46770000,2026-08-04T23:16:05.103518+00:00
BTCUSDT,2026-07-30T18:59:59.999000+00:00,64871.99000000,64899.80000000,64688.00000000,64702.80000000,263.98820000,2026-08-04T23:16:05.103556+00:00
BTCUSDT,2026-07-30T19:59:59.999000+00:00,64702.80000000,64904.00000000,64702.79000000,64800.00000000,356.88836000,2026-08-04T23:16:05.103594+00:00
BTCUSDT,2026-07-30T20:59:59.999000+00:00,64800.00000000,64936.00000000,64752.12000000,64777.37000000,330.42092000,2026-08-04T23:16:05.103634+00:00
BTCUSDT,2026-07-30T21:59:59.999000+00:00,64777.38000000,64802.48000000,64700.34000000,64735.53000000,227.76045000,2026-08-04T23:16:05.103672+00:00
BTCUSDT,2026-07-30T22:59:59.999000+00:00,64735.53000000,65029.29000000,64668.91000000,64851.16000000,482.45748000,2026-08-04T23:16:05.103710+00:00
BTCUSDT,2026-07-30T23:59:59.999000+00:00,64851.16000000,65086.40000000,64740.00000000,64780.02000000,491.77870000,2026-08-04T23:16:05.103747+00:00
BTCUSDT,2026-07-31T00:59:59.999000+00:00,64780.03000000,64901.55000000,64690.29000000,64724.91000000,660.43090000,2026-08-04T23:16:05.103786+00:00
BTCUSDT,2026-07-31T01:59:59.999000+00:00,64724.92000000,65409.56000000,64480.44000000,64564.01000000,1217.00276000,2026-08-04T23:16:05.103823+00:00
BTCUSDT,2026-07-31T02:59:59.999000+00:00,64564.00000000,64614.00000000,64203.58000000,64297.79000000,855.65776000,2026-08-04T23:16:05.103862+00:00
BTCUSDT,2026-07-31T03:59:59.999000+00:00,64297.79000000,64439.81000000,64172.00000000,64370.00000000,548.04563000,2026-08-04T23:16:05.103900+00:00
BTCUSDT,2026-07-31T04:59:59.999000+00:00,64370.00000000,64438.00000000,64236.00000000,64300.00000000,391.13431000,2026-08-04T23:16:05.103938+00:00
BTCUSDT,2026-07-31T05:59:59.999000+00:00,64299.99000000,64421.68000000,64268.47000000,64363.06000000,529.40293000,2026-08-04T23:16:05.103996+00:00
BTCUSDT,2026-07-31T06:59:59.999000+00:00,64363.06000000,64496.64000000,64196.08000000,64231.97000000,503.77566000,2026-08-04T23:16:05.104036+00:00
BTCUSDT,2026-07-31T07:59:59.999000+00:00,64231.97000000,64245.57000000,63878.11000000,63950.01000000,3088.95651000,2026-08-04T23:16:05.104076+00:00
BTCUSDT,2026-07-31T08:59:59.999000+00:00,63950.01000000,63987.36000000,63784.67000000,63834.01000000,734.18718000,2026-08-04T23:16:05.104115+00:00
BTCUSDT,2026-07-31T09:59:59.999000+00:00,63834.01000000,63847.13000000,63638.18000000,63715.90000000,562.33026000,2026-08-04T23:16:05.104154+00:00
BTCUSDT,2026-07-31T10:59:59.999000+00:00,63715.91000000,63951.77000000,63610.00000000,63918.67000000,422.39058000,2026-08-04T23:16:05.104194+00:00
BTCUSDT,2026-07-31T11:59:59.999000+00:00,63918.68000000,64011.99000000,63792.01000000,63805.51000000,287.14604000,2026-08-04T23:16:05.104233+00:00
BTCUSDT,2026-07-31T12:59:59.999000+00:00,63805.50000000,63830.62000000,63627.66000000,63754.01000000,516.25828000,2026-08-04T23:16:05.104273+00:00
BTCUSDT,2026-07-31T13:59:59.999000+00:00,63754.01000000,63849.19000000,63241.71000000,63270.73000000,1511.53534000,2026-08-04T23:16:05.104312+00:00
BTCUSDT,2026-07-31T14:59:59.999000+00:00,63270.72000000,63310.00000000,62466.00000000,62682.06000000,3628.40429000,2026-08-04T23:16:05.104352+00:00
BTCUSDT,2026-07-31T15:59:59.999000+00:00,62682.05000000,62769.36000000,62490.24000000,62716.57000000,965.95557000,2026-08-04T23:16:05.104391+00:00
BTCUSDT,2026-07-31T16:59:59.999000+00:00,62716.57000000,62931.79000000,62709.01000000,62870.88000000,857.24803000,2026-08-04T23:16:05.104434+00:00
BTCUSDT,2026-07-31T17:59:59.999000+00:00,62870.87000000,63301.68000000,62800.00000000,63245.44000000,856.72938000,2026-08-04T23:16:05.104476+00:00
BTCUSDT,2026-07-31T18:59:59.999000+00:00,63245.44000000,63302.00000000,62966.00000000,63097.57000000,753.45664000,2026-08-04T23:16:05.104516+00:00
BTCUSDT,2026-07-31T19:59:59.999000+00:00,63097.57000000,63158.00000000,62936.29000000,62972.00000000,304.88916000,2026-08-04T23:16:05.104555+00:00
BTCUSDT,2026-07-31T20:59:59.999000+00:00,62972.00000000,63034.00000000,62928.35000000,62953.70000000,318.42027000,2026-08-04T23:16:05.104595+00:00
BTCUSDT,2026-07-31T21:59:59.999000+00:00,62953.70000000,63062.47000000,62846.00000000,62947.78000000,334.75985000,2026-08-04T23:16:05.104634+00:00
BTCUSDT,2026-07-31T22:59:59.999000+00:00,62947.77000000,63020.00000000,62870.01000000,62950.00000000,440.99494000,2026-08-04T23:16:05.104674+00:00
BTCUSDT,2026-07-31T23:59:59.999000+00:00,62950.01000000,63013.52000000,62860.64000000,62887.88000000,186.49459000,2026-08-04T23:16:05.104713+00:00
BTCUSDT,2026-08-01T00:59:59.999000+00:00,62887.88000000,63024.04000000,62887.87000000,62938.01000000,517.26897000,2026-08-04T23:16:05.104753+00:00
BTCUSDT,2026-08-01T01:59:59.999000+00:00,62938.01000000,62990.00000000,62923.47000000,62975.01000000,386.71985000,2026-08-04T23:16:05.104792+00:00
BTCUSDT,2026-08-01T02:59:59.999000+00:00,62975.00000000,63106.55000000,62975.00000000,63075.07000000,348.67082000,2026-08-04T23:16:05.104832+00:00
BTCUSDT,2026-08-01T03:59:59.999000+00:00,63075.08000000,63075.08000000,62970.65000000,63004.48000000,388.95582000,2026-08-04T23:16:05.104872+00:00
BTCUSDT,2026-08-01T04:59:59.999000+00:00,63004.47000000,63115.37000000,62993.20000000,63115.01000000,223.92941000,2026-08-04T23:16:05.104911+00:00
BTCUSDT,2026-08-01T05:59:59.999000+00:00,63115.00000000,63142.85000000,63000.85000000,63020.00000000,458.27671000,2026-08-04T23:16:05.104950+00:00
BTCUSDT,2026-08-01T06:59:59.999000+00:00,63020.00000000,63086.65000000,62992.82000000,63080.64000000,434.87477000,2026-08-04T23:16:05.104990+00:00
BTCUSDT,2026-08-01T07:59:59.999000+00:00,63080.65000000,63110.89000000,63034.00000000,63050.46000000,150.69173000,2026-08-04T23:16:05.105029+00:00
BTCUSDT,2026-08-01T08:59:59.999000+00:00,63050.45000000,63150.00000000,63050.45000000,63126.25000000,106.02817000,2026-08-04T23:16:05.105069+00:00
BTCUSDT,2026-08-01T09:59:59.999000+00:00,63126.25000000,63139.54000000,63046.33000000,63053.17000000,228.45152000,2026-08-04T23:16:05.105135+00:00
BTCUSDT,2026-08-01T10:59:59.999000+00:00,63053.17000000,63111.09000000,62986.31000000,63056.00000000,321.04349000,2026-08-04T23:16:05.105175+00:00
BTCUSDT,2026-08-01T11:59:59.999000+00:00,63055.99000000,63091.97000000,63037.72000000,63076.00000000,179.08594000,2026-08-04T23:16:05.105214+00:00
BTCUSDT,2026-08-01T12:59:59.999000+00:00,63076.00000000,63119.40000000,63076.00000000,63103.68000000,320.18632000,2026-08-04T23:16:05.105254+00:00
BTCUSDT,2026-08-01T13:59:59.999000+00:00,63103.68000000,63106.83000000,63051.00000000,63069.32000000,187.46878000,2026-08-04T23:16:05.105294+00:00
BTCUSDT,2026-08-01T14:59:59.999000+00:00,63069.31000000,63127.07000000,63069.31000000,63126.52000000,385.79335000,2026-08-04T23:16:05.105333+00:00
BTCUSDT,2026-08-01T15:59:59.999000+00:00,63126.53000000,63126.53000000,63007.05000000,63007.06000000,164.42533000,2026-08-04T23:16:05.105374+00:00
BTCUSDT,2026-08-01T16:59:59.999000+00:00,63007.06000000,63027.65000000,62874.00000000,62932.32000000,327.87182000,2026-08-04T23:16:05.105415+00:00
BTCUSDT,2026-08-01T17:59:59.999000+00:00,62932.32000000,62996.00000000,62666.00000000,62708.07000000,359.17517000,2026-08-04T23:16:05.105457+00:00
BTCUSDT,2026-08-01T18:59:59.999000+00:00,62708.06000000,62734.00000000,62275.00000000,62580.56000000,931.42897000,2026-08-04T23:16:05.105497+00:00
BTCUSDT,2026-08-01T19:59:59.999000+00:00,62580.55000000,62624.00000000,62461.17000000,62529.82000000,312.52626000,2026-08-04T23:16:05.105538+00:00
BTCUSDT,2026-08-01T20:59:59.999000+00:00,62529.81000000,62674.98000000,62482.99000000,62662.13000000,183.46966000,2026-08-04T23:16:05.105580+00:00
BTCUSDT,2026-08-01T21:59:59.999000+00:00,62662.14000000,62864.00000000,62662.13000000,62812.75000000,229.38386000,2026-08-04T23:16:05.105621+00:00
BTCUSDT,2026-08-01T22:59:59.999000+00:00,62812.76000000,62866.62000000,62794.17000000,62831.28000000,129.54917000,2026-08-04T23:16:05.105662+00:00
BTCUSDT,2026-08-01T23:59:59.999000+00:00,62831.29000000,62862.80000000,62769.97000000,62823.64000000,287.81315000,2026-08-04T23:16:05.105702+00:00
BTCUSDT,2026-08-02T00:59:59.999000+00:00,62823.65000000,62979.99000000,62806.58000000,62833.99000000,397.27424000,2026-08-04T23:16:05.105744+00:00
BTCUSDT,2026-08-02T01:59:59.999000+00:00,62834.00000000,63088.00000000,62834.00000000,62981.87000000,215.77694000,2026-08-04T23:16:05.105785+00:00
BTCUSDT,2026-08-02T02:59:59.999000+00:00,62981.87000000,63547.70000000,62958.54000000,63451.58000000,1068.41906000,2026-08-04T23:16:05.105826+00:00
BTCUSDT,2026-08-02T03:59:59.999000+00:00,63451.58000000,63550.00000000,63380.00000000,63461.95000000,388.55462000,2026-08-04T23:16:05.105865+00:00
BTCUSDT,2026-08-02T04:59:59.999000+00:00,63461.95000000,63612.00000000,63461.95000000,63590.00000000,302.37117000,2026-08-04T23:16:05.105904+00:00
BTCUSDT,2026-08-02T05:59:59.999000+00:00,63590.00000000,63634.00000000,63415.26000000,63453.27000000,261.31562000,2026-08-04T23:16:05.105944+00:00
BTCUSDT,2026-08-02T06:59:59.999000+00:00,63453.27000000,63498.15000000,63435.99000000,63482.49000000,160.39885000,2026-08-04T23:16:05.105983+00:00
BTCUSDT,2026-08-02T07:59:59.999000+00:00,63482.49000000,63544.51000000,63480.00000000,63506.24000000,412.11258000,2026-08-04T23:16:05.106022+00:00
BTCUSDT,2026-08-02T08:59:59.999000+00:00,63506.23000000,63530.00000000,63172.00000000,63193.99000000,542.79786000,2026-08-04T23:16:05.106062+00:00
BTCUSDT,2026-08-02T09:59:59.999000+00:00,63194.00000000,63320.00000000,63094.00000000,63273.94000000,277.11141000,2026-08-04T23:16:05.106101+00:00
BTCUSDT,2026-08-02T10:59:59.999000+00:00,63273.94000000,63273.94000000,63125.06000000,63205.03000000,200.27510000,2026-08-04T23:16:05.106141+00:00
BTCUSDT,2026-08-02T11:59:59.999000+00:00,63205.03000000,63206.00000000,62982.38000000,63031.99000000,373.06149000,2026-08-04T23:16:05.106180+00:00
BTCUSDT,2026-08-02T12:59:59.999000+00:00,63031.99000000,63231.67000000,63031.99000000,63125.49000000,247.99863000,2026-08-04T23:16:05.106219+00:00
BTCUSDT,2026-08-02T13:59:59.999000+00:00,63125.49000000,63146.89000000,63010.00000000,63126.92000000,262.12825000,2026-08-04T23:16:05.106288+00:00
BTCUSDT,2026-08-02T14:59:59.999000+00:00,63126.92000000,63186.00000000,63062.00000000,63069.37000000,314.22912000,2026-08-04T23:16:05.106326+00:00
BTCUSDT,2026-08-02T15:59:59.999000+00:00,63069.37000000,63186.00000000,63050.00000000,63109.14000000,191.05332000,2026-08-04T23:16:05.106364+00:00
BTCUSDT,2026-08-02T16:59:59.999000+00:00,63109.13000000,63273.49000000,63064.01000000,63180.36000000,267.96361000,2026-08-04T23:16:05.106402+00:00
BTCUSDT,2026-08-02T17:59:59.999000+00:00,63180.36000000,63342.00000000,63152.00000000,63300.28000000,318.39177000,2026-08-04T23:16:05.106439+00:00
BTCUSDT,2026-08-02T18:59:59.999000+00:00,63300.00000000,63610.01000000,63290.00000000,63382.01000000,518.81545000,2026-08-04T23:16:05.106477+00:00
BTCUSDT,2026-08-02T19:59:59.999000+00:00,63382.01000000,63479.85000000,63323.89000000,63456.01000000,247.35839000,2026-08-04T23:16:05.106515+00:00
BTCUSDT,2026-08-02T20:59:59.999000+00:00,63456.00000000,63501.48000000,63404.69000000,63494.52000000,140.51262000,2026-08-04T23:16:05.106553+00:00
BTCUSDT,2026-08-02T21:59:59.999000+00:00,63494.51000000,63785.00000000,63479.45000000,63578.00000000,457.27756000,2026-08-04T23:16:05.106590+00:00
BTCUSDT,2026-08-02T22:59:59.999000+00:00,63578.01000000,63796.33000000,63376.71000000,63424.58000000,484.14090000,2026-08-04T23:16:05.106628+00:00
BTCUSDT,2026-08-02T23:59:59.999000+00:00,63424.58000000,63596.00000000,63344.00000000,63570.00000000,337.67298000,2026-08-04T23:16:05.106665+00:00
BTCUSDT,2026-08-03T00:59:59.999000+00:00,63570.01000000,63596.00000000,63208.30000000,63317.60000000,357.32342000,2026-08-04T23:16:05.106703+00:00
BTCUSDT,2026-08-03T01:59:59.999000+00:00,63317.61000000,63350.00000000,63111.10000000,63212.16000000,372.31318000,2026-08-04T23:16:05.106740+00:00
BTCUSDT,2026-08-03T02:59:59.999000+00:00,63212.16000000,63286.00000000,63100.00000000,63141.40000000,334.18959000,2026-08-04T23:16:05.106778+00:00
BTCUSDT,2026-08-03T03:59:59.999000+00:00,63141.39000000,63168.44000000,62786.04000000,62870.49000000,516.46423000,2026-08-04T23:16:05.106816+00:00
BTCUSDT,2026-08-03T04:59:59.999000+00:00,62870.48000000,63001.77000000,62770.37000000,62790.00000000,320.41763000,2026-08-04T23:16:05.106853+00:00
BTCUSDT,2026-08-03T05:59:59.999000+00:00,62790.00000000,62875.02000000,62751.30000000,62827.17000000,546.69206000,2026-08-04T23:16:05.106891+00:00
BTCUSDT,2026-08-03T06:59:59.999000+00:00,62827.17000000,62872.58000000,62613.00000000,62623.60000000,396.31841000,2026-08-04T23:16:05.106929+00:00
BTCUSDT,2026-08-03T07:59:59.999000+00:00,62623.60000000,62700.00000000,62552.04000000,62621.10000000,1264.72827000,2026-08-04T23:16:05.106966+00:00
BTCUSDT,2026-08-03T08:59:59.999000+00:00,62621.10000000,62647.69000000,62300.00000000,62541.50000000,657.33122000,2026-08-04T23:16:05.107005+00:00
BTCUSDT,2026-08-03T09:59:59.999000+00:00,62541.50000000,62863.10000000,62520.00000000,62837.40000000,585.41075000,2026-08-04T23:16:05.107042+00:00
BTCUSDT,2026-08-03T10:59:59.999000+00:00,62837.40000000,62860.00000000,62615.11000000,62742.01000000,443.80935000,2026-08-04T23:16:05.107080+00:00
BTCUSDT,2026-08-03T11:59:59.999000+00:00,62742.01000000,62778.92000000,62540.95000000,62560.01000000,282.26451000,2026-08-04T23:16:05.107118+00:00
BTCUSDT,2026-08-03T12:59:59.999000+00:00,62560.01000000,62799.30000000,62445.26000000,62700.00000000,437.23263000,2026-08-04T23:16:05.107155+00:00
BTCUSDT,2026-08-03T13:59:59.999000+00:00,62700.01000000,63390.00000000,62562.42000000,63351.09000000,1121.39133000,2026-08-04T23:16:05.107193+00:00
BTCUSDT,2026-08-03T14:59:59.999000+00:00,63351.09000000,63992.71000000,63136.00000000,63967.19000000,2387.82383000,2026-08-04T23:16:05.107230+00:00
BTCUSDT,2026-08-03T15:59:59.999000+00:00,63967.19000000,63989.75000000,63646.59000000,63694.91000000,1368.53804000,2026-08-04T23:16:05.107268+00:00
BTCUSDT,2026-08-03T16:59:59.999000+00:00,63694.90000000,63939.99000000,63664.00000000,63776.46000000,800.07950000,2026-08-04T23:16:05.107305+00:00
BTCUSDT,2026-08-03T17:59:59.999000+00:00,63776.46000000,64059.75000000,63714.55000000,63906.00000000,628.10660000,2026-08-04T23:16:05.107366+00:00
BTCUSDT,2026-08-03T18:59:59.999000+00:00,63905.99000000,64000.00000000,63768.00000000,63870.87000000,368.04477000,2026-08-04T23:16:05.107406+00:00
BTCUSDT,2026-08-03T19:59:59.999000+00:00,63870.87000000,64080.00000000,63846.00000000,63869.38000000,545.18183000,2026-08-04T23:16:05.107446+00:00
BTCUSDT,2026-08-03T20:59:59.999000+00:00,63869.38000000,64023.61000000,63769.92000000,63775.43000000,498.99360000,2026-08-04T23:16:05.107485+00:00
BTCUSDT,2026-08-03T21:59:59.999000+00:00,63775.43000000,63791.98000000,63548.00000000,63590.15000000,427.95014000,2026-08-04T23:16:05.107525+00:00
BTCUSDT,2026-08-03T22:59:59.999000+00:00,63590.15000000,63680.00000000,63392.01000000,63618.00000000,422.48287000,2026-08-04T23:16:05.107564+00:00
BTCUSDT,2026-08-03T23:59:59.999000+00:00,63618.01000000,63621.35000000,63465.43000000,63520.00000000,460.20967000,2026-08-04T23:16:05.107604+00:00
BTCUSDT,2026-08-04T00:59:59.999000+00:00,63520.00000000,63585.09000000,63322.01000000,63361.99000000,536.23408000,2026-08-04T23:16:05.107644+00:00
BTCUSDT,2026-08-04T01:59:59.999000+00:00,63362.00000000,63927.99000000,63361.99000000,63847.93000000,808.63269000,2026-08-04T23:16:05.107683+00:00
BTCUSDT,2026-08-04T02:59:59.999000+00:00,63847.92000000,63972.00000000,63686.44000000,63822.44000000,596.20908000,2026-08-04T23:16:05.107722+00:00
BTCUSDT,2026-08-04T03:59:59.999000+00:00,63822.45000000,63860.00000000,63649.00000000,63800.01000000,343.13285000,2026-08-04T23:16:05.107762+00:00
BTCUSDT,2026-08-04T04:59:59.999000+00:00,63800.01000000,64243.81000000,63762.00000000,64029.00000000,795.09044000,2026-08-04T23:16:05.107802+00:00
BTCUSDT,2026-08-04T05:59:59.999000+00:00,64029.01000000,64056.00000000,63788.23000000,63818.48000000,306.74636000,2026-08-04T23:16:05.107841+00:00
BTCUSDT,2026-08-04T06:59:59.999000+00:00,63818.47000000,63859.71000000,63654.16000000,63670.00000000,321.82249000,2026-08-04T23:16:05.107881+00:00
BTCUSDT,2026-08-04T07:59:59.999000+00:00,63670.00000000,63763.63000000,63506.78000000,63685.74000000,779.79552000,2026-08-04T23:16:05.107920+00:00
BTCUSDT,2026-08-04T08:59:59.999000+00:00,63685.73000000,63748.22000000,63564.99000000,63588.94000000,412.14854000,2026-08-04T23:16:05.107960+00:00
BTCUSDT,2026-08-04T09:59:59.999000+00:00,63589.04000000,63610.00000000,63516.43000000,63603.73000000,356.68509000,2026-08-04T23:16:05.108001+00:00
BTCUSDT,2026-08-04T10:59:59.999000+00:00,63603.73000000,63842.00000000,63451.80000000,63764.00000000,613.83340000,2026-08-04T23:16:05.108044+00:00
BTCUSDT,2026-08-04T11:59:59.999000+00:00,63763.99000000,63950.00000000,63712.00000000,63926.00000000,457.77198000,2026-08-04T23:16:05.108087+00:00
BTCUSDT,2026-08-04T12:59:59.999000+00:00,63926.00000000,64062.46000000,63788.00000000,63906.41000000,546.54537000,2026-08-04T23:16:05.108128+00:00
BTCUSDT,2026-08-04T13:59:59.999000+00:00,63906.41000000,64097.74000000,63656.00000000,63683.94000000,1052.90355000,2026-08-04T23:16:05.108168+00:00
BTCUSDT,2026-08-04T14:59:59.999000+00:00,63683.95000000,64193.54000000,63615.38000000,64128.72000000,879.92592000,2026-08-04T23:16:05.108210+00:00
BTCUSDT,2026-08-04T15:59:59.999000+00:00,64128.73000000,64238.00000000,63814.29000000,64125.14000000,876.11780000,2026-08-04T23:16:05.108251+00:00
BTCUSDT,2026-08-04T16:59:59.999000+00:00,64125.14000000,64130.00000000,63897.22000000,63950.93000000,546.40306000,2026-08-04T23:16:05.108292+00:00
BTCUSDT,2026-08-04T17:59:59.999000+00:00,63950.94000000,64184.00000000,63892.00000000,63972.09000000,719.77508000,2026-08-04T23:16:05.108333+00:00
BTCUSDT,2026-08-04T18:59:59.999000+00:00,63972.09000000,64400.00000000,63965.73000000,64305.99000000,693.34672000,2026-08-04T23:16:05.108374+00:00
BTCUSDT,2026-08-04T19:59:59.999000+00:00,64305.99000000,64413.21000000,64193.57000000,64233.36000000,534.82384000,2026-08-04T23:16:05.108415+00:00
BTCUSDT,2026-08-04T20:59:59.999000+00:00,64233.35000000,64420.00000000,64001.68000000,64341.00000000,558.35238000,2026-08-04T23:16:05.108455+00:00
BTCUSDT,2026-08-04T21:59:59.999000+00:00,64341.00000000,64341.99000000,64175.52000000,64194.00000000,220.73608000,2026-08-04T23:16:05.108514+00:00
BTCUSDT,2026-08-04T22:59:59.999000+00:00,64193.99000000,64293.91000000,64140.00000000,64270.61000000,181.53234000,2026-08-04T23:16:05.108554+00:00
BTCUSDT,2026-08-04T23:59:59.999000+00:00,64270.62000000,64493.54000000,64213.31000000,64493.50000000,160.01098000,2026-08-04T23:16:05.108594+00:00
ETHUSDT,2026-06-24T08:59:59.999000+00:00,1673.13000000,1675.20000000,1669.23000000,1673.28000000,5571.62040000,2026-08-04T23:16:05.110382+00:00
ETHUSDT,2026-06-24T09:59:59.999000+00:00,1673.28000000,1673.38000000,1665.29000000,1667.15000000,6153.86320000,2026-08-04T23:16:05.110442+00:00
ETHUSDT,2026-06-24T10:59:59.999000+00:00,1667.14000000,1668.00000000,1662.88000000,1663.69000000,7390.63950000,2026-08-04T23:16:05.110486+00:00
ETHUSDT,2026-06-24T11:59:59.999000+00:00,1663.68000000,1693.67000000,1655.76000000,1679.57000000,14579.93120000,2026-08-04T23:16:05.110532+00:00
ETHUSDT,2026-06-24T12:59:59.999000+00:00,1679.57000000,1681.29000000,1670.52000000,1671.53000000,8195.69480000,2026-08-04T23:16:05.110574+00:00
ETHUSDT,2026-06-24T13:59:59.999000+00:00,1671.53000000,1672.17000000,1641.44000000,1645.43000000,27387.75470000,2026-08-04T23:16:05.110615+00:00
ETHUSDT,2026-06-24T14:59:59.999000+00:00,1645.42000000,1657.40000000,1638.14000000,1647.26000000,23273.28980000,2026-08-04T23:16:05.110659+00:00
ETHUSDT,2026-06-24T15:59:59.999000+00:00,1647.27000000,1651.24000000,1616.80000000,1618.08000000,29543.95690000,2026-08-04T23:16:05.110700+00:00
ETHUSDT,2026-06-24T16:59:59.999000+00:00,1618.08000000,1636.08000000,1585.20000000,1589.87000000,48596.78810000,2026-08-04T23:16:05.110741+00:00
ETHUSDT,2026-06-24T17:59:59.999000+00:00,1589.86000000,1597.83000000,1552.95000000,1560.66000000,44350.58320000,2026-08-04T23:16:05.110781+00:00
ETHUSDT,2026-06-24T18:59:59.999000+00:00,1560.66000000,1585.11000000,1556.86000000,1572.26000000,27727.02150000,2026-08-04T23:16:05.110821+00:00
ETHUSDT,2026-06-24T19:59:59.999000+00:00,1572.27000000,1585.39000000,1567.12000000,1584.58000000,14632.35020000,2026-08-04T23:16:05.110908+00:00
ETHUSDT,2026-06-24T20:59:59.999000+00:00,1584.59000000,1622.12000000,1580.00000000,1613.63000000,23963.58710000,2026-08-04T23:16:05.110965+00:00
ETHUSDT,2026-06-24T21:59:59.999000+00:00,1613.63000000,1621.81000000,1606.09000000,1621.37000000,10321.27570000,2026-08-04T23:16:05.111015+00:00
ETHUSDT,2026-06-24T22:59:59.999000+00:00,1621.37000000,1629.82000000,1613.65000000,1615.46000000,11234.91870000,2026-08-04T23:16:05.111063+00:00
ETHUSDT,2026-06-24T23:59:59.999000+00:00,1615.45000000,1623.46000000,1613.75000000,1622.17000000,6010.06150000,2026-08-04T23:16:05.111110+00:00
ETHUSDT,2026-06-25T00:59:59.999000+00:00,1622.18000000,1626.51000000,1616.56000000,1619.12000000,10082.82770000,2026-08-04T23:16:05.111157+00:00
ETHUSDT,2026-06-25T01:59:59.999000+00:00,1619.12000000,1624.24000000,1614.69000000,1620.72000000,5059.82550000,2026-08-04T23:16:05.111203+00:00
ETHUSDT,2026-06-25T02:59:59.999000+00:00,1620.73000000,1621.47000000,1615.04000000,1621.00000000,3603.67970000,2026-08-04T23:16:05.111247+00:00
ETHUSDT,2026-06-25T03:59:59.999000+00:00,1621.01000000,1624.12000000,1616.23000000,1619.60000000,5190.76250000,2026-08-04T23:16:05.111290+00:00
ETHUSDT,2026-06-25T04:59:59.999000+00:00,1619.61000000,1636.52000000,1617.12000000,1635.03000000,10616.03130000,2026-08-04T23:16:05.111334+00:00
ETHUSDT,2026-06-25T05:59:59.999000+00:00,1635.04000000,1652.23000000,1633.58000000,1645.89000000,29374.74630000,2026-08-04T23:16:05.111377+00:00
ETHUSDT,2026-06-25T06:59:59.999000+00:00,1645.89000000,1660.54000000,1644.15000000,1653.95000000,13089.77780000,2026-08-04T23:16:05.111422+00:00
ETHUSDT,2026-06-25T07:59:59.999000+00:00,1653.95000000,1659.89000000,1651.22000000,1657.19000000,10508.24790000,2026-08-04T23:16:05.111467+00:00
ETHUSDT,2026-06-25T08:59:59.999000+00:00,1657.20000000,1658.98000000,1651.03000000,1652.92000000,5137.72570000,2026-08-04T23:16:05.111511+00:00
ETHUSDT,2026-06-25T09:59:59.999000+00:00,1652.93000000,1655.41000000,1646.62000000,1648.88000000,5291.91710000,2026-08-04T23:16:05.111581+00:00
ETHUSDT,2026-06-25T10:59:59.999000+00:00,1648.89000000,1649.83000000,1633.60000000,1636.58000000,12280.27740000,2026-08-04T23:16:05.111626+00:00
ETHUSDT,2026-06-25T11:59:59.999000+00:00,1636.58000000,1639.17000000,1628.05000000,1633.27000000,21315.38000000,2026-08-04T23:16:05.111671+00:00
ETHUSDT,2026-06-25T12:59:59.999000+00:00,1633.28000000,1650.38000000,1624.71000000,1635.81000000,14082.14110000,2026-08-04T23:16:05.111716+00:00
ETHUSDT,2026-06-25T13:59:59.999000+00:00,1635.82000000,1640.98000000,1532.90000000,1538.15000000,69978.66100000,2026-08-04T23:16:05.111761+00:00
ETHUSDT,2026-06-25T14:59:59.999000+00:00,1538.15000000,1593.07000000,1538.15000000,1568.37000000,74239.25850000,2026-08-04T23:16:05.111806+00:00
ETHUSDT,2026-06-25T15:59:59.999000+00:00,1568.37000000,1573.55000000,1544.68000000,1570.01000000,40193.96890000,2026-08-04T23:16:05.111851+00:00
ETHUSDT,2026-06-25T16:59:59.999000+00:00,1570.01000000,1587.70000000,1558.17000000,1562.04000000,27455.60570000,2026-08-04T23:16:05.111893+00:00
ETHUSDT,2026-06-25T17:59:59.999000+00:00,1562.04000000,1575.43000000,1557.56000000,1574.92000000,16173.20730000,2026-08-04T23:16:05.111937+00:00
ETHUSDT,2026-06-25T18:59:59.999000+00:00,1574.92000000,1577.49000000,1560.00000000,1567.56000000,15081.15500000,2026-08-04T23:16:05.111983+00:00
ETHUSDT,2026-06-25T19:59:59.999000+00:00,1567.56000000,1567.83000000,1554.60000000,1559.42000000,11610.44840000,2026-08-04T23:16:05.112027+00:00
ETHUSDT,2026-06-25T20:59:59.999000+00:00,1559.41000000,1570.74000000,1556.73000000,1560.33000000,9081.72740000,2026-08-04T23:16:05.112073+00:00
ETHUSDT,2026-06-25T21:59:59.999000+00:00,1560.33000000,1583.09000000,1560.14000000,1580.77000000,11363.35880000,2026-08-04T23:16:05.112118+00:00
ETHUSDT,2026-06-25T22:59:59.999000+00:00,1580.76000000,1583.65000000,1566.62000000,1570.30000000,10594.80860000,2026-08-04T23:16:05.112163+00:00
ETHUSDT,2026-06-25T23:59:59.999000+00:00,1570.29000000,1579.82000000,1564.57000000,1567.84000000,9265.46540000,2026-08-04T23:16:05.112207+00:00
ETHUSDT,2026-06-26T00:59:59.999000+00:00,1567.86000000,1571.78000000,1563.69000000,1564.72000000,4929.46350000,2026-08-04T23:16:05.112252+00:00
ETHUSDT,2026-06-26T01:59:59.999000+00:00,1564.73000000,1568.65000000,1555.33000000,1560.13000000,7050.36910000,2026-08-04T23:16:05.112296+00:00
ETHUSDT,2026-06-26T02:59:59.999000+00:00,1560.13000000,1560.94000000,1520.00000000,1524.70000000,35180.37390000,2026-08-04T23:16:05.112341+00:00
ETHUSDT,2026-06-26T03:59:59.999000+00:00,1524.70000000,1563.65000000,1512.00000000,1557.93000000,36405.79420000,2026-08-04T23:16:05.112385+00:00
ETHUSDT,2026-06-26T04:59:59.999000+00:00,1557.93000000,1560.70000000,1547.41000000,1549.79000000,8921.68470000,2026-08-04T23:16:05.112430+00:00
ETHUSDT,2026-06-26T05:59:59.999000+00:00,1549.80000000,1559.22000000,1548.40000000,1555.69000000,11399.79600000,2026-08-04T23:16:05.112474+00:00
ETHUSDT,2026-06-26T06:59:59.999000+00:00,1555.68000000,1574.02000000,1543.43000000,1570.99000000,15077.44820000,2026-08-04T23:16:05.112519+00:00
ETHUSDT,2026-06-26T07:59:59.999000+00:00,1571.00000000,1586.50000000,1570.65000000,1581.12000000,33337.55740000,2026-08-04T23:16:05.112563+00:00
ETHUSDT,2026-06-26T08:59:59.999000+00:00,1581.12000000,1582.43000000,1563.55000000,1566.43000000,27853.25570000,2026-08-04T23:16:05.112608+00:00
ETHUSDT,2026-06-26T09:59:59.999000+00:00,1566.44000000,1567.28000000,1549.33000000,1552.99000000,16726.18380000,2026-08-04T23:16:05.112655+00:00
ETHUSDT,2026-06-26T10:59:59.999000+00:00,1552.99000000,1556.15000000,1545.00000000,1548.37000000,10405.97140000,2026-08-04T23:16:05.112699+00:00
ETHUSDT,2026-06-26T11:59:59.999000+00:00,1548.36000000,1555.20000000,1541.01000000,1545.14000000,15853.29160000,2026-08-04T23:16:05.112738+00:00
ETHUSDT,2026-06-26T12:59:59.999000+00:00,1545.15000000,1560.61000000,1527.81000000,1536.28000000,20616.55010000,2026-08-04T23:16:05.112778+00:00
ETHUSDT,2026-06-26T13:59:59.999000+00:00,1536.29000000,1571.40000000,1521.54000000,1569.40000000,35433.13840000,2026-08-04T23:16:05.112848+00:00
ETHUSDT,2026-06-26T14:59:59.999000+00:00,1569.40000000,1575.36000000,1553.66000000,1559.98000000,33128.11140000,2026-08-04T23:16:05.112888+00:00
ETHUSDT,2026-06-26T15:59:59.999000+00:00,1559.98000000,1588.23000000,1559.56000000,1580.14000000,30928.05750000,2026-08-04T23:16:05.112927+00:00
ETHUSDT,2026-06-26T16:59:59.999000+00:00,1580.13000000,1594.70000000,1572.44000000,1577.84000000,19277.14590000,2026-08-04T23:16:05.112964+00:00
ETHUSDT,2026-06-26T17:59:59.999000+00:00,1577.83000000,1589.03000000,1576.59000000,1581.92000000,14613.13950000,2026-08-04T23:16:05.113001+00:00
ETHUSDT,2026-06-26T18:59:59.999000+00:00,1581.91000000,1585.51000000,1570.32000000,1573.34000000,9649.54200000,2026-08-04T23:16:05.113041+00:00
ETHUSDT,2026-06-26T19:59:59.999000+00:00,1573.35000000,1584.20000000,1570.50000000,1574.51000000,10709.88940000,2026-08-04T23:16:05.113078+00:00
ETHUSDT,2026-06-26T20:59:59.999000+00:00,1574.51000000,1583.40000000,1568.00000000,1571.03000000,12801.70660000,2026-08-04T23:16:05.113114+00:00
ETHUSDT,2026-06-26T21:59:59.999000+00:00,1571.02000000,1579.40000000,1568.43000000,1575.18000000,5129.51890000,2026-08-04T23:16:05.113150+00:00
ETHUSDT,2026-06-26T22:59:59.999000+00:00,1575.17000000,1579.45000000,1569.44000000,1577.95000000,4444.57290000,2026-08-04T23:16:05.113190+00:00
ETHUSDT,2026-06-26T23:59:59.999000+00:00,1577.94000000,1580.76000000,1574.44000000,1578.68000000,3818.87720000,2026-08-04T23:16:05.113229+00:00
ETHUSDT,2026-06-27T00:59:59.999000+00:00,1578.68000000,1582.07000000,1571.55000000,1576.82000000,3878.24380000,2026-08-04T23:16:05.113269+00:00
ETHUSDT,2026-06-27T01:59:59.999000+00:00,1576.83000000,1577.70000000,1574.00000000,1576.01000000,1579.79640000,2026-08-04T23:16:05.113308+00:00
ETHUSDT,2026-06-27T02:59:59.999000+00:00,1576.00000000,1587.17000000,1574.64000000,1583.13000000,5372.92760000,2026-08-04T23:16:05.113349+00:00
ETHUSDT,2026-06-27T03:59:59.999000+00:00,1583.13000000,1585.09000000,1578.41000000,1580.62000000,8297.57490000,2026-08-04T23:16:05.113388+00:00
ETHUSDT,2026-06-27T04:59:59.999000+00:00,1580.62000000,1585.22000000,1579.00000000,1579.48000000,3722.08110000,2026-08-04T23:16:05.113427+00:00
ETHUSDT,2026-06-27T05:59:59.999000+00:00,1579.48000000,1581.12000000,1577.00000000,1578.65000000,4219.36900000,2026-08-04T23:16:05.113466+00:00
ETHUSDT,2026-06-27T06:59:59.999000+00:00,1578.66000000,1584.61000000,1575.20000000,1582.71000000,3621.24670000,2026-08-04T23:16:05.113505+00:00
ETHUSDT,2026-06-27T07:59:59.999000+00:00,1582.71000000,1586.38000000,1580.39000000,1585.71000000,3657.58860000,2026-08-04T23:16:05.113544+00:00
ETHUSDT,2026-06-27T08:59:59.999000+00:00,1585.72000000,1585.95000000,1582.05000000,1584.18000000,5115.61150000,2026-08-04T23:16:05.113583+00:00
ETHUSDT,2026-06-27T09:59:59.999000+00:00,1584.18000000,1584.91000000,1579.39000000,1582.93000000,3278.63790000,2026-08-04T23:16:05.113622+00:00
ETHUSDT,2026-06-27T10:59:59.999000+00:00,1582.93000000,1584.97000000,1582.18000000,1584.31000000,2292.32540000,2026-08-04T23:16:05.113661+00:00
ETHUSDT,2026-06-27T11:59:59.999000+00:00,1584.31000000,1585.12000000,1579.00000000,1584.00000000,2769.01680000,2026-08-04T23:16:05.113700+00:00
ETHUSDT,2026-06-27T12:59:59.999000+00:00,1584.00000000,1586.49000000,1581.42000000,1585.95000000,3471.42360000,2026-08-04T23:16:05.113739+00:00
ETHUSDT,2026-06-27T13:59:59.999000+00:00,1585.95000000,1593.23000000,1584.98000000,1592.30000000,8300.54950000,2026-08-04T23:16:05.113778+00:00
ETHUSDT,2026-06-27T14:59:59.999000+00:00,1592.31000000,1598.88000000,1589.49000000,1594.68000000,7439.29540000,2026-08-04T23:16:05.113817+00:00
ETHUSDT,2026-06-27T15:59:59.999000+00:00,1594.68000000,1611.02000000,1594.09000000,1605.68000000,14977.09370000,2026-08-04T23:16:05.113857+00:00
ETHUSDT,2026-06-27T16:59:59.999000+00:00,1605.68000000,1607.92000000,1601.70000000,1606.97000000,4657.14130000,2026-08-04T23:16:05.113896+00:00
ETHUSDT,2026-06-27T17:59:59.999000+00:00,1606.98000000,1607.10000000,1588.60000000,1591.42000000,10759.71530000,2026-08-04T23:16:05.113936+00:00
ETHUSDT,2026-06-27T18:59:59.999000+00:00,1591.42000000,1594.70000000,1589.20000000,1593.92000000,2775.85770000,2026-08-04T23:16:05.114021+00:00
ETHUSDT,2026-06-27T19:59:59.999000+00:00,1593.91000000,1595.25000000,1573.36000000,1578.51000000,11430.89180000,2026-08-04T23:16:05.114064+00:00
ETHUSDT,2026-06-27T20:59:59.999000+00:00,1578.51000000,1583.24000000,1578.48000000,1581.48000000,2379.69340000,2026-08-04T23:16:05.114103+00:00
ETHUSDT,2026-06-27T21:59:59.999000+00:00,1581.48000000,1585.69000000,1573.93000000,1575.38000000,5770.04740000,2026-08-04T23:16:05.114142+00:00
ETHUSDT,2026-06-27T22:59:59.999000+00:00,1575.38000000,1579.56000000,1562.86000000,1578.98000000,7609.19670000,2026-08-04T23:16:05.114181+00:00
ETHUSDT,2026-06-27T23:59:59.999000+00:00,1578.98000000,1581.58000000,1570.55000000,1573.99000000,4217.03430000,2026-08-04T23:16:05.114219+00:00
ETHUSDT,2026-06-28T00:59:59.999000+00:00,1574.00000000,1578.08000000,1572.71000000,1574.75000000,2955.01910000,2026-08-04T23:16:05.114259+00:00
ETHUSDT,2026-06-28T01:59:59.999000+00:00,1574.74000000,1576.95000000,1570.00000000,1575.11000000,3504.18950000,2026-08-04T23:16:05.114297+00:00
ETHUSDT,2026-06-28T02:59:59.999000+00:00,1575.11000000,1580.05000000,1569.07000000,1572.00000000,4027.30510000,2026-08-04T23:16:05.114336+00:00
ETHUSDT,2026-06-28T03:59:59.999000+00:00,1572.01000000,1576.11000000,1572.01000000,1575.08000000,1672.75400000,2026-08-04T23:16:05.114374+00:00
ETHUSDT,2026-06-28T04:59:59.999000+00:00,1575.08000000,1577.34000000,1570.64000000,1574.32000000,3089.36360000,2026-08-04T23:16:05.114411+00:00
ETHUSDT,2026-06-28T05:59:59.999000+00:00,1574.32000000,1574.33000000,1564.33000000,1569.17000000,6581.55220000,2026-08-04T23:16:05.114448+00:00
ETHUSDT,2026-06-28T06:59:59.999000+00:00,1569.18000000,1570.65000000,1562.41000000,1567.84000000,5839.15720000,2026-08-04T23:16:05.114484+00:00
ETHUSDT,2026-06-28T07:59:59.999000+00:00,1567.85000000,1577.13000000,1567.84000000,1575.96000000,5527.18520000,2026-08-04T23:16:05.114521+00:00
ETHUSDT,2026-06-28T08:59:59.999000+00:00,1575.96000000,1585.32000000,1573.75000000,1581.58000000,8339.70960000,2026-08-04T23:16:05.114558+00:00
ETHUSDT,2026-06-28T09:59:59.999000+00:00,1581.58000000,1586.35000000,1578.37000000,1579.09000000,6148.27540000,2026-08-04T23:16:05.114594+00:00
ETHUSDT,2026-06-28T10:59:59.999000+00:00,1579.08000000,1581.42000000,1572.23000000,1577.16000000,5257.72190000,2026-08-04T23:16:05.114631+00:00
ETHUSDT,2026-06-28T11:59:59.999000+00:00,1577.16000000,1584.00000000,1575.90000000,1582.87000000,4122.22340000,2026-08-04T23:16:05.114667+00:00
ETHUSDT,2026-06-28T12:59:59.999000+00:00,1582.86000000,1588.82000000,1578.21000000,1583.56000000,8975.49820000,2026-08-04T23:16:05.114704+00:00
ETHUSDT,2026-06-28T13:59:59.999000+00:00,1583.56000000,1583.85000000,1575.04000000,1579.68000000,4303.25260000,2026-08-04T23:16:05.114740+00:00
ETHUSDT,2026-06-28T14:59:59.999000+00:00,1579.68000000,1586.36000000,1577.92000000,1581.56000000,4893.54910000,2026-08-04T23:16:05.114777+00:00
ETHUSDT,2026-06-28T15:59:59.999000+00:00,1581.55000000,1585.36000000,1577.20000000,1580.89000000,5502.25540000,2026-08-04T23:16:05.114814+00:00
ETHUSDT,2026-06-28T16:59:59.999000+00:00,1580.90000000,1581.94000000,1566.62000000,1572.85000000,9393.46850000,2026-08-04T23:16:05.114850+00:00
ETHUSDT,2026-06-28T17:59:59.999000+00:00,1572.84000000,1577.36000000,1563.53000000,1572.35000000,6830.07240000,2026-08-04T23:16:05.114887+00:00
ETHUSDT,2026-06-28T18:59:59.999000+00:00,1572.34000000,1575.15000000,1569.08000000,1571.78000000,3637.05340000,2026-08-04T23:16:05.114923+00:00
ETHUSDT,2026-06-28T19:59:59.999000+00:00,1571.79000000,1574.55000000,1556.81000000,1564.62000000,6915.10440000,2026-08-04T23:16:05.114959+00:00
ETHUSDT,2026-06-28T20:59:59.999000+00:00,1564.61000000,1576.42000000,1564.30000000,1573.20000000,4705.05870000,2026-08-04T23:16:05.114996+00:00
ETHUSDT,2026-06-28T21:59:59.999000+00:00,1573.20000000,1573.87000000,1559.21000000,1563.62000000,4084.21400000,2026-08-04T23:16:05.115033+00:00
ETHUSDT,2026-06-28T22:59:59.999000+00:00,1563.63000000,1582.29000000,1548.37000000,1557.09000000,15493.94960000,2026-08-04T23:16:05.115094+00:00
ETHUSDT,2026-06-28T23:59:59.999000+00:00,1557.08000000,1580.10000000,1555.35000000,1571.96000000,8383.20920000,2026-08-04T23:16:05.115132+00:00
ETHUSDT,2026-06-29T00:59:59.999000+00:00,1571.96000000,1574.69000000,1552.21000000,1573.53000000,9360.72040000,2026-08-04T23:16:05.115170+00:00
ETHUSDT,2026-06-29T01:59:59.999000+00:00,1573.53000000,1574.28000000,1560.19000000,1568.70000000,5801.24280000,2026-08-04T23:16:05.115316+00:00
ETHUSDT,2026-06-29T02:59:59.999000+00:00,1568.71000000,1579.15000000,1550.43000000,1576.60000000,12263.51630000,2026-08-04T23:16:05.115360+00:00
ETHUSDT,2026-06-29T03:59:59.999000+00:00,1576.60000000,1589.75000000,1576.60000000,1584.78000000,9914.29310000,2026-08-04T23:16:05.115402+00:00
ETHUSDT,2026-06-29T04:59:59.999000+00:00,1584.77000000,1585.05000000,1574.65000000,1575.50000000,4238.93360000,2026-08-04T23:16:05.115442+00:00
ETHUSDT,2026-06-29T05:59:59.999000+00:00,1575.50000000,1583.10000000,1562.26000000,1583.10000000,8554.54540000,2026-08-04T23:16:05.115481+00:00
ETHUSDT,2026-06-29T06:59:59.999000+00:00,1583.10000000,1589.08000000,1579.81000000,1582.82000000,5429.16520000,2026-08-04T23:16:05.115520+00:00
ETHUSDT,2026-06-29T07:59:59.999000+00:00,1582.82000000,1584.90000000,1577.92000000,1580.16000000,5938.94800000,2026-08-04T23:16:05.115559+00:00
ETHUSDT,2026-06-29T08:59:59.999000+00:00,1580.17000000,1582.33000000,1569.85000000,1572.98000000,7152.08860000,2026-08-04T23:16:05.115597+00:00
ETHUSDT,2026-06-29T09:59:59.999000+00:00,1572.98000000,1580.44000000,1570.49000000,1576.20000000,7628.97280000,2026-08-04T23:16:05.115635+00:00
ETHUSDT,2026-06-29T10:59:59.999000+00:00,1576.20000000,1587.00000000,1576.20000000,1578.60000000,7670.00290000,2026-08-04T23:16:05.115673+00:00
ETHUSDT,2026-06-29T11:59:59.999000+00:00,1578.60000000,1582.54000000,1570.32000000,1574.93000000,10782.30570000,2026-08-04T23:16:05.115711+00:00
ETHUSDT,2026-06-29T12:59:59.999000+00:00,1574.93000000,1597.28000000,1566.60000000,1576.11000000,29333.74110000,2026-08-04T23:16:05.115748+00:00
ETHUSDT,2026-06-29T13:59:59.999000+00:00,1576.12000000,1588.82000000,1564.85000000,1572.74000000,22887.33890000,2026-08-04T23:16:05.115786+00:00
ETHUSDT,2026-06-29T14:59:59.999000+00:00,1572.74000000,1579.34000000,1557.35000000,1572.90000000,25528.26160000,2026-08-04T23:16:05.115823+00:00
ETHUSDT,2026-06-29T15:59:59.999000+00:00,1572.90000000,1585.41000000,1561.70000000,1580.26000000,22851.74100000,2026-08-04T23:16:05.115860+00:00
ETHUSDT,2026-06-29T16:59:59.999000+00:00,1580.26000000,1587.71000000,1574.06000000,1585.37000000,13677.84500000,2026-08-04T23:16:05.115896+00:00
ETHUSDT,2026-06-29T17:59:59.999000+00:00,1585.37000000,1637.58000000,1585.37000000,1628.03000000,47576.48520000,2026-08-04T23:16:05.115936+00:00
ETHUSDT,2026-06-29T18:59:59.999000+00:00,1628.04000000,1628.61000000,1618.37000000,1621.10000000,11128.55180000,2026-08-04T23:16:05.115972+00:00
ETHUSDT,2026-06-29T19:59:59.999000+00:00,1621.10000000,1627.36000000,1616.23000000,1625.60000000,8541.61030000,2026-08-04T23:16:05.116008+00:00
ETHUSDT,2026-06-29T20:59:59.999000+00:00,1625.60000000,1626.65000000,1617.37000000,1617.66000000,11491.59880000,2026-08-04T23:16:05.116045+00:00
ETHUSDT,2026-06-29T21:59:59.999000+00:00,1617.66000000,1623.00000000,1611.50000000,1619.99000000,8484.76180000,2026-08-04T23:16:05.116081+00:00
ETHUSDT,2026-06-29T22:59:59.999000+00:00,1620.00000000,1622.11000000,1610.36000000,1612.90000000,7654.41770000,2026-08-04T23:16:05.116118+00:00
ETHUSDT,2026-06-29T23:59:59.999000+00:00,1612.90000000,1613.98000000,1607.41000000,1613.07000000,6077.88680000,2026-08-04T23:16:05.116154+00:00
ETHUSDT,2026-06-30T00:59:59.999000+00:00,1613.07000000,1614.41000000,1592.71000000,1594.41000000,14031.36700000,2026-08-04T23:16:05.116190+00:00
ETHUSDT,2026-06-30T01:59:59.999000+00:00,1594.42000000,1599.83000000,1589.00000000,1593.92000000,9136.29580000,2026-08-04T23:16:05.116226+00:00
ETHUSDT,2026-06-30T02:59:59.999000+00:00,1593.92000000,1593.93000000,1586.49000000,1590.57000000,6252.36130000,2026-08-04T23:16:05.116262+00:00
ETHUSDT,2026-06-30T03:59:59.999000+00:00,1590.57000000,1596.18000000,1586.58000000,1587.18000000,5380.68590000,2026-08-04T23:16:05.116319+00:00
ETHUSDT,2026-06-30T04:59:59.999000+00:00,1587.18000000,1590.99000000,1579.79000000,1588.11000000,8118.73240000,2026-08-04T23:16:05.116356+00:00
ETHUSDT,2026-06-30T05:59:59.999000+00:00,1588.10000000,1592.02000000,1585.22000000,1591.60000000,6208.86480000,2026-08-04T23:16:05.116392+00:00
ETHUSDT,2026-06-30T06:59:59.999000+00:00,1591.61000000,1594.65000000,1589.00000000,1593.72000000,4198.23530000,2026-08-04T23:16:05.116428+00:00
ETHUSDT,2026-06-30T07:59:59.999000+00:00,1593.72000000,1596.25000000,1590.07000000,1592.51000000,6659.25530000,2026-08-04T23:16:05.116465+00:00
ETHUSDT,2026-06-30T08:59:59.999000+00:00,1592.51000000,1594.28000000,1579.54000000,1583.98000000,12844.08510000,2026-08-04T23:16:05.116505+00:00
ETHUSDT,2026-06-30T09:59:59.999000+00:00,1583.97000000,1587.03000000,1581.49000000,1585.35000000,6708.23190000,2026-08-04T23:16:05.116543+00:00
ETHUSDT,2026-06-30T10:59:59.999000+00:00,1585.35000000,1586.93000000,1582.23000000,1584.51000000,5569.30340000,2026-08-04T23:16:05.116580+00:00
ETHUSDT,2026-06-30T11:59:59.999000+00:00,1584.52000000,1586.15000000,1575.85000000,1578.58000000,8676.24580000,2026-08-04T23:16:05.116618+00:00
ETHUSDT,2026-06-30T12:59:59.999000+00:00,1578.57000000,1578.58000000,1551.33000000,1552.79000000,21763.48640000,2026-08-04T23:16:05.116656+00:00
ETHUSDT,2026-06-30T13:59:59.999000+00:00,1552.80000000,1567.51000000,1550.20000000,1567.29000000,25249.46690000,2026-08-04T23:16:05.116693+00:00
ETHUSDT,2026-06-30T14:59:59.999000+00:00,1567.29000000,1578.00000000,1561.33000000,1563.52000000,14106.08700000,2026-08-04T23:16:05.116731+00:00
ETHUSDT,2026-06-30T15:59:59.999000+00:00,1563.52000000,1576.94000000,1557.35000000,1565.18000000,12920.77100000,2026-08-04T23:16:05.116769+00:00
ETHUSDT,2026-06-30T16:59:59.999000+00:00,1565.19000000,1575.00000000,1561.84000000,1572.38000000,10466.68460000,2026-08-04T23:16:05.116806+00:00
ETHUSDT,2026-06-30T17:59:59.999000+00:00,1572.38000000,1577.10000000,1568.64000000,1570.86000000,6056.38480000,2026-08-04T23:16:05.116844+00:00
ETHUSDT,2026-06-30T18:59:59.999000+00:00,1570.87000000,1581.83000000,1569.59000000,1579.11000000,9113.06830000,2026-08-04T23:16:05.116881+00:00
ETHUSDT,2026-06-30T19:59:59.999000+00:00,1579.10000000,1581.92000000,1575.56000000,1580.53000000,6894.01300000,2026-08-04T23:16:05.116919+00:00
ETHUSDT,2026-06-30T20:59:59.999000+00:00,1580.52000000,1582.98000000,1573.40000000,1575.99000000,6496.55230000,2026-08-04T23:16:05.116955+00:00
ETHUSDT,2026-06-30T21:59:59.999000+00:00,1575.99000000,1577.26000000,1570.00000000,1571.68000000,4676.41800000,2026-08-04T23:16:05.116992+00:00
ETHUSDT,2026-06-30T22:59:59.999000+00:00,1571.68000000,1575.30000000,1566.81000000,1567.64000000,5732.23410000,2026-08-04T23:16:05.117030+00:00
ETHUSDT,2026-06-30T23:59:59.999000+00:00,1567.64000000,1572.80000000,1566.00000000,1572.01000000,4798.37380000,2026-08-04T23:16:05.117067+00:00
ETHUSDT,2026-07-01T00:59:59.999000+00:00,1572.00000000,1576.70000000,1566.13000000,1575.07000000,5170.83490000,2026-08-04T23:16:05.117105+00:00
ETHUSDT,2026-07-01T01:59:59.999000+00:00,1575.07000000,1586.60000000,1552.92000000,1577.91000000,20972.99350000,2026-08-04T23:16:05.117142+00:00
ETHUSDT,2026-07-01T02:59:59.999000+00:00,1577.91000000,1589.55000000,1574.53000000,1586.30000000,9847.68450000,2026-08-04T23:16:05.117180+00:00
ETHUSDT,2026-07-01T03:59:59.999000+00:00,1586.30000000,1599.19000000,1582.45000000,1594.81000000,13735.44400000,2026-08-04T23:16:05.117217+00:00
ETHUSDT,2026-07-01T04:59:59.999000+00:00,1594.81000000,1604.02000000,1590.89000000,1599.35000000,10850.55590000,2026-08-04T23:16:05.117254+00:00
ETHUSDT,2026-07-01T05:59:59.999000+00:00,1599.35000000,1600.83000000,1591.21000000,1593.00000000,7409.76860000,2026-08-04T23:16:05.117292+00:00
ETHUSDT,2026-07-01T06:59:59.999000+00:00,1593.00000000,1593.15000000,1571.50000000,1575.99000000,14828.29990000,2026-08-04T23:16:05.117336+00:00
ETHUSDT,2026-07-01T07:59:59.999000+00:00,1575.99000000,1581.19000000,1572.50000000,1578.36000000,6847.45300000,2026-08-04T23:16:05.117398+00:00
ETHUSDT,2026-07-01T08:59:59.999000+00:00,1578.36000000,1582.37000000,1568.51000000,1582.37000000,6285.30840000,2026-08-04T23:16:05.117435+00:00
ETHUSDT,2026-07-01T09:59:59.999000+00:00,1582.36000000,1585.33000000,1578.68000000,1581.01000000,7492.70880000,2026-08-04T23:16:05.117472+00:00
ETHUSDT,2026-07-01T10:59:59.999000+00:00,1581.00000000,1581.52000000,1572.11000000,1573.43000000,5702.47910000,2026-08-04T23:16:05.117509+00:00
ETHUSDT,2026-07-01T11:59:59.999000+00:00,1573.43000000,1575.96000000,1567.13000000,1569.89000000,6688.41040000,2026-08-04T23:16:05.117546+00:00
ETHUSDT,2026-07-01T12:59:59.999000+00:00,1569.88000000,1572.49000000,1565.26000000,1570.24000000,7560.23900000,2026-08-04T23:16:05.117583+00:00
ETHUSDT,2026-07-01T13:59:59.999000+00:00,1570.24000000,1598.00000000,1570.00000000,1597.22000000,20616.96710000,2026-08-04T23:16:05.117619+00:00
ETHUSDT,2026-07-01T14:59:59.999000+00:00,1597.22000000,1617.04000000,1591.20000000,1601.18000000,38319.40060000,2026-08-04T23:16:05.117656+00:00
ETHUSDT,2026-07-01T15:59:59.999000+00:00,1601.19000000,1631.00000000,1600.98000000,1620.09000000,28006.77560000,2026-08-04T23:16:05.117693+00:00
ETHUSDT,2026-07-01T16:59:59.999000+00:00,1620.10000000,1629.26000000,1612.77000000,1614.54000000,13891.34610000,2026-08-04T23:16:05.117729+00:00
ETHUSDT,2026-07-01T17:59:59.999000+00:00,1614.54000000,1624.79000000,1607.17000000,1622.72000000,10580.08530000,2026-08-04T23:16:05.117766+00:00
ETHUSDT,2026-07-01T18:59:59.999000+00:00,1622.72000000,1624.50000000,1612.01000000,1616.59000000,7761.22190000,2026-08-04T23:16:05.117803+00:00
ETHUSDT,2026-07-01T19:59:59.999000+00:00,1616.59000000,1624.00000000,1614.42000000,1618.09000000,8988.55810000,2026-08-04T23:16:05.117839+00:00
ETHUSDT,2026-07-01T20:59:59.999000+00:00,1618.07000000,1620.46000000,1610.38000000,1617.68000000,8568.53840000,2026-08-04T23:16:05.117876+00:00
ETHUSDT,2026-07-01T21:59:59.999000+00:00,1617.67000000,1638.63000000,1617.55000000,1632.12000000,18296.01030000,2026-08-04T23:16:05.117912+00:00
ETHUSDT,2026-07-01T22:59:59.999000+00:00,1632.11000000,1646.26000000,1620.58000000,1621.63000000,17822.83490000,2026-08-04T23:16:05.117949+00:00
ETHUSDT,2026-07-01T23:59:59.999000+00:00,1621.62000000,1621.63000000,1608.35000000,1609.58000000,10292.39270000,2026-08-04T23:16:05.117986+00:00
ETHUSDT,2026-07-02T00:59:59.999000+00:00,1609.59000000,1609.80000000,1597.22000000,1603.42000000,10412.13290000,2026-08-04T23:16:05.118022+00:00
ETHUSDT,2026-07-02T01:59:59.999000+00:00,1603.42000000,1625.00000000,1602.63000000,1620.48000000,8577.15290000,2026-08-04T23:16:05.118059+00:00
ETHUSDT,2026-07-02T02:59:59.999000+00:00,1620.47000000,1624.45000000,1614.64000000,1620.68000000,6676.41850000,2026-08-04T23:16:05.118096+00:00
ETHUSDT,2026-07-02T03:59:59.999000+00:00,1620.69000000,1642.32000000,1618.12000000,1639.47000000,19491.77340000,2026-08-04T23:16:05.118132+00:00
ETHUSDT,2026-07-02T04:59:59.999000+00:00,1639.46000000,1639.94000000,1630.44000000,1632.71000000,10670.88880000,2026-08-04T23:16:05.118169+00:00
ETHUSDT,2026-07-02T05:59:59.999000+00:00,1632.71000000,1634.84000000,1625.21000000,1626.50000000,6765.41430000,2026-08-04T23:16:05.118205+00:00
ETHUSDT,2026-07-02T06:59:59.999000+00:00,1626.51000000,1629.88000000,1617.51000000,1619.14000000,8049.34620000,2026-08-04T23:16:05.118242+00:00
ETHUSDT,2026-07-02T07:59:59.999000+00:00,1619.14000000,1619.88000000,1614.32000000,1615.97000000,14349.35800000,2026-08-04T23:16:05.118279+00:00
ETHUSDT,2026-07-02T08:59:59.999000+00:00,1615.97000000,1626.35000000,1615.08000000,1624.92000000,8243.22290000,2026-08-04T23:16:05.118316+00:00
ETHUSDT,2026-07-02T09:59:59.999000+00:00,1624.91000000,1651.95000000,1620.34000000,1643.33000000,27834.73070000,2026-08-04T23:16:05.118352+00:00
ETHUSDT,2026-07-02T10:59:59.999000+00:00,1643.32000000,1649.62000000,1641.48000000,1646.12000000,12264.08830000,2026-08-04T23:16:05.118389+00:00
ETHUSDT,2026-07-02T11:59:59.999000+00:00,1646.12000000,1657.53000000,1644.53000000,1650.32000000,22336.09210000,2026-08-04T23:16:05.118444+00:00
ETHUSDT,2026-07-02T12:59:59.999000+00:00,1650.31000000,1669.72000000,1647.66000000,1662.82000000,25143.50730000,2026-08-04T23:16:05.118482+00:00
ETHUSDT,2026-07-02T13:59:59.999000+00:00,1662.81000000,1713.77000000,1660.73000000,1710.72000000,70316.27200000,2026-08-04T23:16:05.118523+00:00
ETHUSDT,2026-07-02T14:59:59.999000+00:00,1710.73000000,1725.00000000,1692.96000000,1701.55000000,46156.98420000,2026-08-04T23:16:05.118561+00:00
ETHUSDT,2026-07-02T15:59:59.999000+00:00,1701.55000000,1703.50000000,1688.72000000,1697.05000000,15806.44000000,2026-08-04T23:16:05.118599+00:00
ETHUSDT,2026-07-02T16:59:59.999000+00:00,1697.06000000,1704.00000000,1686.49000000,1699.67000000,15511.61020000,2026-08-04T23:16:05.118637+00:00
ETHUSDT,2026-07-02T17:59:59.999000+00:00,1699.66000000,1705.94000000,1694.51000000,1695.89000000,10016.66060000,2026-08-04T23:16:05.118676+00:00
ETHUSDT,2026-07-02T18:59:59.999000+00:00,1695.88000000,1707.14000000,1695.45000000,1702.06000000,6185.18020000,2026-08-04T23:16:05.118714+00:00
ETHUSDT,2026-07-02T19:59:59.999000+00:00,1702.05000000,1705.53000000,1694.75000000,1700.15000000,6640.07030000,2026-08-04T23:16:05.118752+00:00
ETHUSDT,2026-07-02T20:59:59.999000+00:00,1700.15000000,1706.68000000,1696.08000000,1705.75000000,6054.85460000,2026-08-04T23:16:05.118791+00:00
ETHUSDT,2026-07-02T21:59:59.999000+00:00,1705.75000000,1705.89000000,1697.36000000,1700.23000000,6841.12570000,2026-08-04T23:16:05.118829+00:00
ETHUSDT,2026-07-02T22:59:59.999000+00:00,1700.23000000,1700.98000000,1694.20000000,1696.88000000,4106.71790000,2026-08-04T23:16:05.118867+00:00
ETHUSDT,2026-07-02T23:59:59.999000+00:00,1696.88000000,1701.80000000,1692.13000000,1700.57000000,5003.46620000,2026-08-04T23:16:05.118905+00:00
ETHUSDT,2026-07-03T00:59:59.999000+00:00,1700.57000000,1702.98000000,1694.72000000,1696.75000000,6275.85700000,2026-08-04T23:16:05.118943+00:00
ETHUSDT,2026-07-03T01:59:59.999000+00:00,1696.75000000,1718.97000000,1695.34000000,1712.33000000,14375.09280000,2026-08-04T23:16:05.118982+00:00
ETHUSDT,2026-07-03T02:59:59.999000+00:00,1712.33000000,1715.33000000,1696.23000000,1704.76000000,8846.15440000,2026-08-04T23:16:05.119020+00:00
ETHUSDT,2026-07-03T03:59:59.999000+00:00,1704.75000000,1712.11000000,1699.53000000,1706.43000000,4972.00580000,2026-08-04T23:16:05.119058+00:00
ETHUSDT,2026-07-03T04:59:59.999000+00:00,1706.43000000,1708.50000000,1702.34000000,1703.08000000,5425.96640000,2026-08-04T23:16:05.119096+00:00
ETHUSDT,2026-07-03T05:59:59.999000+00:00,1703.07000000,1721.80000000,1702.28000000,1714.92000000,8051.46260000,2026-08-04T23:16:05.119134+00:00
ETHUSDT,2026-07-03T06:59:59.999000+00:00,1714.93000000,1721.53000000,1712.94000000,1716.03000000,5814.78470000,2026-08-04T23:16:05.119173+00:00
ETHUSDT,2026-07-03T07:59:59.999000+00:00,1716.03000000,1722.21000000,1713.97000000,1717.77000000,11185.80060000,2026-08-04T23:16:05.119211+00:00
ETHUSDT,2026-07-03T08:59:59.999000+00:00,1717.77000000,1735.13000000,1715.68000000,1719.89000000,16499.87120000,2026-08-04T23:16:05.119249+00:00
ETHUSDT,2026-07-03T09:59:59.999000+00:00,1719.89000000,1731.25000000,1717.03000000,1726.28000000,8910.38480000,2026-08-04T23:16:05.119287+00:00
ETHUSDT,2026-07-03T10:59:59.999000+00:00,1726.27000000,1749.00000000,1726.26000000,1742.16000000,17896.72770000,2026-08-04T23:16:05.119325+00:00
ETHUSDT,2026-07-03T11:59:59.999000+00:00,1742.17000000,1748.00000000,1737.47000000,1742.54000000,11215.55410000,2026-08-04T23:16:05.119364+00:00
ETHUSDT,2026-07-03T12:59:59.999000+00:00,1742.54000000,1745.03000000,1731.55000000,1736.44000000,8572.59060000,2026-08-04T23:16:05.119402+00:00
ETHUSDT,2026-07-03T13:59:59.999000+00:00,1736.44000000,1753.29000000,1736.09000000,1748.15000000,18552.76210000,2026-08-04T23:16:05.119440+00:00
ETHUSDT,2026-07-03T14:59:59.999000+00:00,1748.14000000,1748.15000000,1728.99000000,1737.14000000,16334.16860000,2026-08-04T23:16:05.119478+00:00
ETHUSDT,2026-07-03T15:59:59.999000+00:00,1737.15000000,1745.90000000,1729.75000000,1731.24000000,9633.88750000,2026-08-04T23:16:05.119517+00:00
ETHUSDT,2026-07-03T16:59:59.999000+00:00,1731.24000000,1735.50000000,1727.87000000,1733.63000000,4503.36550000,2026-08-04T23:16:05.119574+00:00
ETHUSDT,2026-07-03T17:59:59.999000+00:00,1733.62000000,1741.86000000,1732.33000000,1738.18000000,5441.91730000,2026-08-04T23:16:05.119613+00:00
ETHUSDT,2026-07-03T18:59:59.999000+00:00,1738.19000000,1741.13000000,1736.19000000,1738.77000000,4412.39280000,2026-08-04T23:16:05.119651+00:00
ETHUSDT,2026-07-03T19:59:59.999000+00:00,1738.78000000,1753.00000000,1737.34000000,1745.38000000,12018.82340000,2026-08-04T23:16:05.119690+00:00
ETHUSDT,2026-07-03T20:59:59.999000+00:00,1745.39000000,1774.00000000,1743.61000000,1766.15000000,23241.50260000,2026-08-04T23:16:05.119728+00:00
ETHUSDT,2026-07-03T21:59:59.999000+00:00,1766.15000000,1775.78000000,1756.75000000,1763.46000000,12003.77220000,2026-08-04T23:16:05.119769+00:00
ETHUSDT,2026-07-03T22:59:59.999000+00:00,1763.46000000,1764.06000000,1756.00000000,1757.52000000,6188.96570000,2026-08-04T23:16:05.119807+00:00
ETHUSDT,2026-07-03T23:59:59.999000+00:00,1757.53000000,1762.03000000,1755.45000000,1758.21000000,4043.05760000,2026-08-04T23:16:05.119845+00:00
ETHUSDT,2026-07-04T00:59:59.999000+00:00,1758.22000000,1764.00000000,1756.50000000,1758.70000000,3683.71690000,2026-08-04T23:16:05.119884+00:00
ETHUSDT,2026-07-04T01:59:59.999000+00:00,1758.70000000,1758.70000000,1746.00000000,1747.93000000,7014.52870000,2026-08-04T23:16:05.119922+00:00
ETHUSDT,2026-07-04T02:59:59.999000+00:00,1747.93000000,1751.04000000,1744.09000000,1749.31000000,3003.36720000,2026-08-04T23:16:05.119960+00:00
ETHUSDT,2026-07-04T03:59:59.999000+00:00,1749.31000000,1756.74000000,1747.26000000,1753.92000000,4996.56540000,2026-08-04T23:16:05.119998+00:00
ETHUSDT,2026-07-04T04:59:59.999000+00:00,1753.91000000,1764.61000000,1752.00000000,1761.67000000,5721.94840000,2026-08-04T23:16:05.120036+00:00
ETHUSDT,2026-07-04T05:59:59.999000+00:00,1761.68000000,1761.68000000,1753.27000000,1755.99000000,5276.36240000,2026-08-04T23:16:05.120074+00:00
ETHUSDT,2026-07-04T06:59:59.999000+00:00,1755.98000000,1761.27000000,1751.72000000,1754.77000000,10308.15910000,2026-08-04T23:16:05.120113+00:00
ETHUSDT,2026-07-04T07:59:59.999000+00:00,1754.78000000,1759.67000000,1752.86000000,1758.19000000,6166.44060000,2026-08-04T23:16:05.120151+00:00
ETHUSDT,2026-07-04T08:59:59.999000+00:00,1758.18000000,1765.55000000,1757.39000000,1762.31000000,4156.42020000,2026-08-04T23:16:05.120189+00:00
ETHUSDT,2026-07-04T09:59:59.999000+00:00,1762.30000000,1763.05000000,1755.00000000,1758.13000000,4166.56610000,2026-08-04T23:16:05.120228+00:00
ETHUSDT,2026-07-04T10:59:59.999000+00:00,1758.12000000,1760.88000000,1757.12000000,1759.14000000,5248.40580000,2026-08-04T23:16:05.120266+00:00
ETHUSDT,2026-07-04T11:59:59.999000+00:00,1759.14000000,1760.15000000,1756.19000000,1758.24000000,3639.54010000,2026-08-04T23:16:05.120304+00:00
ETHUSDT,2026-07-04T12:59:59.999000+00:00,1758.23000000,1766.45000000,1758.23000000,1764.22000000,5574.77210000,2026-08-04T23:16:05.120343+00:00
ETHUSDT,2026-07-04T13:59:59.999000+00:00,1764.22000000,1778.63000000,1761.62000000,1764.06000000,12097.16140000,2026-08-04T23:16:05.120381+00:00
ETHUSDT,2026-07-04T14:59:59.999000+00:00,1764.05000000,1775.00000000,1763.92000000,1772.23000000,7318.71160000,2026-08-04T23:16:05.120419+00:00
ETHUSDT,2026-07-04T15:59:59.999000+00:00,1772.23000000,1799.92000000,1772.22000000,1791.09000000,27008.32860000,2026-08-04T23:16:05.120458+00:00
ETHUSDT,2026-07-04T16:59:59.999000+00:00,1791.08000000,1792.00000000,1783.32000000,1786.81000000,9177.80410000,2026-08-04T23:16:05.120496+00:00
ETHUSDT,2026-07-04T17:59:59.999000+00:00,1786.81000000,1807.65000000,1779.00000000,1799.36000000,29134.50210000,2026-08-04T23:16:05.120534+00:00
ETHUSDT,2026-07-04T18:59:59.999000+00:00,1799.36000000,1805.84000000,1791.58000000,1793.63000000,11047.19450000,2026-08-04T23:16:05.120572+00:00
ETHUSDT,2026-07-04T19:59:59.999000+00:00,1793.62000000,1797.66000000,1788.47000000,1792.83000000,5951.67430000,2026-08-04T23:16:05.120611+00:00
ETHUSDT,2026-07-04T20:59:59.999000+00:00,1792.83000000,1795.81000000,1783.84000000,1787.15000000,5589.82400000,2026-08-04T23:16:05.120669+00:00
ETHUSDT,2026-07-04T21:59:59.999000+00:00,1787.15000000,1794.25000000,1786.24000000,1789.25000000,2648.90600000,2026-08-04T23:16:05.120707+00:00
ETHUSDT,2026-07-04T22:59:59.999000+00:00,1789.25000000,1789.45000000,1782.19000000,1784.73000000,2861.69260000,2026-08-04T23:16:05.120745+00:00
ETHUSDT,2026-07-04T23:59:59.999000+00:00,1784.73000000,1785.59000000,1772.10000000,1780.64000000,9087.55750000,2026-08-04T23:16:05.120784+00:00
ETHUSDT,2026-07-05T00:59:59.999000+00:00,1780.64000000,1780.75000000,1769.64000000,1772.71000000,6958.11220000,2026-08-04T23:16:05.120822+00:00
ETHUSDT,2026-07-05T01:59:59.999000+00:00,1772.70000000,1774.66000000,1760.72000000,1766.62000000,10008.11440000,2026-08-04T23:16:05.120861+00:00
ETHUSDT,2026-07-05T02:59:59.999000+00:00,1766.61000000,1767.79000000,1757.00000000,1760.88000000,13241.53430000,2026-08-04T23:16:05.120900+00:00
ETHUSDT,2026-07-05T03:59:59.999000+00:00,1760.87000000,1764.00000000,1757.76000000,1761.59000000,6232.63910000,2026-08-04T23:16:05.120939+00:00
ETHUSDT,2026-07-05T04:59:59.999000+00:00,1761.58000000,1772.69000000,1760.07000000,1767.54000000,13059.26610000,2026-08-04T23:16:05.120977+00:00
ETHUSDT,2026-07-05T05:59:59.999000+00:00,1767.53000000,1767.87000000,1760.50000000,1765.98000000,16392.01460000,2026-08-04T23:16:05.121016+00:00
ETHUSDT,2026-07-05T06:59:59.999000+00:00,1765.98000000,1768.00000000,1762.01000000,1764.69000000,33430.88250000,2026-08-04T23:16:05.121055+00:00
ETHUSDT,2026-07-05T07:59:59.999000+00:00,1764.69000000,1772.35000000,1761.76000000,1770.10000000,34375.05910000,2026-08-04T23:16:05.121095+00:00
ETHUSDT,2026-07-05T08:59:59.999000+00:00,1770.09000000,1773.27000000,1766.46000000,1767.71000000,37769.81380000,2026-08-04T23:16:05.121135+00:00
ETHUSDT,2026-07-05T09:59:59.999000+00:00,1767.72000000,1767.83000000,1748.79000000,1757.98000000,128409.69270000,2026-08-04T23:16:05.121176+00:00
ETHUSDT,2026-07-05T10:59:59.999000+00:00,1757.99000000,1761.96000000,1755.03000000,1761.39000000,5053.51300000,2026-08-04T23:16:05.121216+00:00
ETHUSDT,2026-07-05T11:59:59.999000+00:00,1761.39000000,1765.00000000,1758.70000000,1760.08000000,4765.44160000,2026-08-04T23:16:05.121276+00:00
ETHUSDT,2026-07-05T12:59:59.999000+00:00,1760.08000000,1769.44000000,1756.03000000,1765.12000000,4749.45240000,2026-08-04T23:16:05.121338+00:00
ETHUSDT,2026-07-05T13:59:59.999000+00:00,1765.12000000,1767.55000000,1761.51000000,1766.26000000,2946.71990000,2026-08-04T23:16:05.121384+00:00
ETHUSDT,2026-07-05T14:59:59.999000+00:00,1766.25000000,1772.77000000,1764.96000000,1772.56000000,3839.53010000,2026-08-04T23:16:05.121428+00:00
ETHUSDT,2026-07-05T15:59:59.999000+00:00,1772.56000000,1781.28000000,1770.11000000,1774.67000000,8462.28460000,2026-08-04T23:16:05.121470+00:00
ETHUSDT,2026-07-05T16:59:59.999000+00:00,1774.66000000,1777.50000000,1770.31000000,1773.00000000,4477.97690000,2026-08-04T23:16:05.121512+00:00
ETHUSDT,2026-07-05T17:59:59.999000+00:00,1773.00000000,1785.75000000,1772.99000000,1779.48000000,6807.84400000,2026-08-04T23:16:05.121555+00:00
ETHUSDT,2026-07-05T18:59:59.999000+00:00,1779.47000000,1786.23000000,1777.80000000,1781.28000000,4040.31750000,2026-08-04T23:16:05.121597+00:00
ETHUSDT,2026-07-05T19:59:59.999000+00:00,1781.28000000,1784.52000000,1777.70000000,1781.43000000,2877.40160000,2026-08-04T23:16:05.121638+00:00
ETHUSDT,2026-07-05T20:59:59.999000+00:00,1781.44000000,1783.53000000,1776.26000000,1777.10000000,1915.64050000,2026-08-04T23:16:05.121679+00:00
ETHUSDT,2026-07-05T21:59:59.999000+00:00,1777.10000000,1793.25000000,1769.29000000,1786.88000000,10803.26290000,2026-08-04T23:16:05.121719+00:00
ETHUSDT,2026-07-05T22:59:59.999000+00:00,1786.91000000,1808.00000000,1784.34000000,1790.00000000,19757.58950000,2026-08-04T23:16:05.121759+00:00
ETHUSDT,2026-07-05T23:59:59.999000+00:00,1789.99000000,1802.75000000,1782.75000000,1785.65000000,9299.31580000,2026-08-04T23:16:05.121798+00:00
ETHUSDT,2026-07-06T00:59:59.999000+00:00,1785.65000000,1794.13000000,1774.35000000,1793.28000000,10212.84820000,2026-08-04T23:16:05.121861+00:00
ETHUSDT,2026-07-06T01:59:59.999000+00:00,1793.27000000,1799.02000000,1785.40000000,1786.31000000,5674.44730000,2026-08-04T23:16:05.121899+00:00
ETHUSDT,2026-07-06T02:59:59.999000+00:00,1786.31000000,1790.28000000,1779.26000000,1783.71000000,6310.47520000,2026-08-04T23:16:05.121937+00:00
ETHUSDT,2026-07-06T03:59:59.999000+00:00,1783.71000000,1784.99000000,1772.22000000,1779.71000000,6649.58810000,2026-08-04T23:16:05.121976+00:00
ETHUSDT,2026-07-06T04:59:59.999000+00:00,1779.70000000,1784.79000000,1776.34000000,1777.98000000,9109.76170000,2026-08-04T23:16:05.122015+00:00
ETHUSDT,2026-07-06T05:59:59.999000+00:00,1777.98000000,1778.18000000,1764.42000000,1774.06000000,7877.24600000,2026-08-04T23:16:05.122053+00:00
ETHUSDT,2026-07-06T06:59:59.999000+00:00,1774.06000000,1775.28000000,1769.23000000,1769.63000000,3980.86400000,2026-08-04T23:16:05.122092+00:00
ETHUSDT,2026-07-06T07:59:59.999000+00:00,1769.64000000,1775.54000000,1766.98000000,1772.32000000,5935.98490000,2026-08-04T23:16:05.122131+00:00
ETHUSDT,2026-07-06T08:59:59.999000+00:00,1772.32000000,1778.60000000,1763.08000000,1765.55000000,7580.27900000,2026-08-04T23:16:05.122170+00:00
ETHUSDT,2026-07-06T09:59:59.999000+00:00,1765.54000000,1766.30000000,1755.77000000,1758.67000000,9014.23170000,2026-08-04T23:16:05.122208+00:00
ETHUSDT,2026-07-06T10:59:59.999000+00:00,1758.67000000,1774.32000000,1758.24000000,1771.09000000,9282.12220000,2026-08-04T23:16:05.122247+00:00
ETHUSDT,2026-07-06T11:59:59.999000+00:00,1771.10000000,1775.65000000,1759.59000000,1759.64000000,7461.89800000,2026-08-04T23:16:05.122285+00:00
ETHUSDT,2026-07-06T12:59:59.999000+00:00,1759.64000000,1760.92000000,1735.27000000,1740.85000000,36298.14570000,2026-08-04T23:16:05.122324+00:00
ETHUSDT,2026-07-06T13:59:59.999000+00:00,1740.85000000,1753.54000000,1728.95000000,1744.89000000,23443.43430000,2026-08-04T23:16:05.122362+00:00
ETHUSDT,2026-07-06T14:59:59.999000+00:00,1744.89000000,1763.14000000,1742.10000000,1751.78000000,12993.13330000,2026-08-04T23:16:05.122399+00:00
ETHUSDT,2026-07-06T15:59:59.999000+00:00,1751.79000000,1788.96000000,1751.56000000,1788.57000000,29447.77450000,2026-08-04T23:16:05.122436+00:00
ETHUSDT,2026-07-06T16:59:59.999000+00:00,1788.57000000,1805.00000000,1782.42000000,1792.51000000,35024.39130000,2026-08-04T23:16:05.122474+00:00
ETHUSDT,2026-07-06T17:59:59.999000+00:00,1792.50000000,1800.40000000,1787.30000000,1788.26000000,14958.37800000,2026-08-04T23:16:05.122511+00:00
ETHUSDT,2026-07-06T18:59:59.999000+00:00,1788.27000000,1796.24000000,1786.76000000,1792.68000000,5560.25910000,2026-08-04T23:16:05.122548+00:00
ETHUSDT,2026-07-06T19:59:59.999000+00:00,1792.69000000,1798.80000000,1791.18000000,1792.76000000,5042.21420000,2026-08-04T23:16:05.122585+00:00
ETHUSDT,2026-07-06T20:59:59.999000+00:00,1792.76000000,1796.40000000,1787.26000000,1793.04000000,4815.42550000,2026-08-04T23:16:05.122622+00:00
ETHUSDT,2026-07-06T21:59:59.999000+00:00,1793.04000000,1833.40000000,1792.63000000,1814.88000000,35802.77920000,2026-08-04T23:16:05.122660+00:00
ETHUSDT,2026-07-06T22:59:59.999000+00:00,1814.88000000,1816.82000000,1804.70000000,1806.30000000,6468.80630000,2026-08-04T23:16:05.122697+00:00
ETHUSDT,2026-07-06T23:59:59.999000+00:00,1806.29000000,1810.08000000,1797.55000000,1799.56000000,6934.84270000,2026-08-04T23:16:05.122734+00:00
ETHUSDT,2026-07-07T00:59:59.999000+00:00,1799.56000000,1810.16000000,1794.86000000,1803.74000000,8258.86550000,2026-08-04T23:16:05.122771+00:00
ETHUSDT,2026-07-07T01:59:59.999000+00:00,1803.74000000,1803.74000000,1787.35000000,1792.64000000,10940.28050000,2026-08-04T23:16:05.122808+00:00
ETHUSDT,2026-07-07T02:59:59.999000+00:00,1792.65000000,1794.48000000,1777.00000000,1778.57000000,9702.15020000,2026-08-04T23:16:05.122846+00:00
ETHUSDT,2026-07-07T03:59:59.999000+00:00,1778.57000000,1781.56000000,1768.85000000,1771.56000000,8523.34800000,2026-08-04T23:16:05.122883+00:00
ETHUSDT,2026-07-07T04:59:59.999000+00:00,1771.55000000,1773.71000000,1762.66000000,1766.53000000,8330.32880000,2026-08-04T23:16:05.122920+00:00
ETHUSDT,2026-07-07T05:59:59.999000+00:00,1766.52000000,1773.71000000,1757.57000000,1770.58000000,10294.84420000,2026-08-04T23:16:05.122977+00:00
ETHUSDT,2026-07-07T06:59:59.999000+00:00,1770.57000000,1782.39000000,1764.84000000,1779.11000000,12917.95230000,2026-08-04T23:16:05.123015+00:00
ETHUSDT,2026-07-07T07:59:59.999000+00:00,1779.11000000,1782.59000000,1771.08000000,1771.24000000,5410.57190000,2026-08-04T23:16:05.123053+00:00
ETHUSDT,2026-07-07T08:59:59.999000+00:00,1771.23000000,1775.80000000,1768.37000000,1770.78000000,8034.42760000,2026-08-04T23:16:05.123090+00:00
ETHUSDT,2026-07-07T09:59:59.999000+00:00,1770.77000000,1783.04000000,1768.81000000,1778.16000000,8425.75550000,2026-08-04T23:16:05.123127+00:00
ETHUSDT,2026-07-07T10:59:59.999000+00:00,1778.16000000,1784.66000000,1774.35000000,1775.80000000,6740.84040000,2026-08-04T23:16:05.123164+00:00
ETHUSDT,2026-07-07T11:59:59.999000+00:00,1775.80000000,1785.00000000,1772.00000000,1780.77000000,4518.84450000,2026-08-04T23:16:05.123201+00:00
ETHUSDT,2026-07-07T12:59:59.999000+00:00,1780.77000000,1794.57000000,1780.27000000,1781.97000000,10488.46580000,2026-08-04T23:16:05.123238+00:00
ETHUSDT,2026-07-07T13:59:59.999000+00:00,1781.97000000,1783.28000000,1766.06000000,1769.01000000,16012.74400000,2026-08-04T23:16:05.123276+00:00
ETHUSDT,2026-07-07T14:59:59.999000+00:00,1769.02000000,1792.93000000,1761.19000000,1789.46000000,21986.80130000,2026-08-04T23:16:05.123313+00:00
ETHUSDT,2026-07-07T15:59:59.999000+00:00,1789.45000000,1803.03000000,1783.00000000,1797.45000000,16643.77330000,2026-08-04T23:16:05.123350+00:00
ETHUSDT,2026-07-07T16:59:59.999000+00:00,1797.45000000,1813.16000000,1792.44000000,1802.23000000,14026.21670000,2026-08-04T23:16:05.123387+00:00
ETHUSDT,2026-07-07T17:59:59.999000+00:00,1802.23000000,1810.39000000,1798.54000000,1810.39000000,8332.28600000,2026-08-04T23:16:05.123425+00:00
ETHUSDT,2026-07-07T18:59:59.999000+00:00,1810.39000000,1810.39000000,1785.88000000,1786.60000000,10232.44000000,2026-08-04T23:16:05.123462+00:00
ETHUSDT,2026-07-07T19:59:59.999000+00:00,1786.60000000,1792.39000000,1773.50000000,1790.45000000,14007.65200000,2026-08-04T23:16:05.123499+00:00
ETHUSDT,2026-07-07T20:59:59.999000+00:00,1790.46000000,1793.12000000,1781.39000000,1784.12000000,5049.35630000,2026-08-04T23:16:05.123536+00:00
ETHUSDT,2026-07-07T21:59:59.999000+00:00,1784.12000000,1789.40000000,1771.05000000,1773.84000000,11249.41790000,2026-08-04T23:16:05.123574+00:00
ETHUSDT,2026-07-07T22:59:59.999000+00:00,1773.83000000,1778.57000000,1765.35000000,1775.55000000,7075.21010000,2026-08-04T23:16:05.123611+00:00
ETHUSDT,2026-07-07T23:59:59.999000+00:00,1775.55000000,1780.94000000,1768.00000000,1771.45000000,4334.15250000,2026-08-04T23:16:05.123648+00:00
ETHUSDT,2026-07-08T00:59:59.999000+00:00,1771.45000000,1785.00000000,1770.02000000,1780.29000000,7805.24650000,2026-08-04T23:16:05.123685+00:00
ETHUSDT,2026-07-08T01:59:59.999000+00:00,1780.29000000,1780.75000000,1750.00000000,1755.94000000,15773.17090000,2026-08-04T23:16:05.123722+00:00
ETHUSDT,2026-07-08T02:59:59.999000+00:00,1755.93000000,1759.67000000,1741.21000000,1757.62000000,14172.65620000,2026-08-04T23:16:05.123759+00:00
ETHUSDT,2026-07-08T03:59:59.999000+00:00,1757.63000000,1763.87000000,1749.21000000,1751.78000000,7909.33940000,2026-08-04T23:16:05.123796+00:00
ETHUSDT,2026-07-08T04:59:59.999000+00:00,1751.74000000,1758.00000000,1749.49000000,1756.50000000,5605.20150000,2026-08-04T23:16:05.123833+00:00
ETHUSDT,2026-07-08T05:59:59.999000+00:00,1756.50000000,1759.69000000,1750.65000000,1754.14000000,5002.95630000,2026-08-04T23:16:05.123870+00:00
ETHUSDT,2026-07-08T06:59:59.999000+00:00,1754.15000000,1755.00000000,1746.34000000,1751.81000000,7293.50310000,2026-08-04T23:16:05.123907+00:00
ETHUSDT,2026-07-08T07:59:59.999000+00:00,1751.81000000,1757.40000000,1745.01000000,1756.70000000,7480.53380000,2026-08-04T23:16:05.123945+00:00
ETHUSDT,2026-07-08T08:59:59.999000+00:00,1756.70000000,1758.70000000,1725.18000000,1735.32000000,32556.40330000,2026-08-04T23:16:05.123982+00:00
ETHUSDT,2026-07-08T09:59:59.999000+00:00,1735.32000000,1740.77000000,1729.70000000,1736.05000000,10459.08110000,2026-08-04T23:16:05.124037+00:00
ETHUSDT,2026-07-08T10:59:59.999000+00:00,1736.06000000,1742.30000000,1732.60000000,1739.34000000,5418.13470000,2026-08-04T23:16:05.124080+00:00
ETHUSDT,2026-07-08T11:59:59.999000+00:00,1739.34000000,1750.96000000,1736.02000000,1747.95000000,8362.75530000,2026-08-04T23:16:05.124122+00:00
ETHUSDT,2026-07-08T12:59:59.999000+00:00,1747.95000000,1751.25000000,1738.20000000,1738.58000000,8062.18410000,2026-08-04T23:16:05.124161+00:00
ETHUSDT,2026-07-08T13:59:59.999000+00:00,1738.58000000,1744.25000000,1731.22000000,1737.72000000,12548.57490000,2026-08-04T23:16:05.124200+00:00
ETHUSDT,2026-07-08T14:59:59.999000+00:00,1737.71000000,1740.95000000,1722.13000000,1729.62000000,14284.78210000,2026-08-04T23:16:05.124239+00:00
ETHUSDT,2026-07-08T15:59:59.999000+00:00,1729.62000000,1730.53000000,1713.44000000,1722.96000000,17338.05600000,2026-08-04T23:16:05.124278+00:00
ETHUSDT,2026-07-08T16:59:59.999000+00:00,1722.96000000,1738.18000000,1722.78000000,1736.38000000,9231.42900000,2026-08-04T23:16:05.124317+00:00
ETHUSDT,2026-07-08T17:59:59.999000+00:00,1736.39000000,1746.52000000,1730.96000000,1733.15000000,10650.85260000,2026-08-04T23:16:05.124355+00:00
ETHUSDT,2026-07-08T18:59:59.999000+00:00,1733.16000000,1741.20000000,1730.03000000,1737.46000000,6602.49850000,2026-08-04T23:16:05.124394+00:00
ETHUSDT,2026-07-08T19:59:59.999000+00:00,1737.46000000,1741.52000000,1733.61000000,1740.98000000,4899.93300000,2026-08-04T23:16:05.124433+00:00
ETHUSDT,2026-07-08T20:59:59.999000+00:00,1740.99000000,1741.31000000,1734.62000000,1736.42000000,4235.44220000,2026-08-04T23:16:05.124472+00:00
ETHUSDT,2026-07-08T21:59:59.999000+00:00,1736.42000000,1740.00000000,1731.41000000,1738.06000000,2971.62020000,2026-08-04T23:16:05.124510+00:00
ETHUSDT,2026-07-08T22:59:59.999000+00:00,1738.07000000,1743.43000000,1736.83000000,1741.40000000,2733.66350000,2026-08-04T23:16:05.124549+00:00
ETHUSDT,2026-07-08T23:59:59.999000+00:00,1741.39000000,1744.81000000,1738.82000000,1743.54000000,3833.20720000,2026-08-04T23:16:05.124588+00:00
ETHUSDT,2026-07-09T00:59:59.999000+00:00,1743.55000000,1744.68000000,1736.98000000,1738.22000000,4559.45410000,2026-08-04T23:16:05.124627+00:00
ETHUSDT,2026-07-09T01:59:59.999000+00:00,1738.22000000,1756.79000000,1730.29000000,1731.79000000,12551.33050000,2026-08-04T23:16:05.124665+00:00
ETHUSDT,2026-07-09T02:59:59.999000+00:00,1731.80000000,1739.47000000,1723.60000000,1727.30000000,6230.84600000,2026-08-04T23:16:05.124704+00:00
ETHUSDT,2026-07-09T03:59:59.999000+00:00,1727.30000000,1734.61000000,1721.93000000,1730.70000000,4448.97580000,2026-08-04T23:16:05.124743+00:00
ETHUSDT,2026-07-09T04:59:59.999000+00:00,1730.70000000,1743.94000000,1730.35000000,1742.51000000,5752.12930000,2026-08-04T23:16:05.124782+00:00
ETHUSDT,2026-07-09T05:59:59.999000+00:00,1742.51000000,1749.48000000,1737.46000000,1749.39000000,7363.79480000,2026-08-04T23:16:05.124820+00:00
ETHUSDT,2026-07-09T06:59:59.999000+00:00,1749.38000000,1755.69000000,1745.91000000,1755.26000000,10243.23600000,2026-08-04T23:16:05.124859+00:00
ETHUSDT,2026-07-09T07:59:59.999000+00:00,1755.27000000,1762.36000000,1749.83000000,1753.31000000,14267.98580000,2026-08-04T23:16:05.124898+00:00
ETHUSDT,2026-07-09T08:59:59.999000+00:00,1753.30000000,1758.68000000,1750.92000000,1754.45000000,4961.89450000,2026-08-04T23:16:05.124937+00:00
ETHUSDT,2026-07-09T09:59:59.999000+00:00,1754.45000000,1756.52000000,1749.47000000,1755.78000000,5100.44660000,2026-08-04T23:16:05.124976+00:00
ETHUSDT,2026-07-09T10:59:59.999000+00:00,1755.77000000,1757.34000000,1744.10000000,1746.31000000,4382.03950000,2026-08-04T23:16:05.125014+00:00
ETHUSDT,2026-07-09T11:59:59.999000+00:00,1746.31000000,1748.49000000,1741.26000000,1744.02000000,5775.61430000,2026-08-04T23:16:05.125053+00:00
ETHUSDT,2026-07-09T12:59:59.999000+00:00,1744.02000000,1747.20000000,1734.70000000,1741.80000000,19303.94490000,2026-08-04T23:16:05.125092+00:00
ETHUSDT,2026-07-09T13:59:59.999000+00:00,1741.80000000,1752.00000000,1735.94000000,1746.99000000,12891.66530000,2026-08-04T23:16:05.125131+00:00
ETHUSDT,2026-07-09T14:59:59.999000+00:00,1746.99000000,1749.83000000,1733.36000000,1743.14000000,12621.63150000,2026-08-04T23:16:05.125189+00:00
ETHUSDT,2026-07-09T15:59:59.999000+00:00,1743.14000000,1749.37000000,1737.52000000,1739.51000000,5941.47180000,2026-08-04T23:16:05.125228+00:00
ETHUSDT,2026-07-09T16:59:59.999000+00:00,1739.51000000,1743.84000000,1731.99000000,1739.25000000,5567.83780000,2026-08-04T23:16:05.125269+00:00
ETHUSDT,2026-07-09T17:59:59.999000+00:00,1739.25000000,1752.50000000,1738.46000000,1748.52000000,5902.76650000,2026-08-04T23:16:05.125308+00:00
ETHUSDT,2026-07-09T18:59:59.999000+00:00,1748.53000000,1759.82000000,1747.47000000,1751.55000000,8365.68340000,2026-08-04T23:16:05.125347+00:00
ETHUSDT,2026-07-09T19:59:59.999000+00:00,1751.56000000,1752.95000000,1747.12000000,1748.51000000,4098.76710000,2026-08-04T23:16:05.125386+00:00
ETHUSDT,2026-07-09T20:59:59.999000+00:00,1748.51000000,1750.36000000,1745.27000000,1748.76000000,3290.15120000,2026-08-04T23:16:05.125425+00:00
ETHUSDT,2026-07-09T21:59:59.999000+00:00,1748.77000000,1750.97000000,1745.01000000,1748.17000000,3391.97130000,2026-08-04T23:16:05.125464+00:00
ETHUSDT,2026-07-09T22:59:59.999000+00:00,1748.17000000,1751.08000000,1746.33000000,1747.52000000,2982.54220000,2026-08-04T23:16:05.125503+00:00
ETHUSDT,2026-07-09T23:59:59.999000+00:00,1747.53000000,1749.07000000,1741.56000000,1745.16000000,3709.07700000,2026-08-04T23:16:05.125542+00:00
ETHUSDT,2026-07-10T00:59:59.999000+00:00,1745.17000000,1746.42000000,1737.68000000,1743.09000000,4484.71280000,2026-08-04T23:16:05.125580+00:00
ETHUSDT,2026-07-10T01:59:59.999000+00:00,1743.09000000,1777.47000000,1738.25000000,1767.62000000,21949.68400000,2026-08-04T23:16:05.125619+00:00
ETHUSDT,2026-07-10T02:59:59.999000+00:00,1767.62000000,1775.00000000,1764.56000000,1772.86000000,9964.53340000,2026-08-04T23:16:05.125658+00:00
ETHUSDT,2026-07-10T03:59:59.999000+00:00,1772.87000000,1779.68000000,1769.22000000,1776.12000000,8951.60110000,2026-08-04T23:16:05.125697+00:00
ETHUSDT,2026-07-10T04:59:59.999000+00:00,1776.13000000,1780.33000000,1771.94000000,1774.75000000,6935.68250000,2026-08-04T23:16:05.125736+00:00
ETHUSDT,2026-07-10T05:59:59.999000+00:00,1774.74000000,1780.00000000,1772.54000000,1779.04000000,5928.99420000,2026-08-04T23:16:05.125775+00:00
ETHUSDT,2026-07-10T06:59:59.999000+00:00,1779.04000000,1779.88000000,1769.23000000,1771.17000000,6368.24820000,2026-08-04T23:16:05.125814+00:00
ETHUSDT,2026-07-10T07:59:59.999000+00:00,1771.17000000,1777.45000000,1768.57000000,1773.20000000,4620.37440000,2026-08-04T23:16:05.125852+00:00
ETHUSDT,2026-07-10T08:59:59.999000+00:00,1773.20000000,1789.59000000,1772.63000000,1783.99000000,10180.55420000,2026-08-04T23:16:05.125892+00:00
ETHUSDT,2026-07-10T09:59:59.999000+00:00,1783.99000000,1794.94000000,1781.27000000,1792.56000000,10631.99100000,2026-08-04T23:16:05.125930+00:00
ETHUSDT,2026-07-10T10:59:59.999000+00:00,1792.55000000,1802.99000000,1789.45000000,1797.01000000,13415.15110000,2026-08-04T23:16:05.125969+00:00
ETHUSDT,2026-07-10T11:59:59.999000+00:00,1797.01000000,1802.41000000,1794.25000000,1801.22000000,12000.03230000,2026-08-04T23:16:05.126008+00:00
ETHUSDT,2026-07-10T12:59:59.999000+00:00,1801.22000000,1807.18000000,1792.98000000,1793.95000000,14822.58250000,2026-08-04T23:16:05.126046+00:00
ETHUSDT,2026-07-10T13:59:59.999000+00:00,1793.95000000,1812.00000000,1793.65000000,1803.82000000,14696.71910000,2026-08-04T23:16:05.126086+00:00
ETHUSDT,2026-07-10T14:59:59.999000+00:00,1803.82000000,1804.49000000,1775.00000000,1785.06000000,18781.42580000,2026-08-04T23:16:05.126124+00:00
ETHUSDT,2026-07-10T15:59:59.999000+00:00,1785.06000000,1796.88000000,1784.03000000,1791.11000000,8899.21600000,2026-08-04T23:16:05.126163+00:00
ETHUSDT,2026-07-10T16:59:59.999000+00:00,1791.11000000,1799.53000000,1785.86000000,1797.49000000,7780.21870000,2026-08-04T23:16:05.126202+00:00
ETHUSDT,2026-07-10T17:59:59.999000+00:00,1797.48000000,1799.00000000,1788.02000000,1788.03000000,6049.03190000,2026-08-04T23:16:05.126240+00:00
ETHUSDT,2026-07-10T18:59:59.999000+00:00,1788.03000000,1794.00000000,1781.20000000,1784.94000000,6073.97160000,2026-08-04T23:16:05.126299+00:00
ETHUSDT,2026-07-10T19:59:59.999000+00:00,1784.94000000,1797.31000000,1784.10000000,1792.68000000,6542.42640000,2026-08-04T23:16:05.126336+00:00
ETHUSDT,2026-07-10T20:59:59.999000+00:00,1792.68000000,1794.46000000,1789.65000000,1790.14000000,5201.04390000,2026-08-04T23:16:05.126372+00:00
ETHUSDT,2026-07-10T21:59:59.999000+00:00,1790.13000000,1796.99000000,1789.60000000,1794.37000000,5005.50300000,2026-08-04T23:16:05.126408+00:00
ETHUSDT,2026-07-10T22:59:59.999000+00:00,1794.37000000,1796.62000000,1792.95000000,1795.20000000,3421.88740000,2026-08-04T23:16:05.126444+00:00
ETHUSDT,2026-07-10T23:59:59.999000+00:00,1795.20000000,1798.00000000,1792.57000000,1796.85000000,2900.21900000,2026-08-04T23:16:05.126480+00:00
ETHUSDT,2026-07-11T00:59:59.999000+00:00,1796.85000000,1797.20000000,1790.10000000,1793.36000000,3618.95270000,2026-08-04T23:16:05.126517+00:00
ETHUSDT,2026-07-11T01:59:59.999000+00:00,1793.35000000,1799.29000000,1788.25000000,1789.09000000,5003.16040000,2026-08-04T23:16:05.126553+00:00
ETHUSDT,2026-07-11T02:59:59.999000+00:00,1789.09000000,1796.14000000,1786.77000000,1795.59000000,4151.10430000,2026-08-04T23:16:05.126589+00:00
ETHUSDT,2026-07-11T03:59:59.999000+00:00,1795.59000000,1798.24000000,1792.03000000,1796.50000000,3677.84420000,2026-08-04T23:16:05.126625+00:00
ETHUSDT,2026-07-11T04:59:59.999000+00:00,1796.50000000,1800.18000000,1795.75000000,1796.53000000,3954.42070000,2026-08-04T23:16:05.126661+00:00
ETHUSDT,2026-07-11T05:59:59.999000+00:00,1796.52000000,1802.27000000,1795.07000000,1799.45000000,4300.63000000,2026-08-04T23:16:05.126697+00:00
ETHUSDT,2026-07-11T06:59:59.999000+00:00,1799.44000000,1803.29000000,1794.60000000,1799.32000000,8839.66650000,2026-08-04T23:16:05.126734+00:00
ETHUSDT,2026-07-11T07:59:59.999000+00:00,1799.31000000,1802.00000000,1797.93000000,1800.00000000,5908.39440000,2026-08-04T23:16:05.126770+00:00
ETHUSDT,2026-07-11T08:59:59.999000+00:00,1799.99000000,1803.52000000,1799.58000000,1801.47000000,2510.29730000,2026-08-04T23:16:05.126806+00:00
ETHUSDT,2026-07-11T09:59:59.999000+00:00,1801.47000000,1802.59000000,1795.15000000,1795.50000000,3701.75490000,2026-08-04T23:16:05.126842+00:00
ETHUSDT,2026-07-11T10:59:59.999000+00:00,1795.51000000,1799.28000000,1795.23000000,1798.30000000,2958.87590000,2026-08-04T23:16:05.126878+00:00
ETHUSDT,2026-07-11T11:59:59.999000+00:00,1798.30000000,1801.02000000,1797.20000000,1800.48000000,3992.72280000,2026-08-04T23:16:05.126914+00:00
ETHUSDT,2026-07-11T12:59:59.999000+00:00,1800.47000000,1801.66000000,1798.42000000,1800.10000000,2803.01210000,2026-08-04T23:16:05.126950+00:00
ETHUSDT,2026-07-11T13:59:59.999000+00:00,1800.10000000,1808.37000000,1799.15000000,1802.61000000,4888.93760000,2026-08-04T23:16:05.126986+00:00
ETHUSDT,2026-07-11T14:59:59.999000+00:00,1802.61000000,1817.62000000,1802.48000000,1810.73000000,13659.34700000,2026-08-04T23:16:05.127023+00:00
ETHUSDT,2026-07-11T15:59:59.999000+00:00,1810.73000000,1828.00000000,1808.73000000,1814.83000000,27611.25840000,2026-08-04T23:16:05.127059+00:00
ETHUSDT,2026-07-11T16:59:59.999000+00:00,1814.82000000,1824.43000000,1810.62000000,1823.34000000,17930.40940000,2026-08-04T23:16:05.127095+00:00
ETHUSDT,2026-07-11T17:59:59.999000+00:00,1823.34000000,1830.00000000,1818.42000000,1824.73000000,7153.28140000,2026-08-04T23:16:05.127131+00:00
ETHUSDT,2026-07-11T18:59:59.999000+00:00,1824.72000000,1830.00000000,1823.70000000,1826.39000000,6844.04620000,2026-08-04T23:16:05.127167+00:00
ETHUSDT,2026-07-11T19:59:59.999000+00:00,1826.39000000,1827.21000000,1818.96000000,1824.38000000,12178.85370000,2026-08-04T23:16:05.127204+00:00
ETHUSDT,2026-07-11T20:59:59.999000+00:00,1824.38000000,1828.57000000,1823.21000000,1825.97000000,3595.75540000,2026-08-04T23:16:05.127240+00:00
ETHUSDT,2026-07-11T21:59:59.999000+00:00,1825.97000000,1829.17000000,1822.65000000,1823.97000000,3406.48650000,2026-08-04T23:16:05.127277+00:00
ETHUSDT,2026-07-11T22:59:59.999000+00:00,1823.96000000,1824.21000000,1809.26000000,1813.73000000,7981.44880000,2026-08-04T23:16:05.127342+00:00
ETHUSDT,2026-07-11T23:59:59.999000+00:00,1813.73000000,1815.86000000,1786.58000000,1787.76000000,18032.75770000,2026-08-04T23:16:05.127438+00:00
ETHUSDT,2026-07-12T00:59:59.999000+00:00,1787.76000000,1791.18000000,1779.46000000,1788.98000000,11937.49120000,2026-08-04T23:16:05.127481+00:00
ETHUSDT,2026-07-12T01:59:59.999000+00:00,1788.98000000,1808.30000000,1788.16000000,1806.70000000,8466.36800000,2026-08-04T23:16:05.127521+00:00
ETHUSDT,2026-07-12T02:59:59.999000+00:00,1806.70000000,1807.60000000,1802.97000000,1805.12000000,3503.15990000,2026-08-04T23:16:05.127561+00:00
ETHUSDT,2026-07-12T03:59:59.999000+00:00,1805.11000000,1813.67000000,1802.66000000,1811.53000000,6583.91370000,2026-08-04T23:16:05.127600+00:00
ETHUSDT,2026-07-12T04:59:59.999000+00:00,1811.53000000,1812.63000000,1804.15000000,1805.92000000,3232.07530000,2026-08-04T23:16:05.127639+00:00
ETHUSDT,2026-07-12T05:59:59.999000+00:00,1805.92000000,1807.15000000,1801.30000000,1803.25000000,2322.34980000,2026-08-04T23:16:05.127678+00:00
ETHUSDT,2026-07-12T06:59:59.999000+00:00,1803.25000000,1803.25000000,1789.44000000,1795.13000000,6351.42600000,2026-08-04T23:16:05.127717+00:00
ETHUSDT,2026-07-12T07:59:59.999000+00:00,1795.14000000,1799.10000000,1794.20000000,1798.78000000,2575.73080000,2026-08-04T23:16:05.127756+00:00
ETHUSDT,2026-07-12T08:59:59.999000+00:00,1798.78000000,1808.94000000,1798.73000000,1805.22000000,3448.41740000,2026-08-04T23:16:05.127794+00:00
ETHUSDT,2026-07-12T09:59:59.999000+00:00,1805.22000000,1805.99000000,1796.69000000,1802.39000000,3895.08670000,2026-08-04T23:16:05.127833+00:00
ETHUSDT,2026-07-12T10:59:59.999000+00:00,1802.40000000,1802.58000000,1798.99000000,1799.40000000,2402.48270000,2026-08-04T23:16:05.127871+00:00
ETHUSDT,2026-07-12T11:59:59.999000+00:00,1799.41000000,1806.84000000,1796.48000000,1803.77000000,3917.39230000,2026-08-04T23:16:05.127909+00:00
ETHUSDT,2026-07-12T12:59:59.999000+00:00,1803.77000000,1809.42000000,1803.00000000,1807.01000000,2524.43390000,2026-08-04T23:16:05.127964+00:00
ETHUSDT,2026-07-12T13:59:59.999000+00:00,1807.02000000,1809.78000000,1805.33000000,1805.95000000,2484.67620000,2026-08-04T23:16:05.128012+00:00
ETHUSDT,2026-07-12T14:59:59.999000+00:00,1805.95000000,1822.00000000,1804.20000000,1819.51000000,11538.34280000,2026-08-04T23:16:05.128052+00:00
ETHUSDT,2026-07-12T15:59:59.999000+00:00,1819.50000000,1826.92000000,1816.54000000,1820.93000000,16127.37800000,2026-08-04T23:16:05.128095+00:00
ETHUSDT,2026-07-12T16:59:59.999000+00:00,1820.94000000,1824.39000000,1817.60000000,1822.00000000,12343.51950000,2026-08-04T23:16:05.128135+00:00
ETHUSDT,2026-07-12T17:59:59.999000+00:00,1821.99000000,1822.54000000,1814.85000000,1818.50000000,5327.09600000,2026-08-04T23:16:05.128173+00:00
ETHUSDT,2026-07-12T18:59:59.999000+00:00,1818.51000000,1822.38000000,1815.12000000,1821.42000000,5070.45220000,2026-08-04T23:16:05.128212+00:00
ETHUSDT,2026-07-12T19:59:59.999000+00:00,1821.42000000,1823.00000000,1818.71000000,1821.40000000,4492.96290000,2026-08-04T23:16:05.128251+00:00
ETHUSDT,2026-07-12T20:59:59.999000+00:00,1821.40000000,1824.00000000,1818.80000000,1821.26000000,3550.74590000,2026-08-04T23:16:05.128288+00:00
ETHUSDT,2026-07-12T21:59:59.999000+00:00,1821.26000000,1823.63000000,1810.78000000,1812.28000000,4999.72810000,2026-08-04T23:16:05.128327+00:00
ETHUSDT,2026-07-12T22:59:59.999000+00:00,1812.27000000,1812.27000000,1797.63000000,1805.06000000,10013.14090000,2026-08-04T23:16:05.128365+00:00
ETHUSDT,2026-07-12T23:59:59.999000+00:00,1805.05000000,1808.94000000,1801.00000000,1806.80000000,3964.61330000,2026-08-04T23:16:05.128402+00:00
ETHUSDT,2026-07-13T00:59:59.999000+00:00,1806.80000000,1846.00000000,1804.41000000,1826.59000000,45581.49350000,2026-08-04T23:16:05.128440+00:00
ETHUSDT,2026-07-13T01:59:59.999000+00:00,1826.60000000,1829.99000000,1805.32000000,1806.83000000,13467.77050000,2026-08-04T23:16:05.128478+00:00
ETHUSDT,2026-07-13T02:59:59.999000+00:00,1806.84000000,1814.82000000,1798.99000000,1806.99000000,12025.55380000,2026-08-04T23:16:05.128518+00:00
ETHUSDT,2026-07-13T03:59:59.999000+00:00,1806.99000000,1806.99000000,1775.00000000,1780.55000000,28414.50540000,2026-08-04T23:16:05.128578+00:00
ETHUSDT,2026-07-13T04:59:59.999000+00:00,1780.54000000,1785.16000000,1776.42000000,1779.03000000,7879.82090000,2026-08-04T23:16:05.128616+00:00
ETHUSDT,2026-07-13T05:59:59.999000+00:00,1779.03000000,1786.61000000,1773.99000000,1781.64000000,10049.81840000,2026-08-04T23:16:05.128654+00:00
ETHUSDT,2026-07-13T06:59:59.999000+00:00,1781.64000000,1783.42000000,1775.96000000,1777.85000000,7014.69650000,2026-08-04T23:16:05.128695+00:00
ETHUSDT,2026-07-13T07:59:59.999000+00:00,1777.85000000,1791.39000000,1776.44000000,1787.57000000,9229.38960000,2026-08-04T23:16:05.128733+00:00
ETHUSDT,2026-07-13T08:59:59.999000+00:00,1787.58000000,1793.56000000,1783.86000000,1790.17000000,7102.96880000,2026-08-04T23:16:05.128771+00:00
ETHUSDT,2026-07-13T09:59:59.999000+00:00,1790.18000000,1790.55000000,1784.92000000,1785.81000000,4441.84540000,2026-08-04T23:16:05.128809+00:00
ETHUSDT,2026-07-13T10:59:59.999000+00:00,1785.81000000,1786.89000000,1777.10000000,1779.43000000,8604.83380000,2026-08-04T23:16:05.128847+00:00
ETHUSDT,2026-07-13T11:59:59.999000+00:00,1779.43000000,1784.98000000,1779.43000000,1780.74000000,4821.35270000,2026-08-04T23:16:05.128884+00:00
ETHUSDT,2026-07-13T12:59:59.999000+00:00,1780.74000000,1783.54000000,1767.73000000,1772.33000000,13917.35520000,2026-08-04T23:16:05.128922+00:00
ETHUSDT,2026-07-13T13:59:59.999000+00:00,1772.33000000,1776.54000000,1763.46000000,1771.30000000,16550.73640000,2026-08-04T23:16:05.128959+00:00
ETHUSDT,2026-07-13T14:59:59.999000+00:00,1771.30000000,1782.00000000,1762.44000000,1781.74000000,19924.44400000,2026-08-04T23:16:05.128997+00:00
ETHUSDT,2026-07-13T15:59:59.999000+00:00,1781.74000000,1786.53000000,1775.50000000,1777.01000000,7213.66170000,2026-08-04T23:16:05.129035+00:00
ETHUSDT,2026-07-13T16:59:59.999000+00:00,1777.00000000,1780.73000000,1767.38000000,1772.05000000,8562.98680000,2026-08-04T23:16:05.129072+00:00
ETHUSDT,2026-07-13T17:59:59.999000+00:00,1772.05000000,1776.33000000,1753.25000000,1753.62000000,16382.02090000,2026-08-04T23:16:05.129110+00:00
ETHUSDT,2026-07-13T18:59:59.999000+00:00,1753.62000000,1767.39000000,1750.20000000,1764.90000000,16733.38960000,2026-08-04T23:16:05.129148+00:00
ETHUSDT,2026-07-13T19:59:59.999000+00:00,1764.90000000,1775.26000000,1764.51000000,1774.92000000,7678.57970000,2026-08-04T23:16:05.129185+00:00
ETHUSDT,2026-07-13T20:59:59.999000+00:00,1774.93000000,1776.99000000,1761.72000000,1767.33000000,5722.32990000,2026-08-04T23:16:05.129223+00:00
ETHUSDT,2026-07-13T21:59:59.999000+00:00,1767.34000000,1767.34000000,1752.59000000,1761.68000000,8959.97070000,2026-08-04T23:16:05.129261+00:00
ETHUSDT,2026-07-13T22:59:59.999000+00:00,1761.68000000,1768.45000000,1756.41000000,1758.50000000,5489.76100000,2026-08-04T23:16:05.129299+00:00
ETHUSDT,2026-07-13T23:59:59.999000+00:00,1758.51000000,1778.05000000,1756.49000000,1776.72000000,9262.33460000,2026-08-04T23:16:05.129336+00:00
ETHUSDT,2026-07-14T00:59:59.999000+00:00,1776.71000000,1788.64000000,1773.41000000,1786.02000000,8453.57700000,2026-08-04T23:16:05.129374+00:00
ETHUSDT,2026-07-14T01:59:59.999000+00:00,1786.02000000,1794.47000000,1783.27000000,1784.84000000,8797.12280000,2026-08-04T23:16:05.129411+00:00
ETHUSDT,2026-07-14T02:59:59.999000+00:00,1784.83000000,1789.02000000,1775.07000000,1782.66000000,4929.12790000,2026-08-04T23:16:05.129449+00:00
ETHUSDT,2026-07-14T03:59:59.999000+00:00,1782.67000000,1783.96000000,1774.75000000,1783.65000000,3656.01380000,2026-08-04T23:16:05.129487+00:00
ETHUSDT,2026-07-14T04:59:59.999000+00:00,1783.64000000,1789.99000000,1782.26000000,1785.93000000,5691.24120000,2026-08-04T23:16:05.129525+00:00
ETHUSDT,2026-07-14T05:59:59.999000+00:00,1785.92000000,1793.26000000,1784.53000000,1787.04000000,6015.86970000,2026-08-04T23:16:05.129562+00:00
ETHUSDT,2026-07-14T06:59:59.999000+00:00,1787.03000000,1787.40000000,1781.92000000,1783.19000000,4426.52350000,2026-08-04T23:16:05.129600+00:00
ETHUSDT,2026-07-14T07:59:59.999000+00:00,1783.19000000,1786.55000000,1779.41000000,1781.21000000,6999.26400000,2026-08-04T23:16:05.129658+00:00
ETHUSDT,2026-07-14T08:59:59.999000+00:00,1781.21000000,1789.61000000,1779.00000000,1785.93000000,6336.90610000,2026-08-04T23:16:05.129696+00:00
ETHUSDT,2026-07-14T09:59:59.999000+00:00,1785.94000000,1789.56000000,1782.90000000,1786.19000000,5397.68910000,2026-08-04T23:16:05.129733+00:00
ETHUSDT,2026-07-14T10:59:59.999000+00:00,1786.19000000,1805.00000000,1786.11000000,1800.12000000,27952.71870000,2026-08-04T23:16:05.129771+00:00
ETHUSDT,2026-07-14T11:59:59.999000+00:00,1800.13000000,1802.95000000,1795.82000000,1798.09000000,7829.77700000,2026-08-04T23:16:05.129809+00:00
ETHUSDT,2026-07-14T12:59:59.999000+00:00,1798.09000000,1867.71000000,1794.37000000,1861.04000000,78226.08120000,2026-08-04T23:16:05.129847+00:00
ETHUSDT,2026-07-14T13:59:59.999000+00:00,1861.04000000,1882.85000000,1854.41000000,1871.31000000,59074.24250000,2026-08-04T23:16:05.129884+00:00
ETHUSDT,2026-07-14T14:59:59.999000+00:00,1871.30000000,1884.56000000,1859.46000000,1881.16000000,27015.05550000,2026-08-04T23:16:05.129922+00:00
ETHUSDT,2026-07-14T15:59:59.999000+00:00,1881.17000000,1888.80000000,1872.85000000,1875.22000000,28696.38130000,2026-08-04T23:16:05.129960+00:00
ETHUSDT,2026-07-14T16:59:59.999000+00:00,1875.22000000,1877.07000000,1868.76000000,1873.79000000,12744.14140000,2026-08-04T23:16:05.129997+00:00
ETHUSDT,2026-07-14T17:59:59.999000+00:00,1873.80000000,1873.80000000,1860.56000000,1871.54000000,12580.75540000,2026-08-04T23:16:05.130035+00:00
ETHUSDT,2026-07-14T18:59:59.999000+00:00,1871.55000000,1876.83000000,1868.18000000,1874.79000000,6718.53070000,2026-08-04T23:16:05.130072+00:00
ETHUSDT,2026-07-14T19:59:59.999000+00:00,1874.79000000,1881.56000000,1874.43000000,1876.74000000,6916.49560000,2026-08-04T23:16:05.130110+00:00
ETHUSDT,2026-07-14T20:59:59.999000+00:00,1876.74000000,1878.55000000,1873.63000000,1875.42000000,3540.17650000,2026-08-04T23:16:05.130147+00:00
ETHUSDT,2026-07-14T21:59:59.999000+00:00,1875.41000000,1879.74000000,1874.40000000,1876.46000000,4325.44090000,2026-08-04T23:16:05.130185+00:00
ETHUSDT,2026-07-14T22:59:59.999000+00:00,1876.46000000,1896.14000000,1872.06000000,1882.04000000,21465.41470000,2026-08-04T23:16:05.130222+00:00
ETHUSDT,2026-07-14T23:59:59.999000+00:00,1882.04000000,1893.32000000,1878.69000000,1891.87000000,11125.22550000,2026-08-04T23:16:05.130260+00:00
ETHUSDT,2026-07-15T00:59:59.999000+00:00,1891.87000000,1893.32000000,1878.13000000,1881.58000000,9550.64080000,2026-08-04T23:16:05.130297+00:00
ETHUSDT,2026-07-15T01:59:59.999000+00:00,1881.58000000,1881.98000000,1867.23000000,1870.20000000,10644.97340000,2026-08-04T23:16:05.130335+00:00
ETHUSDT,2026-07-15T02:59:59.999000+00:00,1870.19000000,1873.04000000,1864.38000000,1864.60000000,8096.64750000,2026-08-04T23:16:05.130372+00:00
ETHUSDT,2026-07-15T03:59:59.999000+00:00,1864.60000000,1878.96000000,1864.46000000,1876.08000000,6856.56060000,2026-08-04T23:16:05.130410+00:00
ETHUSDT,2026-07-15T04:59:59.999000+00:00,1876.08000000,1880.59000000,1873.31000000,1876.49000000,5458.10450000,2026-08-04T23:16:05.130447+00:00
ETHUSDT,2026-07-15T05:59:59.999000+00:00,1876.50000000,1883.54000000,1871.64000000,1882.68000000,5911.75970000,2026-08-04T23:16:05.130484+00:00
ETHUSDT,2026-07-15T06:59:59.999000+00:00,1882.69000000,1891.89000000,1875.52000000,1875.87000000,11821.18320000,2026-08-04T23:16:05.130522+00:00
ETHUSDT,2026-07-15T07:59:59.999000+00:00,1875.87000000,1877.16000000,1864.70000000,1870.04000000,13148.28060000,2026-08-04T23:16:05.130559+00:00
ETHUSDT,2026-07-15T08:59:59.999000+00:00,1870.04000000,1879.64000000,1870.03000000,1879.22000000,7626.35540000,2026-08-04T23:16:05.130597+00:00
ETHUSDT,2026-07-15T09:59:59.999000+00:00,1879.22000000,1886.59000000,1879.18000000,1879.86000000,11037.78790000,2026-08-04T23:16:05.130635+00:00
ETHUSDT,2026-07-15T10:59:59.999000+00:00,1879.86000000,1886.55000000,1874.98000000,1878.11000000,10094.63060000,2026-08-04T23:16:05.130673+00:00
ETHUSDT,2026-07-15T11:59:59.999000+00:00,1878.12000000,1885.71000000,1877.48000000,1884.62000000,6327.11960000,2026-08-04T23:16:05.130732+00:00
ETHUSDT,2026-07-15T12:59:59.999000+00:00,1884.62000000,1929.94000000,1879.25000000,1927.16000000,40956.86540000,2026-08-04T23:16:05.130770+00:00
ETHUSDT,2026-07-15T13:59:59.999000+00:00,1927.17000000,1946.52000000,1917.16000000,1925.76000000,55492.80370000,2026-08-04T23:16:05.130809+00:00
ETHUSDT,2026-07-15T14:59:59.999000+00:00,1925.77000000,1935.51000000,1919.12000000,1933.23000000,25792.00820000,2026-08-04T23:16:05.130847+00:00
ETHUSDT,2026-07-15T15:59:59.999000+00:00,1933.24000000,1937.60000000,1925.95000000,1931.95000000,15043.13800000,2026-08-04T23:16:05.130886+00:00
ETHUSDT,2026-07-15T16:59:59.999000+00:00,1931.96000000,1932.95000000,1904.36000000,1919.62000000,21205.26580000,2026-08-04T23:16:05.130924+00:00
ETHUSDT,2026-07-15T17:59:59.999000+00:00,1919.62000000,1931.22000000,1919.44000000,1927.94000000,10664.04320000,2026-08-04T23:16:05.130962+00:00
ETHUSDT,2026-07-15T18:59:59.999000+00:00,1927.93000000,1937.00000000,1922.62000000,1924.47000000,14593.80810000,2026-08-04T23:16:05.131000+00:00
ETHUSDT,2026-07-15T19:59:59.999000+00:00,1924.47000000,1929.06000000,1918.92000000,1924.15000000,8808.65790000,2026-08-04T23:16:05.131039+00:00
ETHUSDT,2026-07-15T20:59:59.999000+00:00,1924.15000000,1930.71000000,1919.71000000,1923.75000000,4481.71480000,2026-08-04T23:16:05.131077+00:00
ETHUSDT,2026-07-15T21:59:59.999000+00:00,1923.75000000,1925.73000000,1919.80000000,1922.00000000,4689.26910000,2026-08-04T23:16:05.131115+00:00
ETHUSDT,2026-07-15T22:59:59.999000+00:00,1922.00000000,1928.58000000,1918.30000000,1923.43000000,6006.37690000,2026-08-04T23:16:05.131154+00:00
ETHUSDT,2026-07-15T23:59:59.999000+00:00,1923.43000000,1927.28000000,1914.89000000,1917.86000000,5492.97440000,2026-08-04T23:16:05.131192+00:00
ETHUSDT,2026-07-16T00:59:59.999000+00:00,1917.86000000,1924.98000000,1911.61000000,1914.86000000,8258.60480000,2026-08-04T23:16:05.131230+00:00
ETHUSDT,2026-07-16T01:59:59.999000+00:00,1914.85000000,1926.00000000,1908.12000000,1922.70000000,6776.81710000,2026-08-04T23:16:05.131268+00:00
ETHUSDT,2026-07-16T02:59:59.999000+00:00,1922.69000000,1926.23000000,1918.97000000,1925.37000000,5134.87020000,2026-08-04T23:16:05.131307+00:00
ETHUSDT,2026-07-16T03:59:59.999000+00:00,1925.36000000,1929.00000000,1917.08000000,1918.70000000,7997.90960000,2026-08-04T23:16:05.131345+00:00
ETHUSDT,2026-07-16T04:59:59.999000+00:00,1918.70000000,1920.98000000,1914.13000000,1918.31000000,5147.20640000,2026-08-04T23:16:05.131383+00:00
ETHUSDT,2026-07-16T05:59:59.999000+00:00,1918.30000000,1927.63000000,1917.12000000,1925.66000000,4973.31060000,2026-08-04T23:16:05.131421+00:00
ETHUSDT,2026-07-16T06:59:59.999000+00:00,1925.65000000,1929.48000000,1915.56000000,1922.53000000,5109.25390000,2026-08-04T23:16:05.131460+00:00
ETHUSDT,2026-07-16T07:59:59.999000+00:00,1922.54000000,1922.54000000,1905.00000000,1910.63000000,13927.64270000,2026-08-04T23:16:05.131498+00:00
ETHUSDT,2026-07-16T08:59:59.999000+00:00,1910.64000000,1912.85000000,1875.56000000,1886.09000000,48846.34530000,2026-08-04T23:16:05.131537+00:00
ETHUSDT,2026-07-16T09:59:59.999000+00:00,1886.09000000,1889.28000000,1880.41000000,1884.67000000,14158.63770000,2026-08-04T23:16:05.131575+00:00
ETHUSDT,2026-07-16T10:59:59.999000+00:00,1884.68000000,1891.78000000,1883.77000000,1888.58000000,8749.08090000,2026-08-04T23:16:05.131613+00:00
ETHUSDT,2026-07-16T11:59:59.999000+00:00,1888.58000000,1888.58000000,1879.32000000,1885.26000000,13696.67000000,2026-08-04T23:16:05.131651+00:00
ETHUSDT,2026-07-16T12:59:59.999000+00:00,1885.26000000,1885.26000000,1867.68000000,1872.55000000,15798.20910000,2026-08-04T23:16:05.131690+00:00
ETHUSDT,2026-07-16T13:59:59.999000+00:00,1872.55000000,1890.23000000,1871.05000000,1882.81000000,15724.01260000,2026-08-04T23:16:05.131728+00:00
ETHUSDT,2026-07-16T14:59:59.999000+00:00,1882.80000000,1893.00000000,1874.98000000,1883.52000000,16858.93600000,2026-08-04T23:16:05.131767+00:00
ETHUSDT,2026-07-16T15:59:59.999000+00:00,1883.52000000,1894.38000000,1871.12000000,1881.88000000,15612.39990000,2026-08-04T23:16:05.131805+00:00
ETHUSDT,2026-07-16T16:59:59.999000+00:00,1881.89000000,1883.00000000,1874.67000000,1878.90000000,10171.53530000,2026-08-04T23:16:05.131864+00:00
ETHUSDT,2026-07-16T17:59:59.999000+00:00,1878.90000000,1879.25000000,1862.57000000,1868.91000000,12328.35600000,2026-08-04T23:16:05.131903+00:00
ETHUSDT,2026-07-16T18:59:59.999000+00:00,1868.92000000,1879.69000000,1868.10000000,1875.85000000,6809.19030000,2026-08-04T23:16:05.131942+00:00
ETHUSDT,2026-07-16T19:59:59.999000+00:00,1875.85000000,1877.75000000,1871.09000000,1875.59000000,4014.49250000,2026-08-04T23:16:05.131981+00:00
ETHUSDT,2026-07-16T20:59:59.999000+00:00,1875.59000000,1875.70000000,1871.66000000,1871.89000000,3579.95270000,2026-08-04T23:16:05.132020+00:00
ETHUSDT,2026-07-16T21:59:59.999000+00:00,1871.90000000,1881.36000000,1871.77000000,1878.66000000,4851.37500000,2026-08-04T23:16:05.132058+00:00
ETHUSDT,2026-07-16T22:59:59.999000+00:00,1878.67000000,1881.59000000,1868.04000000,1868.89000000,9279.90260000,2026-08-04T23:16:05.132096+00:00
ETHUSDT,2026-07-16T23:59:59.999000+00:00,1868.89000000,1870.66000000,1857.54000000,1864.71000000,13884.37510000,2026-08-04T23:16:05.132134+00:00
ETHUSDT,2026-07-17T00:59:59.999000+00:00,1864.71000000,1866.71000000,1848.32000000,1865.77000000,14963.72260000,2026-08-04T23:16:05.132173+00:00
ETHUSDT,2026-07-17T01:59:59.999000+00:00,1865.77000000,1871.08000000,1848.07000000,1851.21000000,10000.22020000,2026-08-04T23:16:05.132211+00:00
ETHUSDT,2026-07-17T02:59:59.999000+00:00,1851.22000000,1855.61000000,1843.20000000,1848.10000000,12473.04380000,2026-08-04T23:16:05.132249+00:00
ETHUSDT,2026-07-17T03:59:59.999000+00:00,1848.09000000,1859.64000000,1847.32000000,1852.53000000,7049.83020000,2026-08-04T23:16:05.132288+00:00
ETHUSDT,2026-07-17T04:59:59.999000+00:00,1852.53000000,1853.08000000,1844.00000000,1850.07000000,6715.59580000,2026-08-04T23:16:05.132326+00:00
ETHUSDT,2026-07-17T05:59:59.999000+00:00,1850.06000000,1850.06000000,1821.36000000,1823.94000000,17781.35760000,2026-08-04T23:16:05.132365+00:00
ETHUSDT,2026-07-17T06:59:59.999000+00:00,1823.94000000,1836.55000000,1820.74000000,1832.31000000,9568.46710000,2026-08-04T23:16:05.132403+00:00
ETHUSDT,2026-07-17T07:59:59.999000+00:00,1832.31000000,1833.56000000,1826.29000000,1828.52000000,11468.30210000,2026-08-04T23:16:05.132442+00:00
ETHUSDT,2026-07-17T08:59:59.999000+00:00,1828.52000000,1832.51000000,1821.41000000,1830.15000000,13750.34150000,2026-08-04T23:16:05.132480+00:00
ETHUSDT,2026-07-17T09:59:59.999000+00:00,1830.16000000,1836.27000000,1829.29000000,1835.10000000,5043.59030000,2026-08-04T23:16:05.132519+00:00
ETHUSDT,2026-07-17T10:59:59.999000+00:00,1835.10000000,1840.40000000,1834.30000000,1836.97000000,9709.66000000,2026-08-04T23:16:05.132557+00:00
ETHUSDT,2026-07-17T11:59:59.999000+00:00,1836.98000000,1843.26000000,1833.30000000,1839.04000000,8366.90510000,2026-08-04T23:16:05.132596+00:00
ETHUSDT,2026-07-17T12:59:59.999000+00:00,1839.05000000,1840.58000000,1827.73000000,1828.54000000,9851.48750000,2026-08-04T23:16:05.132634+00:00
ETHUSDT,2026-07-17T13:59:59.999000+00:00,1828.54000000,1829.23000000,1803.05000000,1825.50000000,34181.37280000,2026-08-04T23:16:05.132673+00:00
ETHUSDT,2026-07-17T14:59:59.999000+00:00,1825.50000000,1834.00000000,1817.18000000,1822.16000000,15191.51110000,2026-08-04T23:16:05.132711+00:00
ETHUSDT,2026-07-17T15:59:59.999000+00:00,1822.16000000,1831.26000000,1810.77000000,1830.88000000,13745.95410000,2026-08-04T23:16:05.132749+00:00
ETHUSDT,2026-07-17T16:59:59.999000+00:00,1830.89000000,1840.51000000,1825.32000000,1835.91000000,13830.39310000,2026-08-04T23:16:05.132788+00:00
ETHUSDT,2026-07-17T17:59:59.999000+00:00,1835.91000000,1856.17000000,1835.91000000,1843.71000000,14390.43850000,2026-08-04T23:16:05.132826+00:00
ETHUSDT,2026-07-17T18:59:59.999000+00:00,1843.72000000,1849.67000000,1835.18000000,1846.99000000,7181.02600000,2026-08-04T23:16:05.132864+00:00
ETHUSDT,2026-07-17T19:59:59.999000+00:00,1846.98000000,1846.99000000,1835.65000000,1843.76000000,5576.84370000,2026-08-04T23:16:05.132903+00:00
ETHUSDT,2026-07-17T20:59:59.999000+00:00,1843.76000000,1846.20000000,1837.15000000,1842.93000000,3458.03120000,2026-08-04T23:16:05.132964+00:00
ETHUSDT,2026-07-17T21:59:59.999000+00:00,1842.93000000,1846.65000000,1840.50000000,1841.54000000,2615.19200000,2026-08-04T23:16:05.133002+00:00
ETHUSDT,2026-07-17T22:59:59.999000+00:00,1841.55000000,1843.89000000,1837.62000000,1839.95000000,2602.22640000,2026-08-04T23:16:05.133041+00:00
ETHUSDT,2026-07-17T23:59:59.999000+00:00,1839.94000000,1844.47000000,1835.27000000,1841.93000000,3512.24290000,2026-08-04T23:16:05.133090+00:00
ETHUSDT,2026-07-18T00:59:59.999000+00:00,1841.94000000,1845.00000000,1839.86000000,1840.84000000,2811.48090000,2026-08-04T23:16:05.133147+00:00
ETHUSDT,2026-07-18T01:59:59.999000+00:00,1840.84000000,1843.39000000,1839.38000000,1842.48000000,2570.72560000,2026-08-04T23:16:05.133191+00:00
ETHUSDT,2026-07-18T02:59:59.999000+00:00,1842.49000000,1846.74000000,1840.73000000,1841.91000000,4865.94160000,2026-08-04T23:16:05.133233+00:00
ETHUSDT,2026-07-18T03:59:59.999000+00:00,1841.91000000,1846.49000000,1841.46000000,1845.96000000,3379.48900000,2026-08-04T23:16:05.133275+00:00
ETHUSDT,2026-07-18T04:59:59.999000+00:00,1845.96000000,1846.19000000,1842.56000000,1844.70000000,1831.77380000,2026-08-04T23:16:05.133318+00:00
ETHUSDT,2026-07-18T05:59:59.999000+00:00,1844.70000000,1849.68000000,1843.19000000,1845.86000000,3424.98550000,2026-08-04T23:16:05.133359+00:00
ETHUSDT,2026-07-18T06:59:59.999000+00:00,1845.85000000,1848.00000000,1843.11000000,1844.97000000,2978.17640000,2026-08-04T23:16:05.133404+00:00
ETHUSDT,2026-07-18T07:59:59.999000+00:00,1844.98000000,1846.04000000,1843.04000000,1844.20000000,1958.43620000,2026-08-04T23:16:05.133446+00:00
ETHUSDT,2026-07-18T08:59:59.999000+00:00,1844.20000000,1849.44000000,1842.30000000,1847.43000000,3188.28710000,2026-08-04T23:16:05.133485+00:00
ETHUSDT,2026-07-18T09:59:59.999000+00:00,1847.44000000,1848.03000000,1842.93000000,1844.87000000,2560.53920000,2026-08-04T23:16:05.133524+00:00
ETHUSDT,2026-07-18T10:59:59.999000+00:00,1844.87000000,1846.72000000,1844.01000000,1845.57000000,3022.48860000,2026-08-04T23:16:05.133563+00:00
ETHUSDT,2026-07-18T11:59:59.999000+00:00,1845.57000000,1846.85000000,1844.37000000,1845.56000000,1391.14830000,2026-08-04T23:16:05.133602+00:00
ETHUSDT,2026-07-18T12:59:59.999000+00:00,1845.56000000,1850.64000000,1840.17000000,1844.98000000,5922.51210000,2026-08-04T23:16:05.133641+00:00
ETHUSDT,2026-07-18T13:59:59.999000+00:00,1844.97000000,1844.97000000,1837.58000000,1841.61000000,4107.69540000,2026-08-04T23:16:05.133679+00:00
ETHUSDT,2026-07-18T14:59:59.999000+00:00,1841.61000000,1846.27000000,1840.64000000,1845.95000000,3793.58070000,2026-08-04T23:16:05.133718+00:00
ETHUSDT,2026-07-18T15:59:59.999000+00:00,1845.95000000,1846.35000000,1842.12000000,1844.15000000,3802.58710000,2026-08-04T23:16:05.133757+00:00
ETHUSDT,2026-07-18T16:59:59.999000+00:00,1844.15000000,1847.14000000,1841.51000000,1846.11000000,3407.56330000,2026-08-04T23:16:05.133796+00:00
ETHUSDT,2026-07-18T17:59:59.999000+00:00,1846.11000000,1853.48000000,1843.54000000,1852.82000000,5045.39760000,2026-08-04T23:16:05.133835+00:00
ETHUSDT,2026-07-18T18:59:59.999000+00:00,1852.83000000,1867.58000000,1850.01000000,1857.54000000,14122.05060000,2026-08-04T23:16:05.133874+00:00
ETHUSDT,2026-07-18T19:59:59.999000+00:00,1857.53000000,1861.40000000,1855.92000000,1858.45000000,4736.77020000,2026-08-04T23:16:05.133913+00:00
ETHUSDT,2026-07-18T20:59:59.999000+00:00,1858.45000000,1863.37000000,1855.47000000,1857.34000000,4134.28640000,2026-08-04T23:16:05.133952+00:00
ETHUSDT,2026-07-18T21:59:59.999000+00:00,1857.35000000,1863.18000000,1855.96000000,1860.97000000,4154.94080000,2026-08-04T23:16:05.133990+00:00
ETHUSDT,2026-07-18T22:59:59.999000+00:00,1860.97000000,1865.86000000,1859.90000000,1863.70000000,3378.25770000,2026-08-04T23:16:05.134029+00:00
ETHUSDT,2026-07-18T23:59:59.999000+00:00,1863.70000000,1864.45000000,1860.10000000,1862.61000000,2008.80910000,2026-08-04T23:16:05.134071+00:00
ETHUSDT,2026-07-19T00:59:59.999000+00:00,1862.61000000,1863.88000000,1859.20000000,1861.45000000,3154.50440000,2026-08-04T23:16:05.134113+00:00
ETHUSDT,2026-07-19T01:59:59.999000+00:00,1861.45000000,1861.53000000,1858.30000000,1859.18000000,7970.35360000,2026-08-04T23:16:05.134181+00:00
ETHUSDT,2026-07-19T02:59:59.999000+00:00,1859.19000000,1877.33000000,1858.17000000,1871.44000000,11041.83800000,2026-08-04T23:16:05.134224+00:00
ETHUSDT,2026-07-19T03:59:59.999000+00:00,1871.45000000,1872.99000000,1863.84000000,1867.08000000,5220.79910000,2026-08-04T23:16:05.134268+00:00
ETHUSDT,2026-07-19T04:59:59.999000+00:00,1867.08000000,1870.20000000,1864.21000000,1867.33000000,3479.10370000,2026-08-04T23:16:05.134312+00:00
ETHUSDT,2026-07-19T05:59:59.999000+00:00,1867.32000000,1870.20000000,1865.61000000,1868.56000000,2772.52570000,2026-08-04T23:16:05.134356+00:00
ETHUSDT,2026-07-19T06:59:59.999000+00:00,1868.55000000,1871.43000000,1868.20000000,1869.39000000,2878.49110000,2026-08-04T23:16:05.134398+00:00
ETHUSDT,2026-07-19T07:59:59.999000+00:00,1869.39000000,1871.99000000,1867.14000000,1870.25000000,8010.62190000,2026-08-04T23:16:05.134439+00:00
ETHUSDT,2026-07-19T08:59:59.999000+00:00,1870.26000000,1875.33000000,1867.76000000,1873.88000000,4893.89840000,2026-08-04T23:16:05.134478+00:00
ETHUSDT,2026-07-19T09:59:59.999000+00:00,1873.89000000,1874.17000000,1864.55000000,1866.16000000,5004.02630000,2026-08-04T23:16:05.134517+00:00
ETHUSDT,2026-07-19T10:59:59.999000+00:00,1866.15000000,1879.38000000,1863.46000000,1872.25000000,5628.65170000,2026-08-04T23:16:05.134556+00:00
ETHUSDT,2026-07-19T11:59:59.999000+00:00,1872.25000000,1878.86000000,1870.00000000,1871.41000000,6296.88030000,2026-08-04T23:16:05.134595+00:00
ETHUSDT,2026-07-19T12:59:59.999000+00:00,1871.40000000,1874.34000000,1864.47000000,1870.38000000,6783.95610000,2026-08-04T23:16:05.134640+00:00
ETHUSDT,2026-07-19T13:59:59.999000+00:00,1870.39000000,1873.77000000,1865.89000000,1871.83000000,4460.44690000,2026-08-04T23:16:05.134682+00:00
ETHUSDT,2026-07-19T14:59:59.999000+00:00,1871.83000000,1879.26000000,1868.89000000,1874.69000000,5952.74990000,2026-08-04T23:16:05.134724+00:00
ETHUSDT,2026-07-19T15:59:59.999000+00:00,1874.69000000,1876.00000000,1868.93000000,1870.91000000,6545.92970000,2026-08-04T23:16:05.134767+00:00
ETHUSDT,2026-07-19T16:59:59.999000+00:00,1870.91000000,1873.59000000,1866.00000000,1866.80000000,5220.80650000,2026-08-04T23:16:05.134833+00:00
ETHUSDT,2026-07-19T17:59:59.999000+00:00,1866.80000000,1873.85000000,1857.77000000,1867.23000000,8572.98740000,2026-08-04T23:16:05.134995+00:00
ETHUSDT,2026-07-19T18:59:59.999000+00:00,1867.23000000,1867.70000000,1851.71000000,1861.12000000,9549.47780000,2026-08-04T23:16:05.135052+00:00
ETHUSDT,2026-07-19T19:59:59.999000+00:00,1861.12000000,1862.77000000,1854.84000000,1862.37000000,3960.72760000,2026-08-04T23:16:05.135100+00:00
ETHUSDT,2026-07-19T20:59:59.999000+00:00,1862.37000000,1867.15000000,1862.20000000,1867.14000000,4536.07420000,2026-08-04T23:16:05.135150+00:00
ETHUSDT,2026-07-19T21:59:59.999000+00:00,1867.15000000,1868.23000000,1857.49000000,1862.12000000,4337.58970000,2026-08-04T23:16:05.135194+00:00
ETHUSDT,2026-07-19T22:59:59.999000+00:00,1862.12000000,1877.03000000,1857.00000000,1870.44000000,12354.11610000,2026-08-04T23:16:05.135236+00:00
ETHUSDT,2026-07-19T23:59:59.999000+00:00,1870.44000000,1874.94000000,1865.00000000,1872.23000000,5296.11010000,2026-08-04T23:16:05.135279+00:00
ETHUSDT,2026-07-20T00:59:59.999000+00:00,1872.24000000,1891.71000000,1862.08000000,1872.14000000,15861.94960000,2026-08-04T23:16:05.135323+00:00
ETHUSDT,2026-07-20T01:59:59.999000+00:00,1872.14000000,1889.94000000,1865.84000000,1869.56000000,9872.38330000,2026-08-04T23:16:05.135366+00:00
ETHUSDT,2026-07-20T02:59:59.999000+00:00,1869.57000000,1883.33000000,1867.71000000,1879.06000000,8547.52940000,2026-08-04T23:16:05.135408+00:00
ETHUSDT,2026-07-20T03:59:59.999000+00:00,1879.06000000,1882.24000000,1870.91000000,1879.94000000,6045.70880000,2026-08-04T23:16:05.135466+00:00
ETHUSDT,2026-07-20T04:59:59.999000+00:00,1879.94000000,1879.99000000,1868.46000000,1868.94000000,5573.28520000,2026-08-04T23:16:05.135519+00:00
ETHUSDT,2026-07-20T05:59:59.999000+00:00,1868.95000000,1869.94000000,1851.50000000,1855.45000000,12336.30440000,2026-08-04T23:16:05.135590+00:00
ETHUSDT,2026-07-20T06:59:59.999000+00:00,1855.46000000,1860.23000000,1843.14000000,1849.73000000,13729.79780000,2026-08-04T23:16:05.135633+00:00
ETHUSDT,2026-07-20T07:59:59.999000+00:00,1849.73000000,1865.54000000,1849.26000000,1863.95000000,9727.22830000,2026-08-04T23:16:05.135673+00:00
ETHUSDT,2026-07-20T08:59:59.999000+00:00,1863.95000000,1868.53000000,1854.31000000,1861.01000000,13950.43690000,2026-08-04T23:16:05.135714+00:00
ETHUSDT,2026-07-20T09:59:59.999000+00:00,1861.00000000,1867.55000000,1857.95000000,1864.16000000,7006.26450000,2026-08-04T23:16:05.135755+00:00
ETHUSDT,2026-07-20T10:59:59.999000+00:00,1864.15000000,1872.35000000,1862.71000000,1868.85000000,5036.69200000,2026-08-04T23:16:05.135796+00:00
ETHUSDT,2026-07-20T11:59:59.999000+00:00,1868.86000000,1896.50000000,1868.06000000,1893.20000000,18098.93310000,2026-08-04T23:16:05.135836+00:00
ETHUSDT,2026-07-20T12:59:59.999000+00:00,1893.21000000,1893.62000000,1871.88000000,1873.33000000,12117.13290000,2026-08-04T23:16:05.135878+00:00
ETHUSDT,2026-07-20T13:59:59.999000+00:00,1873.34000000,1880.61000000,1857.63000000,1862.68000000,16464.26550000,2026-08-04T23:16:05.135919+00:00
ETHUSDT,2026-07-20T14:59:59.999000+00:00,1862.68000000,1871.96000000,1853.65000000,1868.01000000,11921.89630000,2026-08-04T23:16:05.135960+00:00
ETHUSDT,2026-07-20T15:59:59.999000+00:00,1868.01000000,1904.92000000,1867.65000000,1902.34000000,24635.42230000,2026-08-04T23:16:05.135999+00:00
ETHUSDT,2026-07-20T16:59:59.999000+00:00,1902.34000000,1906.76000000,1893.80000000,1899.41000000,16492.37260000,2026-08-04T23:16:05.136038+00:00
ETHUSDT,2026-07-20T17:59:59.999000+00:00,1899.41000000,1909.74000000,1895.68000000,1907.78000000,14035.24810000,2026-08-04T23:16:05.136079+00:00
ETHUSDT,2026-07-20T18:59:59.999000+00:00,1907.78000000,1918.16000000,1897.52000000,1899.52000000,17782.60160000,2026-08-04T23:16:05.136117+00:00
ETHUSDT,2026-07-20T19:59:59.999000+00:00,1899.52000000,1901.07000000,1890.07000000,1898.46000000,9999.67360000,2026-08-04T23:16:05.136154+00:00
ETHUSDT,2026-07-20T20:59:59.999000+00:00,1898.46000000,1906.55000000,1896.20000000,1904.84000000,5357.46130000,2026-08-04T23:16:05.136191+00:00
ETHUSDT,2026-07-20T21:59:59.999000+00:00,1904.83000000,1907.58000000,1902.00000000,1902.45000000,4827.64370000,2026-08-04T23:16:05.136228+00:00
ETHUSDT,2026-07-20T22:59:59.999000+00:00,1902.46000000,1902.58000000,1894.40000000,1895.72000000,5412.84330000,2026-08-04T23:16:05.136265+00:00
ETHUSDT,2026-07-20T23:59:59.999000+00:00,1895.72000000,1905.26000000,1895.33000000,1904.77000000,6362.55850000,2026-08-04T23:16:05.136303+00:00
ETHUSDT,2026-07-21T00:59:59.999000+00:00,1904.77000000,1917.79000000,1900.74000000,1914.80000000,10211.22620000,2026-08-04T23:16:05.136340+00:00
ETHUSDT,2026-07-21T01:59:59.999000+00:00,1914.80000000,1918.18000000,1907.00000000,1907.49000000,6792.78730000,2026-08-04T23:16:05.136379+00:00
ETHUSDT,2026-07-21T02:59:59.999000+00:00,1907.49000000,1924.00000000,1904.60000000,1917.30000000,8843.77310000,2026-08-04T23:16:05.136419+00:00
ETHUSDT,2026-07-21T03:59:59.999000+00:00,1917.30000000,1928.57000000,1916.94000000,1926.75000000,13542.54250000,2026-08-04T23:16:05.136458+00:00
ETHUSDT,2026-07-21T04:59:59.999000+00:00,1926.74000000,1931.20000000,1922.59000000,1924.59000000,8633.19400000,2026-08-04T23:16:05.136495+00:00
ETHUSDT,2026-07-21T05:59:59.999000+00:00,1924.59000000,1936.00000000,1921.81000000,1930.56000000,9084.24520000,2026-08-04T23:16:05.136532+00:00
ETHUSDT,2026-07-21T06:59:59.999000+00:00,1930.56000000,1939.99000000,1927.80000000,1935.03000000,10889.22130000,2026-08-04T23:16:05.136568+00:00
ETHUSDT,2026-07-21T07:59:59.999000+00:00,1935.03000000,1940.25000000,1933.42000000,1934.08000000,11949.48090000,2026-08-04T23:16:05.136605+00:00
ETHUSDT,2026-07-21T08:59:59.999000+00:00,1934.07000000,1953.00000000,1931.63000000,1939.80000000,29993.04760000,2026-08-04T23:16:05.136641+00:00
ETHUSDT,2026-07-21T09:59:59.999000+00:00,1939.79000000,1944.17000000,1936.75000000,1942.22000000,34313.14190000,2026-08-04T23:16:05.136698+00:00
ETHUSDT,2026-07-21T10:59:59.999000+00:00,1942.22000000,1947.09000000,1932.10000000,1934.18000000,16251.70690000,2026-08-04T23:16:05.136734+00:00
ETHUSDT,2026-07-21T11:59:59.999000+00:00,1934.19000000,1937.34000000,1925.98000000,1935.69000000,33407.84330000,2026-08-04T23:16:05.136772+00:00
ETHUSDT,2026-07-21T12:59:59.999000+00:00,1935.69000000,1945.23000000,1932.38000000,1942.79000000,15279.90730000,2026-08-04T23:16:05.136809+00:00
ETHUSDT,2026-07-21T13:59:59.999000+00:00,1942.80000000,1943.77000000,1927.53000000,1940.30000000,19914.60220000,2026-08-04T23:16:05.136848+00:00
ETHUSDT,2026-07-21T14:59:59.999000+00:00,1940.31000000,1944.00000000,1928.00000000,1931.87000000,14705.61800000,2026-08-04T23:16:05.136888+00:00
ETHUSDT,2026-07-21T15:59:59.999000+00:00,1931.88000000,1932.51000000,1923.36000000,1931.81000000,12511.00610000,2026-08-04T23:16:05.136926+00:00
ETHUSDT,2026-07-21T16:59:59.999000+00:00,1931.81000000,1935.36000000,1921.63000000,1926.37000000,7887.81200000,2026-08-04T23:16:05.136966+00:00
ETHUSDT,2026-07-21T17:59:59.999000+00:00,1926.37000000,1928.38000000,1915.00000000,1918.71000000,14508.54460000,2026-08-04T23:16:05.137003+00:00
ETHUSDT,2026-07-21T18:59:59.999000+00:00,1918.70000000,1923.00000000,1915.11000000,1919.93000000,12665.65150000,2026-08-04T23:16:05.137040+00:00
ETHUSDT,2026-07-21T19:59:59.999000+00:00,1919.93000000,1926.16000000,1918.20000000,1923.39000000,14885.77750000,2026-08-04T23:16:05.137077+00:00
ETHUSDT,2026-07-21T20:59:59.999000+00:00,1923.38000000,1926.44000000,1921.68000000,1923.24000000,6018.24940000,2026-08-04T23:16:05.137114+00:00
ETHUSDT,2026-07-21T21:59:59.999000+00:00,1923.25000000,1926.54000000,1919.85000000,1924.32000000,5012.58570000,2026-08-04T23:16:05.137150+00:00
ETHUSDT,2026-07-21T22:59:59.999000+00:00,1924.31000000,1924.31000000,1918.10000000,1920.86000000,3606.77450000,2026-08-04T23:16:05.137186+00:00
ETHUSDT,2026-07-21T23:59:59.999000+00:00,1920.86000000,1932.00000000,1916.67000000,1930.09000000,6056.93890000,2026-08-04T23:16:05.137223+00:00
ETHUSDT,2026-07-22T00:59:59.999000+00:00,1930.09000000,1944.68000000,1929.02000000,1939.46000000,12280.21520000,2026-08-04T23:16:05.137259+00:00
ETHUSDT,2026-07-22T01:59:59.999000+00:00,1939.45000000,1940.56000000,1928.00000000,1933.61000000,7700.39160000,2026-08-04T23:16:05.137296+00:00
ETHUSDT,2026-07-22T02:59:59.999000+00:00,1933.62000000,1936.39000000,1926.91000000,1930.43000000,9004.79480000,2026-08-04T23:16:05.137333+00:00
ETHUSDT,2026-07-22T03:59:59.999000+00:00,1930.42000000,1936.05000000,1926.76000000,1928.77000000,9211.16310000,2026-08-04T23:16:05.137369+00:00
ETHUSDT,2026-07-22T04:59:59.999000+00:00,1928.76000000,1939.40000000,1928.11000000,1936.82000000,12044.21950000,2026-08-04T23:16:05.137406+00:00
ETHUSDT,2026-07-22T05:59:59.999000+00:00,1936.83000000,1936.98000000,1918.27000000,1919.35000000,14081.00970000,2026-08-04T23:16:05.137442+00:00
ETHUSDT,2026-07-22T06:59:59.999000+00:00,1919.36000000,1921.10000000,1913.34000000,1917.40000000,7850.85640000,2026-08-04T23:16:05.137478+00:00
ETHUSDT,2026-07-22T07:59:59.999000+00:00,1917.41000000,1919.00000000,1910.68000000,1914.44000000,13989.05180000,2026-08-04T23:16:05.137515+00:00
ETHUSDT,2026-07-22T08:59:59.999000+00:00,1914.43000000,1925.15000000,1914.08000000,1921.32000000,12358.13180000,2026-08-04T23:16:05.137552+00:00
ETHUSDT,2026-07-22T09:59:59.999000+00:00,1921.33000000,1926.50000000,1919.41000000,1924.49000000,9209.98050000,2026-08-04T23:16:05.137588+00:00
ETHUSDT,2026-07-22T10:59:59.999000+00:00,1924.49000000,1933.62000000,1923.25000000,1930.82000000,10304.89330000,2026-08-04T23:16:05.137624+00:00
ETHUSDT,2026-07-22T11:59:59.999000+00:00,1930.82000000,1931.50000000,1922.36000000,1927.27000000,4571.43060000,2026-08-04T23:16:05.137661+00:00
ETHUSDT,2026-07-22T12:59:59.999000+00:00,1927.26000000,1927.45000000,1913.26000000,1917.17000000,6931.33580000,2026-08-04T23:16:05.137697+00:00
ETHUSDT,2026-07-22T13:59:59.999000+00:00,1917.17000000,1942.43000000,1917.00000000,1939.93000000,15766.46470000,2026-08-04T23:16:05.137733+00:00
ETHUSDT,2026-07-22T14:59:59.999000+00:00,1939.92000000,1955.92000000,1923.01000000,1933.20000000,23895.43020000,2026-08-04T23:16:05.137789+00:00
ETHUSDT,2026-07-22T15:59:59.999000+00:00,1933.20000000,1952.36000000,1933.00000000,1943.03000000,15259.80360000,2026-08-04T23:16:05.137825+00:00
ETHUSDT,2026-07-22T16:59:59.999000+00:00,1943.04000000,1956.45000000,1935.42000000,1949.84000000,14899.46780000,2026-08-04T23:16:05.137862+00:00
ETHUSDT,2026-07-22T17:59:59.999000+00:00,1949.84000000,1950.30000000,1934.97000000,1938.53000000,9814.78570000,2026-08-04T23:16:05.137899+00:00
ETHUSDT,2026-07-22T18:59:59.999000+00:00,1938.53000000,1940.00000000,1923.20000000,1930.69000000,11320.40390000,2026-08-04T23:16:05.137936+00:00
ETHUSDT,2026-07-22T19:59:59.999000+00:00,1930.69000000,1931.88000000,1921.00000000,1925.13000000,5286.79540000,2026-08-04T23:16:05.137972+00:00
ETHUSDT,2026-07-22T20:59:59.999000+00:00,1925.14000000,1930.40000000,1922.95000000,1926.76000000,5448.10970000,2026-08-04T23:16:05.138009+00:00
ETHUSDT,2026-07-22T21:59:59.999000+00:00,1926.76000000,1939.70000000,1926.76000000,1938.76000000,4862.42590000,2026-08-04T23:16:05.138049+00:00
ETHUSDT,2026-07-22T22:59:59.999000+00:00,1938.76000000,1939.23000000,1930.91000000,1938.42000000,7430.74710000,2026-08-04T23:16:05.138086+00:00
ETHUSDT,2026-07-22T23:59:59.999000+00:00,1938.43000000,1938.43000000,1923.60000000,1934.25000000,7618.91720000,2026-08-04T23:16:05.138123+00:00
ETHUSDT,2026-07-23T00:59:59.999000+00:00,1934.26000000,1941.50000000,1932.37000000,1932.37000000,7806.19310000,2026-08-04T23:16:05.138159+00:00
ETHUSDT,2026-07-23T01:59:59.999000+00:00,1932.36000000,1936.70000000,1926.61000000,1928.39000000,5600.25850000,2026-08-04T23:16:05.138196+00:00
ETHUSDT,2026-07-23T02:59:59.999000+00:00,1928.38000000,1929.70000000,1921.81000000,1927.60000000,4520.13020000,2026-08-04T23:16:05.138233+00:00
ETHUSDT,2026-07-23T03:59:59.999000+00:00,1927.60000000,1928.03000000,1917.57000000,1920.55000000,7067.15350000,2026-08-04T23:16:05.138269+00:00
ETHUSDT,2026-07-23T04:59:59.999000+00:00,1920.56000000,1926.02000000,1918.63000000,1919.74000000,5718.73070000,2026-08-04T23:16:05.138306+00:00
ETHUSDT,2026-07-23T05:59:59.999000+00:00,1919.74000000,1928.69000000,1918.31000000,1922.77000000,3797.01270000,2026-08-04T23:16:05.138342+00:00
ETHUSDT,2026-07-23T06:59:59.999000+00:00,1922.78000000,1926.83000000,1921.07000000,1925.39000000,3761.18150000,2026-08-04T23:16:05.138379+00:00
ETHUSDT,2026-07-23T07:59:59.999000+00:00,1925.39000000,1925.39000000,1912.60000000,1915.65000000,15074.18080000,2026-08-04T23:16:05.138416+00:00
ETHUSDT,2026-07-23T08:59:59.999000+00:00,1915.65000000,1927.41000000,1914.44000000,1926.54000000,6170.38010000,2026-08-04T23:16:05.138453+00:00
ETHUSDT,2026-07-23T09:59:59.999000+00:00,1926.54000000,1931.66000000,1923.40000000,1924.36000000,9981.40870000,2026-08-04T23:16:05.138490+00:00
ETHUSDT,2026-07-23T10:59:59.999000+00:00,1924.36000000,1930.43000000,1922.13000000,1928.14000000,4239.39390000,2026-08-04T23:16:05.138527+00:00
ETHUSDT,2026-07-23T11:59:59.999000+00:00,1928.15000000,1929.08000000,1924.63000000,1926.04000000,5003.25420000,2026-08-04T23:16:05.138564+00:00
ETHUSDT,2026-07-23T12:59:59.999000+00:00,1926.03000000,1927.99000000,1894.00000000,1904.64000000,26669.45850000,2026-08-04T23:16:05.138600+00:00
ETHUSDT,2026-07-23T13:59:59.999000+00:00,1904.67000000,1909.19000000,1895.47000000,1898.72000000,16334.96990000,2026-08-04T23:16:05.138637+00:00
ETHUSDT,2026-07-23T14:59:59.999000+00:00,1898.73000000,1907.26000000,1892.50000000,1896.43000000,15426.30770000,2026-08-04T23:16:05.138673+00:00
ETHUSDT,2026-07-23T15:59:59.999000+00:00,1896.44000000,1897.88000000,1882.98000000,1895.23000000,21413.48600000,2026-08-04T23:16:05.138710+00:00
ETHUSDT,2026-07-23T16:59:59.999000+00:00,1895.23000000,1895.41000000,1884.69000000,1887.95000000,11755.59360000,2026-08-04T23:16:05.138746+00:00
ETHUSDT,2026-07-23T17:59:59.999000+00:00,1887.94000000,1892.18000000,1875.01000000,1878.31000000,10958.92200000,2026-08-04T23:16:05.138783+00:00
ETHUSDT,2026-07-23T18:59:59.999000+00:00,1878.31000000,1884.52000000,1876.05000000,1881.19000000,8210.38380000,2026-08-04T23:16:05.138844+00:00
ETHUSDT,2026-07-23T19:59:59.999000+00:00,1881.19000000,1883.63000000,1869.44000000,1875.65000000,9424.59180000,2026-08-04T23:16:05.138881+00:00
ETHUSDT,2026-07-23T20:59:59.999000+00:00,1875.64000000,1889.09000000,1874.81000000,1885.98000000,7351.54410000,2026-08-04T23:16:05.138917+00:00
ETHUSDT,2026-07-23T21:59:59.999000+00:00,1885.97000000,1888.93000000,1880.86000000,1882.72000000,4782.83370000,2026-08-04T23:16:05.138953+00:00
ETHUSDT,2026-07-23T22:59:59.999000+00:00,1882.73000000,1884.13000000,1874.23000000,1883.42000000,5133.82490000,2026-08-04T23:16:05.138989+00:00
ETHUSDT,2026-07-23T23:59:59.999000+00:00,1883.41000000,1884.80000000,1875.56000000,1878.38000000,3587.87940000,2026-08-04T23:16:05.139026+00:00
ETHUSDT,2026-07-24T00:59:59.999000+00:00,1878.38000000,1879.18000000,1859.67000000,1871.47000000,13406.76090000,2026-08-04T23:16:05.139064+00:00
ETHUSDT,2026-07-24T01:59:59.999000+00:00,1871.47000000,1877.60000000,1870.32000000,1872.76000000,6649.67450000,2026-08-04T23:16:05.139101+00:00
ETHUSDT,2026-07-24T02:59:59.999000+00:00,1872.76000000,1878.50000000,1864.82000000,1869.58000000,6328.90810000,2026-08-04T23:16:05.139137+00:00
ETHUSDT,2026-07-24T03:59:59.999000+00:00,1869.57000000,1881.20000000,1868.31000000,1880.67000000,7169.02200000,2026-08-04T23:16:05.139174+00:00
ETHUSDT,2026-07-24T04:59:59.999000+00:00,1880.67000000,1882.00000000,1875.00000000,1876.12000000,3649.70640000,2026-08-04T23:16:05.139210+00:00
ETHUSDT,2026-07-24T05:59:59.999000+00:00,1876.13000000,1882.14000000,1873.48000000,1880.97000000,5641.14850000,2026-08-04T23:16:05.139246+00:00
ETHUSDT,2026-07-24T06:59:59.999000+00:00,1880.97000000,1888.49000000,1878.90000000,1888.13000000,6802.72110000,2026-08-04T23:16:05.139282+00:00
ETHUSDT,2026-07-24T07:59:59.999000+00:00,1888.14000000,1909.80000000,1888.14000000,1895.98000000,18399.90610000,2026-08-04T23:16:05.139318+00:00
ETHUSDT,2026-07-24T08:59:59.999000+00:00,1895.98000000,1896.04000000,1886.35000000,1888.07000000,5209.37820000,2026-08-04T23:16:05.139354+00:00
ETHUSDT,2026-07-24T09:59:59.999000+00:00,1888.07000000,1889.11000000,1878.39000000,1888.07000000,7006.52540000,2026-08-04T23:16:05.139390+00:00
ETHUSDT,2026-07-24T10:59:59.999000+00:00,1888.08000000,1888.64000000,1880.39000000,1883.82000000,4084.03490000,2026-08-04T23:16:05.139427+00:00
ETHUSDT,2026-07-24T11:59:59.999000+00:00,1883.81000000,1884.71000000,1876.71000000,1883.93000000,6799.13800000,2026-08-04T23:16:05.139464+00:00
ETHUSDT,2026-07-24T12:59:59.999000+00:00,1883.93000000,1886.09000000,1872.00000000,1872.65000000,7785.13080000,2026-08-04T23:16:05.139500+00:00
ETHUSDT,2026-07-24T13:59:59.999000+00:00,1872.65000000,1875.40000000,1848.11000000,1857.60000000,25437.07650000,2026-08-04T23:16:05.139536+00:00
ETHUSDT,2026-07-24T14:59:59.999000+00:00,1857.61000000,1863.18000000,1848.09000000,1862.90000000,16154.16220000,2026-08-04T23:16:05.139573+00:00
ETHUSDT,2026-07-24T15:59:59.999000+00:00,1862.90000000,1869.43000000,1854.15000000,1861.81000000,18647.63110000,2026-08-04T23:16:05.139609+00:00
ETHUSDT,2026-07-24T16:59:59.999000+00:00,1861.82000000,1866.07000000,1853.50000000,1857.47000000,12748.02110000,2026-08-04T23:16:05.139646+00:00
ETHUSDT,2026-07-24T17:59:59.999000+00:00,1857.47000000,1866.61000000,1855.03000000,1866.53000000,8564.30410000,2026-08-04T23:16:05.139682+00:00
ETHUSDT,2026-07-24T18:59:59.999000+00:00,1866.53000000,1866.76000000,1858.48000000,1862.72000000,3900.72670000,2026-08-04T23:16:05.139718+00:00
ETHUSDT,2026-07-24T19:59:59.999000+00:00,1862.73000000,1864.58000000,1858.00000000,1863.83000000,4600.11320000,2026-08-04T23:16:05.139754+00:00
ETHUSDT,2026-07-24T20:59:59.999000+00:00,1863.84000000,1865.82000000,1858.42000000,1860.90000000,3703.60870000,2026-08-04T23:16:05.139790+00:00
ETHUSDT,2026-07-24T21:59:59.999000+00:00,1860.91000000,1862.01000000,1857.05000000,1857.51000000,3582.53640000,2026-08-04T23:16:05.139827+00:00
ETHUSDT,2026-07-24T22:59:59.999000+00:00,1857.51000000,1861.91000000,1856.97000000,1859.49000000,2393.02360000,2026-08-04T23:16:05.139886+00:00
ETHUSDT,2026-07-24T23:59:59.999000+00:00,1859.49000000,1861.85000000,1858.98000000,1861.44000000,2132.17760000,2026-08-04T23:16:05.139924+00:00
ETHUSDT,2026-07-25T00:59:59.999000+00:00,1861.44000000,1864.69000000,1856.85000000,1860.34000000,3991.99950000,2026-08-04T23:16:05.139962+00:00
ETHUSDT,2026-07-25T01:59:59.999000+00:00,1860.34000000,1863.63000000,1857.77000000,1860.00000000,3107.07390000,2026-08-04T23:16:05.139999+00:00
ETHUSDT,2026-07-25T02:59:59.999000+00:00,1859.99000000,1861.71000000,1858.35000000,1859.45000000,2141.20870000,2026-08-04T23:16:05.140035+00:00
ETHUSDT,2026-07-25T03:59:59.999000+00:00,1859.45000000,1860.52000000,1855.93000000,1858.74000000,4758.86680000,2026-08-04T23:16:05.140072+00:00
ETHUSDT,2026-07-25T04:59:59.999000+00:00,1858.74000000,1862.65000000,1858.57000000,1861.28000000,1922.53290000,2026-08-04T23:16:05.140109+00:00
ETHUSDT,2026-07-25T05:59:59.999000+00:00,1861.28000000,1862.96000000,1856.90000000,1858.42000000,6900.00560000,2026-08-04T23:16:05.140145+00:00
ETHUSDT,2026-07-25T06:59:59.999000+00:00,1858.42000000,1860.00000000,1854.61000000,1858.55000000,2183.20250000,2026-08-04T23:16:05.140182+00:00
ETHUSDT,2026-07-25T07:59:59.999000+00:00,1858.55000000,1858.79000000,1856.02000000,1856.02000000,1974.45480000,2026-08-04T23:16:05.140219+00:00
ETHUSDT,2026-07-25T08:59:59.999000+00:00,1856.03000000,1856.10000000,1851.22000000,1853.80000000,4826.20110000,2026-08-04T23:16:05.140256+00:00
ETHUSDT,2026-07-25T09:59:59.999000+00:00,1853.80000000,1859.06000000,1851.75000000,1858.34000000,3706.83510000,2026-08-04T23:16:05.140293+00:00
ETHUSDT,2026-07-25T10:59:59.999000+00:00,1858.35000000,1859.29000000,1856.75000000,1858.62000000,4770.01310000,2026-08-04T23:16:05.140330+00:00
ETHUSDT,2026-07-25T11:59:59.999000+00:00,1858.63000000,1860.09000000,1857.50000000,1857.75000000,2724.40890000,2026-08-04T23:16:05.140366+00:00
ETHUSDT,2026-07-25T12:59:59.999000+00:00,1857.75000000,1860.48000000,1856.96000000,1860.32000000,4110.58270000,2026-08-04T23:16:05.140403+00:00
ETHUSDT,2026-07-25T13:59:59.999000+00:00,1860.32000000,1872.35000000,1859.78000000,1867.24000000,8300.02850000,2026-08-04T23:16:05.140440+00:00
ETHUSDT,2026-07-25T14:59:59.999000+00:00,1867.25000000,1869.32000000,1865.06000000,1868.68000000,4810.25340000,2026-08-04T23:16:05.140477+00:00
ETHUSDT,2026-07-25T15:59:59.999000+00:00,1868.67000000,1871.43000000,1867.03000000,1867.88000000,3624.48780000,2026-08-04T23:16:05.140514+00:00
ETHUSDT,2026-07-25T16:59:59.999000+00:00,1867.88000000,1870.91000000,1864.65000000,1867.99000000,3186.02600000,2026-08-04T23:16:05.140551+00:00
ETHUSDT,2026-07-25T17:59:59.999000+00:00,1867.99000000,1875.15000000,1867.99000000,1873.06000000,6529.89480000,2026-08-04T23:16:05.140588+00:00
ETHUSDT,2026-07-25T18:59:59.999000+00:00,1873.07000000,1877.07000000,1872.45000000,1875.48000000,4493.72460000,2026-08-04T23:16:05.140626+00:00
ETHUSDT,2026-07-25T19:59:59.999000+00:00,1875.48000000,1876.64000000,1874.40000000,1874.76000000,2018.10880000,2026-08-04T23:16:05.140673+00:00
ETHUSDT,2026-07-25T20:59:59.999000+00:00,1874.77000000,1875.03000000,1870.43000000,1872.23000000,1908.19470000,2026-08-04T23:16:05.140729+00:00
ETHUSDT,2026-07-25T21:59:59.999000+00:00,1872.23000000,1875.60000000,1867.92000000,1872.65000000,2784.16730000,2026-08-04T23:16:05.140773+00:00
ETHUSDT,2026-07-25T22:59:59.999000+00:00,1872.66000000,1876.92000000,1872.38000000,1875.82000000,2003.88340000,2026-08-04T23:16:05.140819+00:00
ETHUSDT,2026-07-25T23:59:59.999000+00:00,1875.83000000,1876.20000000,1873.20000000,1874.89000000,1658.33310000,2026-08-04T23:16:05.140876+00:00
ETHUSDT,2026-07-26T00:59:59.999000+00:00,1874.88000000,1881.80000000,1873.85000000,1881.05000000,3898.26730000,2026-08-04T23:16:05.140918+00:00
ETHUSDT,2026-07-26T01:59:59.999000+00:00,1881.05000000,1881.90000000,1877.81000000,1878.68000000,2034.94520000,2026-08-04T23:16:05.140957+00:00
ETHUSDT,2026-07-26T02:59:59.999000+00:00,1878.67000000,1881.65000000,1877.06000000,1880.97000000,1535.08720000,2026-08-04T23:16:05.140995+00:00
ETHUSDT,2026-07-26T03:59:59.999000+00:00,1880.98000000,1883.98000000,1878.98000000,1882.21000000,2891.71730000,2026-08-04T23:16:05.141054+00:00
ETHUSDT,2026-07-26T04:59:59.999000+00:00,1882.21000000,1889.36000000,1880.26000000,1886.26000000,3540.77480000,2026-08-04T23:16:05.141093+00:00
ETHUSDT,2026-07-26T05:59:59.999000+00:00,1886.25000000,1887.43000000,1882.72000000,1883.40000000,2383.33540000,2026-08-04T23:16:05.141133+00:00
ETHUSDT,2026-07-26T06:59:59.999000+00:00,1883.40000000,1885.39000000,1878.46000000,1884.95000000,3176.67400000,2026-08-04T23:16:05.141247+00:00
ETHUSDT,2026-07-26T07:59:59.999000+00:00,1884.95000000,1886.29000000,1880.51000000,1881.56000000,2139.95110000,2026-08-04T23:16:05.141309+00:00
ETHUSDT,2026-07-26T08:59:59.999000+00:00,1881.57000000,1882.49000000,1878.74000000,1881.42000000,2218.89240000,2026-08-04T23:16:05.141354+00:00
ETHUSDT,2026-07-26T09:59:59.999000+00:00,1881.42000000,1885.76000000,1881.22000000,1883.80000000,2491.53470000,2026-08-04T23:16:05.141397+00:00
ETHUSDT,2026-07-26T10:59:59.999000+00:00,1883.80000000,1887.70000000,1882.01000000,1886.22000000,2816.09260000,2026-08-04T23:16:05.141438+00:00
ETHUSDT,2026-07-26T11:59:59.999000+00:00,1886.21000000,1887.89000000,1884.78000000,1885.87000000,2075.41220000,2026-08-04T23:16:05.141479+00:00
ETHUSDT,2026-07-26T12:59:59.999000+00:00,1885.87000000,1893.89000000,1885.68000000,1886.57000000,5314.20720000,2026-08-04T23:16:05.141521+00:00
ETHUSDT,2026-07-26T13:59:59.999000+00:00,1886.57000000,1888.86000000,1881.61000000,1886.62000000,5619.07930000,2026-08-04T23:16:05.141561+00:00
ETHUSDT,2026-07-26T14:59:59.999000+00:00,1886.62000000,1900.31000000,1886.61000000,1898.59000000,8707.35300000,2026-08-04T23:16:05.141602+00:00
ETHUSDT,2026-07-26T15:59:59.999000+00:00,1898.58000000,1917.82000000,1898.06000000,1914.63000000,14677.35780000,2026-08-04T23:16:05.141642+00:00
ETHUSDT,2026-07-26T16:59:59.999000+00:00,1914.63000000,1928.08000000,1908.75000000,1916.20000000,15888.94400000,2026-08-04T23:16:05.141681+00:00
ETHUSDT,2026-07-26T17:59:59.999000+00:00,1916.19000000,1917.77000000,1910.80000000,1911.23000000,4119.58110000,2026-08-04T23:16:05.141721+00:00
ETHUSDT,2026-07-26T18:59:59.999000+00:00,1911.23000000,1916.53000000,1911.05000000,1914.49000000,3715.16350000,2026-08-04T23:16:05.141761+00:00
ETHUSDT,2026-07-26T19:59:59.999000+00:00,1914.49000000,1915.86000000,1912.09000000,1914.20000000,4682.41600000,2026-08-04T23:16:05.141799+00:00
ETHUSDT,2026-07-26T20:59:59.999000+00:00,1914.21000000,1914.56000000,1911.14000000,1913.80000000,2328.08840000,2026-08-04T23:16:05.141838+00:00
ETHUSDT,2026-07-26T21:59:59.999000+00:00,1913.79000000,1930.00000000,1913.79000000,1925.91000000,8394.03620000,2026-08-04T23:16:05.141878+00:00
ETHUSDT,2026-07-26T22:59:59.999000+00:00,1925.91000000,1953.03000000,1925.91000000,1949.81000000,23344.92930000,2026-08-04T23:16:05.141916+00:00
ETHUSDT,2026-07-26T23:59:59.999000+00:00,1949.81000000,1967.36000000,1945.99000000,1954.72000000,25239.85490000,2026-08-04T23:16:05.141954+00:00
ETHUSDT,2026-07-27T00:59:59.999000+00:00,1954.72000000,1955.42000000,1939.67000000,1942.54000000,10815.73640000,2026-08-04T23:16:05.141993+00:00
ETHUSDT,2026-07-27T01:59:59.999000+00:00,1942.54000000,1948.46000000,1936.51000000,1948.20000000,8651.07200000,2026-08-04T23:16:05.142030+00:00
ETHUSDT,2026-07-27T02:59:59.999000+00:00,1948.20000000,1949.15000000,1941.48000000,1943.10000000,8333.06690000,2026-08-04T23:16:05.142067+00:00
ETHUSDT,2026-07-27T03:59:59.999000+00:00,1943.09000000,1950.78000000,1942.42000000,1949.64000000,6458.33030000,2026-08-04T23:16:05.142105+00:00
ETHUSDT,2026-07-27T04:59:59.999000+00:00,1949.65000000,1962.77000000,1948.54000000,1953.43000000,13061.70900000,2026-08-04T23:16:05.142143+00:00
ETHUSDT,2026-07-27T05:59:59.999000+00:00,1953.43000000,1970.43000000,1952.63000000,1965.65000000,15079.60060000,2026-08-04T23:16:05.142180+00:00
ETHUSDT,2026-07-27T06:59:59.999000+00:00,1965.65000000,1981.24000000,1963.64000000,1968.45000000,25003.72400000,2026-08-04T23:16:05.142218+00:00
ETHUSDT,2026-07-27T07:59:59.999000+00:00,1968.45000000,1971.70000000,1960.86000000,1964.36000000,16580.04340000,2026-08-04T23:16:05.142280+00:00
ETHUSDT,2026-07-27T08:59:59.999000+00:00,1964.37000000,1968.75000000,1961.81000000,1964.25000000,8606.94370000,2026-08-04T23:16:05.142319+00:00
ETHUSDT,2026-07-27T09:59:59.999000+00:00,1964.25000000,1968.29000000,1956.87000000,1965.19000000,10222.23780000,2026-08-04T23:16:05.142357+00:00
ETHUSDT,2026-07-27T10:59:59.999000+00:00,1965.19000000,1972.00000000,1963.80000000,1967.43000000,6133.27760000,2026-08-04T23:16:05.142394+00:00
ETHUSDT,2026-07-27T11:59:59.999000+00:00,1967.42000000,1967.43000000,1958.11000000,1959.67000000,7353.35440000,2026-08-04T23:16:05.142432+00:00
ETHUSDT,2026-07-27T12:59:59.999000+00:00,1959.67000000,1964.60000000,1943.00000000,1957.59000000,14137.41860000,2026-08-04T23:16:05.142470+00:00
ETHUSDT,2026-07-27T13:59:59.999000+00:00,1957.60000000,1977.99000000,1950.95000000,1961.16000000,31081.09970000,2026-08-04T23:16:05.142507+00:00
ETHUSDT,2026-07-27T14:59:59.999000+00:00,1961.18000000,1966.99000000,1919.09000000,1932.30000000,38196.37830000,2026-08-04T23:16:05.142548+00:00
ETHUSDT,2026-07-27T15:59:59.999000+00:00,1932.30000000,1937.87000000,1924.83000000,1927.75000000,16079.64530000,2026-08-04T23:16:05.142585+00:00
ETHUSDT,2026-07-27T16:59:59.999000+00:00,1927.74000000,1946.90000000,1922.65000000,1940.57000000,11388.97310000,2026-08-04T23:16:05.142628+00:00
ETHUSDT,2026-07-27T17:59:59.999000+00:00,1940.57000000,1946.06000000,1935.10000000,1943.71000000,8370.84050000,2026-08-04T23:16:05.142665+00:00
ETHUSDT,2026-07-27T18:59:59.999000+00:00,1943.72000000,1944.66000000,1929.20000000,1939.20000000,6892.74770000,2026-08-04T23:16:05.142703+00:00
ETHUSDT,2026-07-27T19:59:59.999000+00:00,1939.21000000,1955.41000000,1937.75000000,1948.31000000,10768.37530000,2026-08-04T23:16:05.142740+00:00
ETHUSDT,2026-07-27T20:59:59.999000+00:00,1948.32000000,1950.54000000,1943.69000000,1946.87000000,4740.17330000,2026-08-04T23:16:05.142778+00:00
ETHUSDT,2026-07-27T21:59:59.999000+00:00,1946.88000000,1950.10000000,1940.58000000,1941.90000000,13531.15770000,2026-08-04T23:16:05.142815+00:00
ETHUSDT,2026-07-27T22:59:59.999000+00:00,1941.89000000,1941.90000000,1892.33000000,1893.60000000,26543.04900000,2026-08-04T23:16:05.142853+00:00
ETHUSDT,2026-07-27T23:59:59.999000+00:00,1893.61000000,1896.19000000,1882.49000000,1892.53000000,24422.52540000,2026-08-04T23:16:05.142890+00:00
ETHUSDT,2026-07-28T00:59:59.999000+00:00,1892.53000000,1894.45000000,1877.02000000,1878.86000000,20791.77300000,2026-08-04T23:16:05.142928+00:00
ETHUSDT,2026-07-28T01:59:59.999000+00:00,1878.86000000,1882.77000000,1866.31000000,1875.90000000,14824.19500000,2026-08-04T23:16:05.142966+00:00
ETHUSDT,2026-07-28T02:59:59.999000+00:00,1875.90000000,1880.46000000,1872.35000000,1876.00000000,5895.05830000,2026-08-04T23:16:05.143003+00:00
ETHUSDT,2026-07-28T03:59:59.999000+00:00,1876.01000000,1883.26000000,1873.11000000,1881.38000000,8483.74490000,2026-08-04T23:16:05.143041+00:00
ETHUSDT,2026-07-28T04:59:59.999000+00:00,1881.37000000,1882.84000000,1876.48000000,1879.18000000,6743.71280000,2026-08-04T23:16:05.143078+00:00
ETHUSDT,2026-07-28T05:59:59.999000+00:00,1879.18000000,1889.66000000,1878.46000000,1883.16000000,8292.36950000,2026-08-04T23:16:05.143116+00:00
ETHUSDT,2026-07-28T06:59:59.999000+00:00,1883.16000000,1888.82000000,1878.54000000,1888.62000000,10515.69500000,2026-08-04T23:16:05.143153+00:00
ETHUSDT,2026-07-28T07:59:59.999000+00:00,1888.62000000,1888.97000000,1880.92000000,1883.83000000,7707.20780000,2026-08-04T23:16:05.143190+00:00
ETHUSDT,2026-07-28T08:59:59.999000+00:00,1883.84000000,1885.85000000,1880.40000000,1884.50000000,8547.88180000,2026-08-04T23:16:05.143227+00:00
ETHUSDT,2026-07-28T09:59:59.999000+00:00,1884.50000000,1885.12000000,1874.81000000,1876.44000000,6605.99780000,2026-08-04T23:16:05.143264+00:00
ETHUSDT,2026-07-28T10:59:59.999000+00:00,1876.43000000,1881.00000000,1873.75000000,1878.79000000,5710.99600000,2026-08-04T23:16:05.143302+00:00
ETHUSDT,2026-07-28T11:59:59.999000+00:00,1878.80000000,1882.02000000,1872.00000000,1876.68000000,9475.71300000,2026-08-04T23:16:05.143339+00:00
ETHUSDT,2026-07-28T12:59:59.999000+00:00,1876.69000000,1893.34000000,1874.63000000,1892.48000000,12503.87530000,2026-08-04T23:16:05.143399+00:00
ETHUSDT,2026-07-28T13:59:59.999000+00:00,1892.48000000,1896.28000000,1856.88000000,1874.08000000,26917.95090000,2026-08-04T23:16:05.143437+00:00
ETHUSDT,2026-07-28T14:59:59.999000+00:00,1874.08000000,1893.46000000,1867.74000000,1888.95000000,20017.66620000,2026-08-04T23:16:05.143475+00:00
ETHUSDT,2026-07-28T15:59:59.999000+00:00,1888.96000000,1924.41000000,1884.56000000,1920.02000000,35311.46670000,2026-08-04T23:16:05.143512+00:00
ETHUSDT,2026-07-28T16:59:59.999000+00:00,1920.02000000,1928.95000000,1914.52000000,1925.92000000,15042.01520000,2026-08-04T23:16:05.143549+00:00
ETHUSDT,2026-07-28T17:59:59.999000+00:00,1925.92000000,1925.92000000,1892.71000000,1901.89000000,19307.10250000,2026-08-04T23:16:05.143586+00:00
ETHUSDT,2026-07-28T18:59:59.999000+00:00,1901.90000000,1914.93000000,1901.60000000,1911.22000000,8918.58870000,2026-08-04T23:16:05.143623+00:00
ETHUSDT,2026-07-28T19:59:59.999000+00:00,1911.22000000,1922.23000000,1911.22000000,1922.23000000,8496.52770000,2026-08-04T23:16:05.143660+00:00
ETHUSDT,2026-07-28T20:59:59.999000+00:00,1922.24000000,1923.84000000,1916.16000000,1918.57000000,6013.75210000,2026-08-04T23:16:05.143698+00:00
ETHUSDT,2026-07-28T21:59:59.999000+00:00,1918.57000000,1929.67000000,1918.47000000,1923.95000000,6371.01410000,2026-08-04T23:16:05.143736+00:00
ETHUSDT,2026-07-28T22:59:59.999000+00:00,1923.96000000,1927.10000000,1910.10000000,1911.90000000,7483.91350000,2026-08-04T23:16:05.143773+00:00
ETHUSDT,2026-07-28T23:59:59.999000+00:00,1911.90000000,1923.10000000,1904.06000000,1922.23000000,9246.94510000,2026-08-04T23:16:05.143811+00:00
ETHUSDT,2026-07-29T00:59:59.999000+00:00,1922.22000000,1928.51000000,1916.34000000,1917.27000000,9538.21440000,2026-08-04T23:16:05.143849+00:00
ETHUSDT,2026-07-29T01:59:59.999000+00:00,1917.27000000,1918.16000000,1905.00000000,1905.70000000,7132.14480000,2026-08-04T23:16:05.143886+00:00
ETHUSDT,2026-07-29T02:59:59.999000+00:00,1905.69000000,1919.67000000,1901.17000000,1911.10000000,7118.79920000,2026-08-04T23:16:05.143923+00:00
ETHUSDT,2026-07-29T03:59:59.999000+00:00,1911.11000000,1913.04000000,1891.17000000,1892.70000000,9925.20360000,2026-08-04T23:16:05.143960+00:00
ETHUSDT,2026-07-29T04:59:59.999000+00:00,1892.70000000,1906.43000000,1884.51000000,1905.52000000,14039.28850000,2026-08-04T23:16:05.143997+00:00
ETHUSDT,2026-07-29T05:59:59.999000+00:00,1905.52000000,1914.99000000,1903.53000000,1912.54000000,6767.14370000,2026-08-04T23:16:05.144034+00:00
ETHUSDT,2026-07-29T06:59:59.999000+00:00,1912.53000000,1921.71000000,1908.89000000,1920.18000000,8086.86350000,2026-08-04T23:16:05.144071+00:00
ETHUSDT,2026-07-29T07:59:59.999000+00:00,1920.19000000,1925.68000000,1914.10000000,1924.71000000,10093.03800000,2026-08-04T23:16:05.144109+00:00
ETHUSDT,2026-07-29T08:59:59.999000+00:00,1924.71000000,1925.35000000,1912.11000000,1915.08000000,6863.44000000,2026-08-04T23:16:05.144146+00:00
ETHUSDT,2026-07-29T09:59:59.999000+00:00,1915.08000000,1924.73000000,1914.94000000,1922.31000000,8027.99760000,2026-08-04T23:16:05.144183+00:00
ETHUSDT,2026-07-29T10:59:59.999000+00:00,1922.31000000,1922.58000000,1910.00000000,1912.16000000,9505.43100000,2026-08-04T23:16:05.144221+00:00
ETHUSDT,2026-07-29T11:59:59.999000+00:00,1912.16000000,1917.07000000,1910.35000000,1915.26000000,5128.91070000,2026-08-04T23:16:05.144258+00:00
ETHUSDT,2026-07-29T12:59:59.999000+00:00,1915.26000000,1915.27000000,1902.30000000,1905.23000000,10435.50740000,2026-08-04T23:16:05.144295+00:00
ETHUSDT,2026-07-29T13:59:59.999000+00:00,1905.23000000,1911.67000000,1895.59000000,1909.24000000,16853.34850000,2026-08-04T23:16:05.144332+00:00
ETHUSDT,2026-07-29T14:59:59.999000+00:00,1909.24000000,1911.46000000,1891.39000000,1895.23000000,19095.00940000,2026-08-04T23:16:05.144369+00:00
ETHUSDT,2026-07-29T15:59:59.999000+00:00,1895.23000000,1898.84000000,1887.31000000,1892.11000000,16820.41550000,2026-08-04T23:16:05.144406+00:00
ETHUSDT,2026-07-29T16:59:59.999000+00:00,1892.11000000,1899.50000000,1887.75000000,1895.40000000,10335.00270000,2026-08-04T23:16:05.144465+00:00
ETHUSDT,2026-07-29T17:59:59.999000+00:00,1895.40000000,1917.29000000,1894.51000000,1916.16000000,12310.87420000,2026-08-04T23:16:05.144502+00:00
ETHUSDT,2026-07-29T18:59:59.999000+00:00,1916.15000000,1935.68000000,1894.22000000,1920.55000000,37572.39340000,2026-08-04T23:16:05.144540+00:00
ETHUSDT,2026-07-29T19:59:59.999000+00:00,1920.56000000,1922.74000000,1883.70000000,1888.56000000,24739.42930000,2026-08-04T23:16:05.144577+00:00
ETHUSDT,2026-07-29T20:59:59.999000+00:00,1888.57000000,1891.99000000,1878.14000000,1884.15000000,16727.90890000,2026-08-04T23:16:05.144614+00:00
ETHUSDT,2026-07-29T21:59:59.999000+00:00,1884.16000000,1898.39000000,1872.00000000,1898.38000000,13782.38960000,2026-08-04T23:16:05.144651+00:00
ETHUSDT,2026-07-29T22:59:59.999000+00:00,1898.39000000,1911.61000000,1898.28000000,1907.18000000,9723.74960000,2026-08-04T23:16:05.144688+00:00
ETHUSDT,2026-07-29T23:59:59.999000+00:00,1907.18000000,1913.17000000,1902.68000000,1910.72000000,7939.84050000,2026-08-04T23:16:05.144725+00:00
ETHUSDT,2026-07-30T00:59:59.999000+00:00,1910.72000000,1914.81000000,1893.99000000,1898.22000000,7739.57370000,2026-08-04T23:16:05.144762+00:00
ETHUSDT,2026-07-30T01:59:59.999000+00:00,1898.22000000,1921.92000000,1897.49000000,1916.77000000,12720.65060000,2026-08-04T23:16:05.144799+00:00
ETHUSDT,2026-07-30T02:59:59.999000+00:00,1916.77000000,1920.00000000,1910.29000000,1911.11000000,7594.28300000,2026-08-04T23:16:05.144836+00:00
ETHUSDT,2026-07-30T03:59:59.999000+00:00,1911.12000000,1915.30000000,1907.65000000,1909.99000000,4747.09820000,2026-08-04T23:16:05.144873+00:00
ETHUSDT,2026-07-30T04:59:59.999000+00:00,1910.00000000,1910.93000000,1901.87000000,1901.99000000,9789.74560000,2026-08-04T23:16:05.144911+00:00
ETHUSDT,2026-07-30T05:59:59.999000+00:00,1902.00000000,1909.67000000,1900.18000000,1906.34000000,6499.91850000,2026-08-04T23:16:05.144948+00:00
ETHUSDT,2026-07-30T06:59:59.999000+00:00,1906.34000000,1906.95000000,1899.59000000,1901.32000000,4978.14870000,2026-08-04T23:16:05.144985+00:00
ETHUSDT,2026-07-30T07:59:59.999000+00:00,1901.33000000,1908.12000000,1900.43000000,1903.25000000,7853.25200000,2026-08-04T23:16:05.145022+00:00
ETHUSDT,2026-07-30T08:59:59.999000+00:00,1903.26000000,1917.95000000,1900.51000000,1914.99000000,9068.47090000,2026-08-04T23:16:05.145059+00:00
ETHUSDT,2026-07-30T09:59:59.999000+00:00,1914.99000000,1924.25000000,1914.06000000,1918.16000000,9956.91970000,2026-08-04T23:16:05.145096+00:00
ETHUSDT,2026-07-30T10:59:59.999000+00:00,1918.15000000,1921.90000000,1916.70000000,1918.26000000,4999.18330000,2026-08-04T23:16:05.145133+00:00
ETHUSDT,2026-07-30T11:59:59.999000+00:00,1918.27000000,1926.44000000,1916.70000000,1923.22000000,4846.65660000,2026-08-04T23:16:05.145170+00:00
ETHUSDT,2026-07-30T12:59:59.999000+00:00,1923.25000000,1928.00000000,1919.79000000,1925.23000000,6901.92580000,2026-08-04T23:16:05.145207+00:00
ETHUSDT,2026-07-30T13:59:59.999000+00:00,1925.24000000,1936.99000000,1917.15000000,1929.86000000,12236.73040000,2026-08-04T23:16:05.145244+00:00
ETHUSDT,2026-07-30T14:59:59.999000+00:00,1929.86000000,1930.20000000,1913.49000000,1917.40000000,15517.41340000,2026-08-04T23:16:05.145281+00:00
ETHUSDT,2026-07-30T15:59:59.999000+00:00,1917.41000000,1924.16000000,1914.67000000,1918.90000000,7141.67160000,2026-08-04T23:16:05.145318+00:00
ETHUSDT,2026-07-30T16:59:59.999000+00:00,1918.90000000,1925.98000000,1915.97000000,1919.38000000,5548.85420000,2026-08-04T23:16:05.145355+00:00
ETHUSDT,2026-07-30T17:59:59.999000+00:00,1919.37000000,1925.40000000,1916.28000000,1920.88000000,6281.46980000,2026-08-04T23:16:05.145392+00:00
ETHUSDT,2026-07-30T18:59:59.999000+00:00,1920.88000000,1922.73000000,1914.81000000,1916.29000000,3955.18230000,2026-08-04T23:16:05.145429+00:00
ETHUSDT,2026-07-30T19:59:59.999000+00:00,1916.30000000,1929.34000000,1916.00000000,1923.68000000,6300.45530000,2026-08-04T23:16:05.145472+00:00
ETHUSDT,2026-07-30T20:59:59.999000+00:00,1923.69000000,1927.40000000,1920.00000000,1921.68000000,4077.98520000,2026-08-04T23:16:05.145528+00:00
ETHUSDT,2026-07-30T21:59:59.999000+00:00,1921.69000000,1924.56000000,1917.23000000,1918.67000000,2954.97790000,2026-08-04T23:16:05.145566+00:00
ETHUSDT,2026-07-30T22:59:59.999000+00:00,1918.66000000,1933.41000000,1916.00000000,1925.63000000,6105.42280000,2026-08-04T23:16:05.145603+00:00
ETHUSDT,2026-07-30T23:59:59.999000+00:00,1925.62000000,1936.79000000,1918.07000000,1918.31000000,8715.69230000,2026-08-04T23:16:05.145641+00:00
ETHUSDT,2026-07-31T00:59:59.999000+00:00,1918.32000000,1922.09000000,1915.02000000,1917.15000000,7565.32090000,2026-08-04T23:16:05.145678+00:00
ETHUSDT,2026-07-31T01:59:59.999000+00:00,1917.15000000,1936.15000000,1906.79000000,1910.36000000,16082.18790000,2026-08-04T23:16:05.145715+00:00
ETHUSDT,2026-07-31T02:59:59.999000+00:00,1910.35000000,1912.00000000,1901.60000000,1904.15000000,6723.69320000,2026-08-04T23:16:05.145752+00:00
ETHUSDT,2026-07-31T03:59:59.999000+00:00,1904.15000000,1911.60000000,1899.09000000,1908.90000000,8585.88260000,2026-08-04T23:16:05.145789+00:00
ETHUSDT,2026-07-31T04:59:59.999000+00:00,1908.90000000,1909.49000000,1903.24000000,1905.96000000,3562.04320000,2026-08-04T23:16:05.145826+00:00
ETHUSDT,2026-07-31T05:59:59.999000+00:00,1905.97000000,1909.10000000,1901.49000000,1906.13000000,3830.96340000,2026-08-04T23:16:05.145863+00:00
ETHUSDT,2026-07-31T06:59:59.999000+00:00,1906.14000000,1911.16000000,1900.30000000,1902.61000000,4344.43450000,2026-08-04T23:16:05.145900+00:00
ETHUSDT,2026-07-31T07:59:59.999000+00:00,1902.60000000,1902.78000000,1884.53000000,1890.20000000,16831.51140000,2026-08-04T23:16:05.145937+00:00
ETHUSDT,2026-07-31T08:59:59.999000+00:00,1890.20000000,1893.33000000,1888.22000000,1890.45000000,9163.76080000,2026-08-04T23:16:05.145974+00:00
ETHUSDT,2026-07-31T09:59:59.999000+00:00,1890.45000000,1891.26000000,1881.42000000,1883.74000000,10359.24770000,2026-08-04T23:16:05.146011+00:00
ETHUSDT,2026-07-31T10:59:59.999000+00:00,1883.73000000,1890.16000000,1877.93000000,1887.12000000,6960.12990000,2026-08-04T23:16:05.146048+00:00
ETHUSDT,2026-07-31T11:59:59.999000+00:00,1887.12000000,1889.83000000,1882.49000000,1884.26000000,9120.41360000,2026-08-04T23:16:05.146085+00:00
ETHUSDT,2026-07-31T12:59:59.999000+00:00,1884.27000000,1884.82000000,1873.61000000,1882.92000000,11994.96950000,2026-08-04T23:16:05.146122+00:00
ETHUSDT,2026-07-31T13:59:59.999000+00:00,1882.93000000,1890.61000000,1865.00000000,1867.12000000,17383.30010000,2026-08-04T23:16:05.146162+00:00
ETHUSDT,2026-07-31T14:59:59.999000+00:00,1867.13000000,1870.29000000,1848.70000000,1860.19000000,45592.39770000,2026-08-04T23:16:05.146202+00:00
ETHUSDT,2026-07-31T15:59:59.999000+00:00,1860.20000000,1866.53000000,1854.77000000,1862.94000000,15413.44630000,2026-08-04T23:16:05.146239+00:00
ETHUSDT,2026-07-31T16:59:59.999000+00:00,1862.93000000,1867.32000000,1860.83000000,1864.57000000,10901.03910000,2026-08-04T23:16:05.146276+00:00
ETHUSDT,2026-07-31T17:59:59.999000+00:00,1864.57000000,1878.14000000,1863.26000000,1875.01000000,9319.64140000,2026-08-04T23:16:05.146313+00:00
ETHUSDT,2026-07-31T18:59:59.999000+00:00,1875.01000000,1876.74000000,1864.95000000,1871.83000000,4001.66270000,2026-08-04T23:16:05.146350+00:00
ETHUSDT,2026-07-31T19:59:59.999000+00:00,1871.82000000,1874.04000000,1865.38000000,1868.19000000,6567.60970000,2026-08-04T23:16:05.146387+00:00
ETHUSDT,2026-07-31T20:59:59.999000+00:00,1868.19000000,1870.73000000,1861.60000000,1862.25000000,5039.95440000,2026-08-04T23:16:05.146424+00:00
ETHUSDT,2026-07-31T21:59:59.999000+00:00,1862.25000000,1864.83000000,1859.64000000,1861.81000000,4404.16470000,2026-08-04T23:16:05.146461+00:00
ETHUSDT,2026-07-31T22:59:59.999000+00:00,1861.81000000,1865.56000000,1858.80000000,1861.49000000,6218.89520000,2026-08-04T23:16:05.146498+00:00
ETHUSDT,2026-07-31T23:59:59.999000+00:00,1861.49000000,1864.77000000,1860.95000000,1862.60000000,2938.11660000,2026-08-04T23:16:05.146535+00:00
ETHUSDT,2026-08-01T00:59:59.999000+00:00,1862.60000000,1867.64000000,1862.38000000,1864.70000000,4320.59220000,2026-08-04T23:16:05.146572+00:00
ETHUSDT,2026-08-01T01:59:59.999000+00:00,1864.69000000,1867.51000000,1864.69000000,1867.03000000,2874.57580000,2026-08-04T23:16:05.146628+00:00
ETHUSDT,2026-08-01T02:59:59.999000+00:00,1867.03000000,1870.00000000,1866.74000000,1868.25000000,1629.94060000,2026-08-04T23:16:05.146670+00:00
ETHUSDT,2026-08-01T03:59:59.999000+00:00,1868.25000000,1869.89000000,1866.47000000,1869.88000000,1797.94060000,2026-08-04T23:16:05.146711+00:00
ETHUSDT,2026-08-01T04:59:59.999000+00:00,1869.88000000,1870.53000000,1867.13000000,1869.76000000,1890.54880000,2026-08-04T23:16:05.146750+00:00
ETHUSDT,2026-08-01T05:59:59.999000+00:00,1869.76000000,1871.05000000,1865.34000000,1867.59000000,2681.18960000,2026-08-04T23:16:05.146792+00:00
ETHUSDT,2026-08-01T06:59:59.999000+00:00,1867.58000000,1871.21000000,1866.46000000,1870.50000000,2375.60400000,2026-08-04T23:16:05.146831+00:00
ETHUSDT,2026-08-01T07:59:59.999000+00:00,1870.50000000,1871.98000000,1868.49000000,1869.80000000,2112.78990000,2026-08-04T23:16:05.146870+00:00
ETHUSDT,2026-08-01T08:59:59.999000+00:00,1869.81000000,1870.28000000,1867.60000000,1869.49000000,1883.94800000,2026-08-04T23:16:05.146909+00:00
ETHUSDT,2026-08-01T09:59:59.999000+00:00,1869.50000000,1870.74000000,1867.59000000,1867.93000000,2411.82890000,2026-08-04T23:16:05.146949+00:00
ETHUSDT,2026-08-01T10:59:59.999000+00:00,1867.94000000,1869.11000000,1863.10000000,1867.35000000,7323.61470000,2026-08-04T23:16:05.146989+00:00
ETHUSDT,2026-08-01T11:59:59.999000+00:00,1867.36000000,1867.77000000,1865.79000000,1866.90000000,5035.63510000,2026-08-04T23:16:05.147030+00:00
ETHUSDT,2026-08-01T12:59:59.999000+00:00,1866.90000000,1870.00000000,1866.89000000,1869.06000000,2013.37820000,2026-08-04T23:16:05.147069+00:00
ETHUSDT,2026-08-01T13:59:59.999000+00:00,1869.07000000,1869.60000000,1867.54000000,1869.28000000,1883.48120000,2026-08-04T23:16:05.147110+00:00
ETHUSDT,2026-08-01T14:59:59.999000+00:00,1869.29000000,1875.33000000,1869.25000000,1875.18000000,4139.18140000,2026-08-04T23:16:05.147150+00:00
ETHUSDT,2026-08-01T15:59:59.999000+00:00,1875.18000000,1875.45000000,1870.07000000,1870.09000000,3029.88050000,2026-08-04T23:16:05.147190+00:00
ETHUSDT,2026-08-01T16:59:59.999000+00:00,1870.10000000,1873.60000000,1866.47000000,1868.79000000,2510.60590000,2026-08-04T23:16:05.147230+00:00
ETHUSDT,2026-08-01T17:59:59.999000+00:00,1868.79000000,1870.25000000,1857.41000000,1862.07000000,4950.83850000,2026-08-04T23:16:05.147270+00:00
ETHUSDT,2026-08-01T18:59:59.999000+00:00,1862.06000000,1863.03000000,1822.06000000,1836.81000000,30668.78090000,2026-08-04T23:16:05.147310+00:00
ETHUSDT,2026-08-01T19:59:59.999000+00:00,1836.80000000,1840.58000000,1834.20000000,1837.30000000,6052.42540000,2026-08-04T23:16:05.147350+00:00
ETHUSDT,2026-08-01T20:59:59.999000+00:00,1837.29000000,1840.48000000,1833.07000000,1838.41000000,5521.29180000,2026-08-04T23:16:05.147391+00:00
ETHUSDT,2026-08-01T21:59:59.999000+00:00,1838.41000000,1845.96000000,1836.61000000,1845.78000000,5894.90770000,2026-08-04T23:16:05.147429+00:00
ETHUSDT,2026-08-01T22:59:59.999000+00:00,1845.79000000,1849.26000000,1844.76000000,1847.28000000,2856.17860000,2026-08-04T23:16:05.147468+00:00
ETHUSDT,2026-08-01T23:59:59.999000+00:00,1847.28000000,1849.10000000,1843.39000000,1844.94000000,3027.82950000,2026-08-04T23:16:05.147507+00:00
ETHUSDT,2026-08-02T00:59:59.999000+00:00,1844.95000000,1849.70000000,1843.67000000,1846.69000000,4031.20870000,2026-08-04T23:16:05.147545+00:00
ETHUSDT,2026-08-02T01:59:59.999000+00:00,1846.69000000,1859.41000000,1846.69000000,1857.09000000,7392.10310000,2026-08-04T23:16:05.147584+00:00
ETHUSDT,2026-08-02T02:59:59.999000+00:00,1857.09000000,1884.69000000,1856.51000000,1876.90000000,17693.75960000,2026-08-04T23:16:05.147623+00:00
ETHUSDT,2026-08-02T03:59:59.999000+00:00,1876.90000000,1880.54000000,1874.32000000,1877.43000000,4976.34280000,2026-08-04T23:16:05.147662+00:00
ETHUSDT,2026-08-02T04:59:59.999000+00:00,1877.44000000,1882.67000000,1877.44000000,1881.22000000,4678.13170000,2026-08-04T23:16:05.147701+00:00
ETHUSDT,2026-08-02T05:59:59.999000+00:00,1881.21000000,1882.68000000,1875.26000000,1876.33000000,4198.76770000,2026-08-04T23:16:05.147758+00:00
ETHUSDT,2026-08-02T06:59:59.999000+00:00,1876.32000000,1879.33000000,1875.00000000,1877.54000000,3148.45840000,2026-08-04T23:16:05.147799+00:00
ETHUSDT,2026-08-02T07:59:59.999000+00:00,1877.54000000,1878.78000000,1875.67000000,1876.10000000,2714.39670000,2026-08-04T23:16:05.147839+00:00
ETHUSDT,2026-08-02T08:59:59.999000+00:00,1876.10000000,1879.00000000,1867.04000000,1868.20000000,5044.73120000,2026-08-04T23:16:05.147880+00:00
ETHUSDT,2026-08-02T09:59:59.999000+00:00,1868.19000000,1872.97000000,1862.30000000,1870.95000000,3014.65380000,2026-08-04T23:16:05.147921+00:00
ETHUSDT,2026-08-02T10:59:59.999000+00:00,1870.94000000,1871.13000000,1865.63000000,1868.75000000,1753.02720000,2026-08-04T23:16:05.147962+00:00
ETHUSDT,2026-08-02T11:59:59.999000+00:00,1868.76000000,1869.74000000,1849.50000000,1852.58000000,8195.86410000,2026-08-04T23:16:05.148002+00:00
ETHUSDT,2026-08-02T12:59:59.999000+00:00,1852.65000000,1860.58000000,1852.46000000,1857.06000000,3764.41640000,2026-08-04T23:16:05.148042+00:00
ETHUSDT,2026-08-02T13:59:59.999000+00:00,1857.07000000,1858.05000000,1852.41000000,1854.89000000,2230.66750000,2026-08-04T23:16:05.148085+00:00
ETHUSDT,2026-08-02T14:59:59.999000+00:00,1854.88000000,1859.27000000,1852.42000000,1854.94000000,2752.81670000,2026-08-04T23:16:05.148125+00:00
ETHUSDT,2026-08-02T15:59:59.999000+00:00,1854.95000000,1863.05000000,1853.81000000,1858.82000000,2831.04970000,2026-08-04T23:16:05.148167+00:00
ETHUSDT,2026-08-02T16:59:59.999000+00:00,1858.82000000,1865.70000000,1856.03000000,1863.13000000,2850.25100000,2026-08-04T23:16:05.148208+00:00
ETHUSDT,2026-08-02T17:59:59.999000+00:00,1863.13000000,1870.57000000,1862.40000000,1868.65000000,3299.47410000,2026-08-04T23:16:05.148249+00:00
ETHUSDT,2026-08-02T18:59:59.999000+00:00,1868.64000000,1887.20000000,1868.49000000,1875.86000000,10697.25430000,2026-08-04T23:16:05.148289+00:00
ETHUSDT,2026-08-02T19:59:59.999000+00:00,1875.86000000,1883.93000000,1874.80000000,1882.20000000,4040.81190000,2026-08-04T23:16:05.148330+00:00
ETHUSDT,2026-08-02T20:59:59.999000+00:00,1882.20000000,1885.71000000,1879.61000000,1883.78000000,3060.42890000,2026-08-04T23:16:05.148370+00:00
ETHUSDT,2026-08-02T21:59:59.999000+00:00,1883.79000000,1898.50000000,1882.15000000,1890.43000000,8410.48180000,2026-08-04T23:16:05.148411+00:00
ETHUSDT,2026-08-02T22:59:59.999000+00:00,1890.44000000,1897.80000000,1880.50000000,1882.11000000,9510.33730000,2026-08-04T23:16:05.148451+00:00
ETHUSDT,2026-08-02T23:59:59.999000+00:00,1882.10000000,1885.68000000,1876.39000000,1885.36000000,3365.62860000,2026-08-04T23:16:05.148492+00:00
ETHUSDT,2026-08-03T00:59:59.999000+00:00,1885.36000000,1885.95000000,1871.68000000,1873.87000000,4671.49070000,2026-08-04T23:16:05.148534+00:00
ETHUSDT,2026-08-03T01:59:59.999000+00:00,1873.86000000,1875.52000000,1866.00000000,1867.19000000,4120.46840000,2026-08-04T23:16:05.148575+00:00
ETHUSDT,2026-08-03T02:59:59.999000+00:00,1867.19000000,1872.00000000,1862.90000000,1864.51000000,4058.06050000,2026-08-04T23:16:05.148617+00:00
ETHUSDT,2026-08-03T03:59:59.999000+00:00,1864.51000000,1865.71000000,1851.05000000,1857.22000000,5297.84040000,2026-08-04T23:16:05.148659+00:00
ETHUSDT,2026-08-03T04:59:59.999000+00:00,1857.21000000,1863.14000000,1854.81000000,1854.97000000,3716.61990000,2026-08-04T23:16:05.148699+00:00
ETHUSDT,2026-08-03T05:59:59.999000+00:00,1854.97000000,1860.91000000,1853.55000000,1859.88000000,4111.39520000,2026-08-04T23:16:05.148740+00:00
ETHUSDT,2026-08-03T06:59:59.999000+00:00,1859.88000000,1861.11000000,1846.38000000,1849.28000000,7050.06200000,2026-08-04T23:16:05.148781+00:00
ETHUSDT,2026-08-03T07:59:59.999000+00:00,1849.29000000,1849.94000000,1840.00000000,1843.97000000,12612.23200000,2026-08-04T23:16:05.148821+00:00
ETHUSDT,2026-08-03T08:59:59.999000+00:00,1843.96000000,1845.57000000,1828.62000000,1840.32000000,15329.10920000,2026-08-04T23:16:05.148862+00:00
ETHUSDT,2026-08-03T09:59:59.999000+00:00,1840.32000000,1853.91000000,1839.35000000,1852.63000000,8512.85960000,2026-08-04T23:16:05.148902+00:00
ETHUSDT,2026-08-03T10:59:59.999000+00:00,1852.62000000,1854.46000000,1841.55000000,1846.24000000,7708.79260000,2026-08-04T23:16:05.148963+00:00
ETHUSDT,2026-08-03T11:59:59.999000+00:00,1846.24000000,1847.88000000,1838.48000000,1839.89000000,4323.40950000,2026-08-04T23:16:05.149001+00:00
ETHUSDT,2026-08-03T12:59:59.999000+00:00,1839.88000000,1845.38000000,1836.75000000,1843.70000000,5012.54950000,2026-08-04T23:16:05.149038+00:00
ETHUSDT,2026-08-03T13:59:59.999000+00:00,1843.69000000,1860.24000000,1838.42000000,1859.18000000,13330.20370000,2026-08-04T23:16:05.149076+00:00
ETHUSDT,2026-08-03T14:59:59.999000+00:00,1859.18000000,1874.35000000,1851.34000000,1873.79000000,21006.52460000,2026-08-04T23:16:05.149113+00:00
ETHUSDT,2026-08-03T15:59:59.999000+00:00,1873.79000000,1874.08000000,1860.43000000,1863.34000000,10839.81820000,2026-08-04T23:16:05.149151+00:00
ETHUSDT,2026-08-03T16:59:59.999000+00:00,1863.34000000,1872.22000000,1861.68000000,1866.22000000,6771.24570000,2026-08-04T23:16:05.149189+00:00
ETHUSDT,2026-08-03T17:59:59.999000+00:00,1866.22000000,1874.93000000,1863.64000000,1868.84000000,5795.35620000,2026-08-04T23:16:05.149226+00:00
ETHUSDT,2026-08-03T18:59:59.999000+00:00,1868.85000000,1874.00000000,1866.72000000,1868.96000000,4466.28200000,2026-08-04T23:16:05.149264+00:00
ETHUSDT,2026-08-03T19:59:59.999000+00:00,1868.96000000,1876.50000000,1868.20000000,1870.20000000,5831.24050000,2026-08-04T23:16:05.149301+00:00
ETHUSDT,2026-08-03T20:59:59.999000+00:00,1870.20000000,1875.99000000,1866.61000000,1868.97000000,7347.36910000,2026-08-04T23:16:05.149338+00:00
ETHUSDT,2026-08-03T21:59:59.999000+00:00,1868.97000000,1869.15000000,1863.57000000,1863.60000000,4725.16510000,2026-08-04T23:16:05.149375+00:00
ETHUSDT,2026-08-03T22:59:59.999000+00:00,1863.60000000,1866.12000000,1852.45000000,1860.40000000,6401.30770000,2026-08-04T23:16:05.149412+00:00
ETHUSDT,2026-08-03T23:59:59.999000+00:00,1860.39000000,1860.50000000,1856.22000000,1860.50000000,2567.60760000,2026-08-04T23:16:05.149450+00:00
ETHUSDT,2026-08-04T00:59:59.999000+00:00,1860.50000000,1863.12000000,1848.38000000,1851.30000000,10087.43700000,2026-08-04T23:16:05.149489+00:00
ETHUSDT,2026-08-04T01:59:59.999000+00:00,1851.30000000,1869.72000000,1849.12000000,1867.64000000,9043.60290000,2026-08-04T23:16:05.149527+00:00
ETHUSDT,2026-08-04T02:59:59.999000+00:00,1867.64000000,1872.50000000,1862.09000000,1866.17000000,5344.81340000,2026-08-04T23:16:05.149565+00:00
ETHUSDT,2026-08-04T03:59:59.999000+00:00,1866.17000000,1866.96000000,1858.38000000,1864.19000000,4382.46690000,2026-08-04T23:16:05.149602+00:00
ETHUSDT,2026-08-04T04:59:59.999000+00:00,1864.20000000,1874.71000000,1862.09000000,1868.01000000,6131.05730000,2026-08-04T23:16:05.149639+00:00
ETHUSDT,2026-08-04T05:59:59.999000+00:00,1868.00000000,1870.54000000,1864.28000000,1864.42000000,3298.80710000,2026-08-04T23:16:05.149676+00:00
ETHUSDT,2026-08-04T06:59:59.999000+00:00,1864.42000000,1882.44000000,1854.65000000,1856.96000000,15678.00580000,2026-08-04T23:16:05.149713+00:00
ETHUSDT,2026-08-04T07:59:59.999000+00:00,1856.96000000,1864.98000000,1853.54000000,1863.87000000,7711.02010000,2026-08-04T23:16:05.149750+00:00
ETHUSDT,2026-08-04T08:59:59.999000+00:00,1863.88000000,1865.88000000,1856.96000000,1857.89000000,4180.90940000,2026-08-04T23:16:05.149788+00:00
ETHUSDT,2026-08-04T09:59:59.999000+00:00,1857.88000000,1858.83000000,1853.48000000,1858.71000000,5488.82720000,2026-08-04T23:16:05.149828+00:00
ETHUSDT,2026-08-04T10:59:59.999000+00:00,1858.71000000,1873.03000000,1854.11000000,1866.94000000,8858.65660000,2026-08-04T23:16:05.149866+00:00
ETHUSDT,2026-08-04T11:59:59.999000+00:00,1866.95000000,1874.78000000,1866.18000000,1872.89000000,6980.93970000,2026-08-04T23:16:05.149903+00:00
ETHUSDT,2026-08-04T12:59:59.999000+00:00,1872.88000000,1882.00000000,1868.09000000,1875.11000000,8155.32000000,2026-08-04T23:16:05.149940+00:00
ETHUSDT,2026-08-04T13:59:59.999000+00:00,1875.11000000,1877.63000000,1860.01000000,1862.06000000,14674.10470000,2026-08-04T23:16:05.149978+00:00
ETHUSDT,2026-08-04T14:59:59.999000+00:00,1862.06000000,1875.71000000,1858.72000000,1873.03000000,12625.04540000,2026-08-04T23:16:05.150034+00:00
ETHUSDT,2026-08-04T15:59:59.999000+00:00,1873.02000000,1877.85000000,1862.05000000,1873.07000000,9729.29620000,2026-08-04T23:16:05.150071+00:00
ETHUSDT,2026-08-04T16:59:59.999000+00:00,1873.08000000,1874.09000000,1865.65000000,1869.68000000,7985.34080000,2026-08-04T23:16:05.150109+00:00
ETHUSDT,2026-08-04T17:59:59.999000+00:00,1869.69000000,1877.88000000,1867.01000000,1869.53000000,12012.49400000,2026-08-04T23:16:05.150147+00:00
ETHUSDT,2026-08-04T18:59:59.999000+00:00,1869.54000000,1880.94000000,1869.30000000,1875.29000000,7528.93020000,2026-08-04T23:16:05.150184+00:00
ETHUSDT,2026-08-04T19:59:59.999000+00:00,1875.29000000,1881.81000000,1873.86000000,1875.26000000,8184.46530000,2026-08-04T23:16:05.150221+00:00
ETHUSDT,2026-08-04T20:59:59.999000+00:00,1875.26000000,1879.84000000,1866.17000000,1876.65000000,5884.95770000,2026-08-04T23:16:05.150259+00:00
ETHUSDT,2026-08-04T21:59:59.999000+00:00,1876.65000000,1876.65000000,1871.85000000,1872.32000000,2412.32420000,2026-08-04T23:16:05.150296+00:00
ETHUSDT,2026-08-04T22:59:59.999000+00:00,1872.32000000,1876.92000000,1868.48000000,1875.64000000,3303.52950000,2026-08-04T23:16:05.150333+00:00
ETHUSDT,2026-08-04T23:59:59.999000+00:00,1875.64000000,1879.37000000,1873.15000000,1879.36000000,1405.21590000,2026-08-04T23:16:05.150370+00:00
